2026-08-13 18:56:20.182 -05:00 [INF] [BalambGarden] [Probe] bed entity=40000FAA index=472 pos=<-540.0, 58.5, -598.0> dist=4.86y addr=231A5390010
2026-08-13 18:56:20.182 -05:00 [INF] [BalambGarden] [Probe]   +000: C0 91 49 7E F6 7F 00 00 73 68 2D 75 70 73 00 00 
2026-08-13 18:56:20.182 -05:00 [INF] [BalambGarden] [Probe]   +010: 00 00 00 00 00 00 00 00 00 00 00 00 00 00 00 00 
2026-08-13 18:56:20.182 -05:00 [INF] [BalambGarden] [Probe]   +020: 00 00 00 00 00 00 00 00 16 A9 00 00 00 00 00 00 
2026-08-13 18:56:20.182 -05:00 [INF] [BalambGarden] [Probe]   +030: EE 80 B4 00 6F 72 79 20 41 75 74 6F 6D 61 74 69 
2026-08-13 18:56:20.182 -05:00 [INF] [BalambGarden] [Probe]   +040: 63 20 44 6F 6F 72 00 70 73 00 00 00 00 00 00 3E 
2026-08-13 18:56:20.182 -05:00 [INF] [BalambGarden] [Probe]   +050: 00 01 00 00 00 00 00 03 C2 2F 00 00 01 75 00 00 
2026-08-13 18:56:20.182 -05:00 [INF] [BalambGarden] [Probe]   +060: 02 2F 16 AC 16 B5 00 00 00 00 00 00 00 00 00 00 
2026-08-13 18:56:20.182 -05:00 [INF] [BalambGarden] [Probe]   +070: 00 FD 1F 7A 8E 03 00 00 AA 0F 00 40 00 00 00 00 
2026-08-13 18:56:20.182 -05:00 [INF] [BalambGarden] [Probe]   +080: 0A 20 00 02 2D 93 1E 00 00 00 00 E0 D8 01 F9 00 
2026-08-13 18:56:20.182 -05:00 [INF] [BalambGarden] [Probe]   +090: 07 00 00 0F 00 0F 00 00 00 01 FB 21 07 30 00 00 
2026-08-13 18:56:20.182 -05:00 [INF] [BalambGarden] [Probe]   +0A0: 00 00 00 00 02 30 16 B2 00 00 16 B3 16 B3 16 B3 
2026-08-13 18:56:20.182 -05:00 [INF] [BalambGarden] [Probe]   +0B0: A5 02 07 C4 01 00 6A 42 A3 7E 15 C4 00 00 00 00 
2026-08-13 18:56:20.182 -05:00 [INF] [BalambGarden] [Probe]   +0C0: 00 00 49 B8 00 00 80 3F 00 00 80 3F 00 00 80 3F 
2026-08-13 18:56:20.182 -05:00 [INF] [BalambGarden] [Probe]   +0D0: 00 00 00 40 00 00 00 03 C1 69 00 00 00 00 00 00 
2026-08-13 18:56:20.182 -05:00 [INF] [BalambGarden] [Probe]   +0E0: 00 00 00 00 00 00 00 00 00 00 00 00 00 00 00 00 
2026-08-13 18:56:20.182 -05:00 [INF] [BalambGarden] [Probe]   +0F0: 00 00 00 00 00 00 00 00 00 00 07 00 00 00 43 6F 
2026-08-13 18:56:20.182 -05:00 [INF] [BalambGarden] [Probe]   +100: 00 00 00 00 00 00 00 00 E0 2F 5D 90 32 02 00 00 
2026-08-13 18:56:20.182 -05:00 [INF] [BalambGarden] [Probe]   +110: 00 00 00 00 00 00 00 03 00 00 00 00 00 00 00 00 
2026-08-13 18:56:20.182 -05:00 [INF] [BalambGarden] [Probe]   +120: 00 00 00 00 00 00 00 3F 00 00 00 00 00 00 00 00 
2026-08-13 18:56:20.182 -05:00 [INF] [BalambGarden] [Probe]   +130: 00 00 00 00 CD CC 4C 3E 00 00 00 00 00 00 00 00 
2026-08-13 18:56:20.182 -05:00 [INF] [BalambGarden] [Probe]   +140: BA FA 06 C4 66 66 6A 42 CD D8 15 C4 00 00 00 00 
2026-08-13 18:56:20.182 -05:00 [INF] [BalambGarden] [Probe]   +150: 00 00 00 00 C1 6B 00 00 00 B7 EB 6B 32 02 00 00 
2026-08-13 18:56:20.182 -05:00 [INF] [BalambGarden] [Probe]   +160: 60 CB 80 B3 31 02 00 00 00 00 00 00 00 00 00 00 
2026-08-13 18:56:20.182 -05:00 [INF] [BalambGarden] [Probe]   +170: 00 00 00 00 00 00 00 3F 00 00 00 00 00 00 00 00 
2026-08-13 18:56:20.182 -05:00 [INF] [BalambGarden] [Probe]   +180: 00 00 00 00 CD CC 4C 3E 00 00 00 00 00 00 00 00 
2026-08-13 18:56:20.182 -05:00 [INF] [BalambGarden] [Probe]   +190: C0 6C 00 00 00 00 00 00 02 34 18 48 00 00 18 48 
2026-08-13 18:56:20.182 -05:00 [INF] [BalambGarden] [Probe]   +1A0: 70 48 94 A5 31 02 00 00 00 00 00 00 00 00 00 00 
2026-08-13 18:56:20.182 -05:00 [INF] [BalambGarden] [Probe]   +1B0: 00 00 00 00 0A 20 00 02 01 00 00 00 00 00 00 36 
2026-08-13 18:56:20.182 -05:00 [INF] [BalambGarden] [Probe]   +1C0: 01 01 00 00 00 00 00 03 C2 31 00 00 01 77 00 00 
2026-08-13 18:56:20.182 -05:00 [INF] [BalambGarden] [Probe]   +1D0: 02 35 16 AE 16 AD 00 00 00 00 00 00 00 00 00 00 
2026-08-13 18:56:20.182 -05:00 [INF] [BalambGarden] [Probe]   +1E0: 2A FE 1F 86 1F 87 00 01 02 1D 10 00 00 00 41 74 
2026-08-13 18:56:20.182 -05:00 [INF] [BalambGarden] [Probe]   +1F0: 74 65 6E 74 69 6F 6E 00 00 00 00 36 00 01 00 00 
2026-08-13 18:56:20.182 -05:00 [INF] [BalambGarden] [Probe]   +200: 00 00 00 03 C2 32 00 00 01 78 00 00 02 36 16 B0 
2026-08-13 18:56:20.182 -05:00 [INF] [BalambGarden] [Probe]   +210: C0 91 49 7E F6 7F 00 00 00 00 00 00 2A FF 1F 88 
2026-08-13 18:56:20.182 -05:00 [INF] [BalambGarden] [Probe] bed entity=40000FAC index=474 pos=<-540.0, 58.5, -598.0> dist=4.86y addr=231A5390430
2026-08-13 18:56:20.182 -05:00 [INF] [BalambGarden] [Probe]   +000: C0 91 49 7E F6 7F 00 00 00 00 00 00 27 76 1F AC 
2026-08-13 18:56:20.182 -05:00 [INF] [BalambGarden] [Probe]   +010: 00 00 00 00 00 00 00 00 00 00 00 00 00 00 00 00 
2026-08-13 18:56:20.182 -05:00 [INF] [BalambGarden] [Probe]   +020: 00 00 00 00 00 00 00 00 00 01 00 00 00 00 00 03 
2026-08-13 18:56:20.182 -05:00 [INF] [BalambGarden] [Probe]   +030: EE 80 B4 00 69 72 65 00 02 40 18 6B 00 00 00 00 
2026-08-13 18:56:20.182 -05:00 [INF] [BalambGarden] [Probe]   +040: 00 00 00 00 00 00 00 00 2E E4 1F AE 1F AF 00 01 
2026-08-13 18:56:20.182 -05:00 [INF] [BalambGarden] [Probe]   +050: 02 00 10 00 00 00 55 6C 74 69 6D 61 00 00 00 00 
2026-08-13 18:56:20.182 -05:00 [INF] [BalambGarden] [Probe]   +060: 00 00 00 36 00 01 00 00 00 00 00 03 C2 44 00 00 
2026-08-13 18:56:20.182 -05:00 [INF] [BalambGarden] [Probe]   +070: 00 0D 00 00 90 03 00 00 AC 0F 00 40 00 00 00 00 
2026-08-13 18:56:20.182 -05:00 [INF] [BalambGarden] [Probe]   +080: 0A 20 00 00 2D 93 1E 00 00 00 00 E0 DA 01 F9 00 
2026-08-13 18:56:20.182 -05:00 [INF] [BalambGarden] [Probe]   +090: 07 00 00 0F 00 0F 00 00 00 01 FB 21 07 00 00 2E 
2026-08-13 18:56:20.182 -05:00 [INF] [BalambGarden] [Probe]   +0A0: 00 00 00 00 00 00 00 00 00 00 00 00 00 00 00 00 
2026-08-13 18:56:20.182 -05:00 [INF] [BalambGarden] [Probe]   +0B0: A5 02 07 C4 01 00 6A 42 A3 7E 15 C4 00 00 00 00 
2026-08-13 18:56:20.182 -05:00 [INF] [BalambGarden] [Probe]   +0C0: 00 00 49 B8 00 00 80 3F 00 00 80 3F 00 00 80 3F 
2026-08-13 18:56:20.182 -05:00 [INF] [BalambGarden] [Probe]   +0D0: 00 00 00 40 00 01 00 00 00 00 00 03 C2 45 00 00 
2026-08-13 18:56:20.182 -05:00 [INF] [BalambGarden] [Probe]   +0E0: 00 00 00 00 00 00 00 00 00 00 00 00 00 00 00 00 
2026-08-13 18:56:20.182 -05:00 [INF] [BalambGarden] [Probe]   +0F0: 00 00 00 00 00 00 00 00 00 00 00 01 01 00 12 00 
2026-08-13 18:56:20.182 -05:00 [INF] [BalambGarden] [Probe]   +100: 00 00 00 00 00 00 00 00 E0 13 5D 90 32 02 00 00 
2026-08-13 18:56:20.182 -05:00 [INF] [BalambGarden] [Probe]   +110: 00 00 00 00 00 00 00 03 00 00 00 00 00 00 00 00 
2026-08-13 18:56:20.182 -05:00 [INF] [BalambGarden] [Probe]   +120: 00 00 00 00 00 00 00 3F 00 00 00 00 00 00 00 00 
2026-08-13 18:56:20.182 -05:00 [INF] [BalambGarden] [Probe]   +130: 00 00 00 00 CD CC 4C 3E 00 00 00 00 00 00 00 00 
2026-08-13 18:56:20.182 -05:00 [INF] [BalambGarden] [Probe]   +140: CF 5C 07 C4 66 66 6A 42 8E 86 15 C4 00 00 00 00 
2026-08-13 18:56:20.182 -05:00 [INF] [BalambGarden] [Probe]   +150: 00 00 00 00 02 45 18 5D 20 C6 EB 6B 32 02 00 00 
2026-08-13 18:56:20.182 -05:00 [INF] [BalambGarden] [Probe]   +160: 60 CB 80 B3 31 02 00 00 00 00 00 00 00 00 00 00 
2026-08-13 18:56:20.182 -05:00 [INF] [BalambGarden] [Probe]   +170: 00 00 00 00 00 00 00 3F 00 00 00 00 00 00 00 00 
2026-08-13 18:56:20.182 -05:00 [INF] [BalambGarden] [Probe]   +180: 00 00 00 00 CD CC 4C 3E 00 00 00 00 00 00 00 00 
2026-08-13 18:56:20.182 -05:00 [INF] [BalambGarden] [Probe]   +190: 10 5E 00 00 00 00 00 00 00 00 00 00 2B 02 1F B6 
2026-08-13 18:56:20.182 -05:00 [INF] [BalambGarden] [Probe]   +1A0: 70 48 94 A5 31 02 00 00 00 00 00 00 00 00 00 00 
2026-08-13 18:56:20.182 -05:00 [INF] [BalambGarden] [Probe]   +1B0: 00 00 00 00 0A 20 00 00 01 00 00 00 00 00 00 03 
2026-08-13 18:56:20.182 -05:00 [INF] [BalambGarden] [Probe]   +1C0: 01 48 00 00 01 09 00 00 02 47 18 50 00 00 18 51 
2026-08-13 18:56:20.182 -05:00 [INF] [BalambGarden] [Probe]   +1D0: 18 51 18 51 00 00 00 00 17 77 1F B8 1F B9 00 01 
2026-08-13 18:56:20.182 -05:00 [INF] [BalambGarden] [Probe]   +1E0: 01 00 17 00 00 00 45 6C 75 63 69 64 61 74 65 00 
2026-08-13 18:56:20.182 -05:00 [INF] [BalambGarden] [Probe]   +1F0: 00 00 00 36 00 01 00 00 00 00 00 03 C1 71 00 01 
2026-08-13 18:56:20.182 -05:00 [INF] [BalambGarden] [Probe]   +200: 0C 04 00 00 02 48 18 75 00 00 18 75 18 75 18 75 
2026-08-13 18:56:20.182 -05:00 [INF] [BalambGarden] [Probe]   +210: B0 28 60 7E F6 7F 00 00 1F BB 00 01 03 00 07 00 
2026-08-13 18:56:20.182 -05:00 [INF] [BalambGarden] [Probe] bed entity=40000FAB index=473 pos=<-540.0, 58.5, -598.0> dist=4.86y addr=231A5390220
2026-08-13 18:56:20.182 -05:00 [INF] [BalambGarden] [Probe]   +000: C0 91 49 7E F6 7F 00 00 00 00 00 00 2A FF 1F 88 
2026-08-13 18:56:20.182 -05:00 [INF] [BalambGarden] [Probe]   +010: 00 00 00 00 00 00 00 00 00 00 00 00 00 00 00 00 
2026-08-13 18:56:20.182 -05:00 [INF] [BalambGarden] [Probe]   +020: 00 00 00 00 00 00 00 00 00 01 00 00 00 00 00 03 
2026-08-13 18:56:20.182 -05:00 [INF] [BalambGarden] [Probe]   +030: EE 80 B4 00 74 20 47 75 62 61 6C 20 46 6C 6F 6F 
2026-08-13 18:56:20.182 -05:00 [INF] [BalambGarden] [Probe]   +040: 72 20 4C 61 6D 70 00 00 2B 00 1F 8A 1F 8B 00 01 
2026-08-13 18:56:20.182 -05:00 [INF] [BalambGarden] [Probe]   +050: 02 1F 10 00 00 00 42 6F 78 00 00 00 00 00 00 3A 
2026-08-13 18:56:20.182 -05:00 [INF] [BalambGarden] [Probe]   +060: 00 01 00 00 00 00 00 03 C2 34 00 00 01 76 00 00 
2026-08-13 18:56:20.182 -05:00 [INF] [BalambGarden] [Probe]   +070: 00 38 18 4B 8F 03 00 00 AB 0F 00 40 00 00 00 00 
2026-08-13 18:56:20.182 -05:00 [INF] [BalambGarden] [Probe]   +080: 0A 20 00 01 2D 93 1E 00 00 00 00 E0 D9 01 F9 00 
2026-08-13 18:56:20.182 -05:00 [INF] [BalambGarden] [Probe]   +090: 07 00 00 0F 00 0F 00 00 00 01 FB 21 07 00 00 2E 
2026-08-13 18:56:20.182 -05:00 [INF] [BalambGarden] [Probe]   +0A0: 00 00 00 00 00 00 00 00 00 00 00 00 00 00 00 00 
2026-08-13 18:56:20.182 -05:00 [INF] [BalambGarden] [Probe]   +0B0: A5 02 07 C4 01 00 6A 42 A3 7E 15 C4 00 00 00 00 
2026-08-13 18:56:20.182 -05:00 [INF] [BalambGarden] [Probe]   +0C0: 00 00 49 B8 00 00 80 3F 00 00 80 3F 00 00 80 3F 
2026-08-13 18:56:20.182 -05:00 [INF] [BalambGarden] [Probe]   +0D0: 00 00 00 40 00 01 00 00 00 00 00 03 C2 3D 00 00 
2026-08-13 18:56:20.182 -05:00 [INF] [BalambGarden] [Probe]   +0E0: 00 00 00 00 00 00 00 00 00 00 00 00 00 00 00 00 
2026-08-13 18:56:20.182 -05:00 [INF] [BalambGarden] [Probe]   +0F0: 00 00 00 00 00 00 00 00 00 00 00 01 02 25 10 00 
2026-08-13 18:56:20.182 -05:00 [INF] [BalambGarden] [Probe]   +100: 00 00 00 00 00 00 00 00 E0 21 5D 90 32 02 00 00 
2026-08-13 18:56:20.182 -05:00 [INF] [BalambGarden] [Probe]   +110: 00 00 00 00 00 00 00 03 00 00 00 00 00 00 00 00 
2026-08-13 18:56:20.182 -05:00 [INF] [BalambGarden] [Probe]   +120: 00 00 00 00 00 00 00 3F 00 00 00 00 00 00 00 00 
2026-08-13 18:56:20.182 -05:00 [INF] [BalambGarden] [Probe]   +130: 00 00 00 00 CD CC 4C 3E 00 00 00 00 00 00 00 00 
2026-08-13 18:56:20.182 -05:00 [INF] [BalambGarden] [Probe]   +140: C4 2B 07 C4 66 66 6A 42 AE AF 15 C4 00 00 00 00 
2026-08-13 18:56:20.182 -05:00 [INF] [BalambGarden] [Probe]   +150: 00 00 00 00 C2 3F 00 00 B0 B7 EB 6B 32 02 00 00 
2026-08-13 18:56:20.182 -05:00 [INF] [BalambGarden] [Probe]   +160: 60 CB 80 B3 31 02 00 00 00 00 00 00 00 00 00 00 
2026-08-13 18:56:20.182 -05:00 [INF] [BalambGarden] [Probe]   +170: 00 00 00 00 00 00 00 3F 00 00 00 00 00 00 00 00 
2026-08-13 18:56:20.182 -05:00 [INF] [BalambGarden] [Probe]   +180: 00 00 00 00 CD CC 4C 3E 00 00 00 00 00 00 00 00 
2026-08-13 18:56:20.182 -05:00 [INF] [BalambGarden] [Probe]   +190: 00 CE 00 00 02 3D 18 4E 00 00 18 4F 18 4F 18 4F 
2026-08-13 18:56:20.182 -05:00 [INF] [BalambGarden] [Probe]   +1A0: 70 48 94 A5 31 02 00 00 00 00 00 00 00 00 00 00 
2026-08-13 18:56:20.182 -05:00 [INF] [BalambGarden] [Probe]   +1B0: 00 00 00 00 0A 20 00 01 01 00 00 00 00 00 00 36 
2026-08-13 18:56:20.182 -05:00 [INF] [BalambGarden] [Probe]   +1C0: 01 01 00 00 00 00 00 03 C2 41 00 00 01 04 00 00 
2026-08-13 18:56:20.182 -05:00 [INF] [BalambGarden] [Probe]   +1D0: 02 3E 18 72 18 71 00 00 00 00 00 00 00 00 00 00 
2026-08-13 18:56:20.182 -05:00 [INF] [BalambGarden] [Probe]   +1E0: 27 75 1F AA 1F AB 00 01 02 27 10 00 00 00 42 6F 
2026-08-13 18:56:20.182 -05:00 [INF] [BalambGarden] [Probe]   +1F0: 78 20 53 74 65 70 00 00 00 00 00 36 00 01 00 00 
2026-08-13 18:56:20.182 -05:00 [INF] [BalambGarden] [Probe]   +200: 00 00 00 03 C2 42 00 00 01 05 00 00 02 3F 18 74 
2026-08-13 18:56:20.182 -05:00 [INF] [BalambGarden] [Probe]   +210: C0 91 49 7E F6 7F 00 00 00 00 00 00 27 76 1F AC 
2026-08-13 18:56:20.182 -05:00 [INF] [BalambGarden] [Probe] bed entity=40000FA6 index=468 pos=<-540.0, 58.5, -598.0> dist=4.86y addr=231A538F7D0
2026-08-13 18:56:20.182 -05:00 [INF] [BalambGarden] [Probe]   +000: C0 91 49 7E F6 7F 00 00 00 FF 00 01 01 00 10 00 
2026-08-13 18:56:20.182 -05:00 [INF] [BalambGarden] [Probe]   +010: 00 00 00 00 00 00 00 00 00 00 00 00 00 00 00 00 
2026-08-13 18:56:20.182 -05:00 [INF] [BalambGarden] [Probe]   +020: 00 00 00 00 00 00 00 00 C2 10 00 00 01 35 00 00 
2026-08-13 18:56:20.182 -05:00 [INF] [BalambGarden] [Probe]   +030: EE 80 B4 00 6B 20 47 6C 61 64 65 20 50 61 72 74 
2026-08-13 18:56:20.182 -05:00 [INF] [BalambGarden] [Probe]   +040: 69 74 69 6F 6E 00 00 01 01 00 17 00 00 00 45 61 
2026-08-13 18:56:20.182 -05:00 [INF] [BalambGarden] [Probe]   +050: 73 74 65 72 6E 20 47 72 65 65 74 69 6E 67 00 00 
2026-08-13 18:56:20.182 -05:00 [INF] [BalambGarden] [Probe]   +060: 00 00 00 36 00 01 00 00 00 00 00 03 C2 11 00 00 
2026-08-13 18:56:20.182 -05:00 [INF] [BalambGarden] [Probe]   +070: 00 30 00 00 8A 03 00 00 A6 0F 00 40 00 00 00 00 
2026-08-13 18:56:20.182 -05:00 [INF] [BalambGarden] [Probe]   +080: 0A 20 00 06 2D 93 1E 00 00 00 00 E0 D4 01 F9 00 
2026-08-13 18:56:20.182 -05:00 [INF] [BalambGarden] [Probe]   +090: 07 00 00 0F 00 0F 00 00 00 01 FB 21 07 00 00 3A 
2026-08-13 18:56:20.182 -05:00 [INF] [BalambGarden] [Probe]   +0A0: 00 00 00 00 00 00 00 03 C2 12 00 01 09 16 00 00 
2026-08-13 18:56:20.182 -05:00 [INF] [BalambGarden] [Probe]   +0B0: A5 02 07 C4 01 00 6A 42 A3 7E 15 C4 00 00 00 00 
2026-08-13 18:56:20.182 -05:00 [INF] [BalambGarden] [Probe]   +0C0: 00 00 49 B8 00 00 80 3F 00 00 80 3F 00 00 80 3F 
2026-08-13 18:56:20.182 -05:00 [INF] [BalambGarden] [Probe]   +0D0: 00 00 00 40 20 44 61 6E 63 65 00 00 00 00 00 3A 
2026-08-13 18:56:20.182 -05:00 [INF] [BalambGarden] [Probe]   +0E0: 00 00 00 00 00 00 00 00 00 00 00 00 00 00 00 00 
2026-08-13 18:56:20.182 -05:00 [INF] [BalambGarden] [Probe]   +0F0: 00 00 00 00 00 00 00 00 00 00 12 B7 00 00 00 00 
2026-08-13 18:56:20.182 -05:00 [INF] [BalambGarden] [Probe]   +100: 00 00 00 00 00 00 00 00 60 25 5D 90 32 02 00 00 
2026-08-13 18:56:20.182 -05:00 [INF] [BalambGarden] [Probe]   +110: 00 00 00 00 65 66 61 6E 00 00 00 00 00 00 00 00 
2026-08-13 18:56:20.182 -05:00 [INF] [BalambGarden] [Probe]   +120: 00 00 00 00 00 00 00 3F 00 00 00 00 00 00 00 00 
2026-08-13 18:56:20.182 -05:00 [INF] [BalambGarden] [Probe]   +130: 00 00 00 00 CD CC 4C 3E 00 00 00 00 00 00 00 00 
2026-08-13 18:56:20.182 -05:00 [INF] [BalambGarden] [Probe]   +140: 90 0A 07 C4 66 66 6A 42 79 24 15 C4 00 00 00 00 
2026-08-13 18:56:20.182 -05:00 [INF] [BalambGarden] [Probe]   +150: 00 00 00 00 6E 20 53 74 10 B9 EB 6B 32 02 00 00 
2026-08-13 18:56:20.182 -05:00 [INF] [BalambGarden] [Probe]   +160: 60 CB 80 B3 31 02 00 00 00 00 00 00 00 00 00 00 
2026-08-13 18:56:20.182 -05:00 [INF] [BalambGarden] [Probe]   +170: 00 00 00 00 00 00 00 3F 00 00 00 00 00 00 00 00 
2026-08-13 18:56:20.182 -05:00 [INF] [BalambGarden] [Probe]   +180: 00 00 00 00 CD CC 4C 3E 00 00 00 00 00 00 00 00 
2026-08-13 18:56:20.182 -05:00 [INF] [BalambGarden] [Probe]   +190: 00 00 45 61 73 74 65 72 6E 20 44 61 6E 63 65 00 
2026-08-13 18:56:20.182 -05:00 [INF] [BalambGarden] [Probe]   +1A0: 70 48 94 A5 31 02 00 00 00 00 00 00 00 00 00 00 
2026-08-13 18:56:20.182 -05:00 [INF] [BalambGarden] [Probe]   +1B0: 00 00 00 00 0A 20 00 06 01 00 00 00 00 00 00 00 
2026-08-13 18:56:20.182 -05:00 [INF] [BalambGarden] [Probe]   +1C0: 01 00 00 00 27 1C 1F 48 1F 49 00 01 02 0F 10 00 
2026-08-13 18:56:20.182 -05:00 [INF] [BalambGarden] [Probe]   +1D0: D0 F7 38 A5 31 02 00 00 00 00 00 00 20 50 6F 73 
2026-08-13 18:56:20.182 -05:00 [INF] [BalambGarden] [Probe]   +1E0: 65 20 41 00 00 00 00 42 00 01 00 00 00 00 00 03 
2026-08-13 18:56:20.182 -05:00 [INF] [BalambGarden] [Probe]   +1F0: C2 17 00 00 01 3C 00 00 02 14 12 B5 12 B4 00 00 
2026-08-13 18:56:20.182 -05:00 [INF] [BalambGarden] [Probe]   +200: 00 00 00 00 00 00 00 00 27 1E 1F 4A 1F 4B 00 01 
2026-08-13 18:56:20.182 -05:00 [INF] [BalambGarden] [Probe]   +210: C0 91 49 7E F6 7F 00 00 61 63 6B 20 52 61 6E 67 
2026-08-13 18:56:20.182 -05:00 [INF] [BalambGarden] [Probe] bed entity=40000FA7 index=469 pos=<-540.0, 58.5, -598.0> dist=4.86y addr=231A538F9E0
2026-08-13 18:56:20.182 -05:00 [INF] [BalambGarden] [Probe]   +000: C0 91 49 7E F6 7F 00 00 61 63 6B 20 52 61 6E 67 
2026-08-13 18:56:20.182 -05:00 [INF] [BalambGarden] [Probe]   +010: 00 00 00 00 00 00 00 00 00 00 00 00 00 00 00 00 
2026-08-13 18:56:20.182 -05:00 [INF] [BalambGarden] [Probe]   +020: 00 00 00 00 00 00 00 00 C2 18 00 00 01 3D 00 00 
2026-08-13 18:56:20.182 -05:00 [INF] [BalambGarden] [Probe]   +030: EE 80 B4 00 6B 20 47 6C 61 64 65 20 50 61 72 74 
2026-08-13 18:56:20.182 -05:00 [INF] [BalambGarden] [Probe]   +040: 69 74 69 6F 6E 00 00 01 02 11 10 00 00 00 59 65 
2026-08-13 18:56:20.182 -05:00 [INF] [BalambGarden] [Probe]   +050: 6C 6C 6F 77 20 52 61 6E 67 65 72 20 50 6F 73 65 
2026-08-13 18:56:20.182 -05:00 [INF] [BalambGarden] [Probe]   +060: 20 41 00 00 00 00 00 3A 00 01 00 00 00 00 00 03 
2026-08-13 18:56:20.182 -05:00 [INF] [BalambGarden] [Probe]   +070: 00 66 00 00 8B 03 00 00 A7 0F 00 40 00 00 00 00 
2026-08-13 18:56:20.182 -05:00 [INF] [BalambGarden] [Probe]   +080: 0A 20 00 05 2D 93 1E 00 00 00 00 E0 D5 01 F9 00 
2026-08-13 18:56:20.182 -05:00 [INF] [BalambGarden] [Probe]   +090: 07 00 00 0F 00 0F 00 00 00 01 FB 21 07 68 67 68 
2026-08-13 18:56:20.182 -05:00 [INF] [BalambGarden] [Probe]   +0A0: 00 00 00 00 00 00 00 3E 00 01 00 00 00 00 00 03 
2026-08-13 18:56:20.182 -05:00 [INF] [BalambGarden] [Probe]   +0B0: A5 02 07 C4 01 00 6A 42 A3 7E 15 C4 00 00 00 00 
2026-08-13 18:56:20.182 -05:00 [INF] [BalambGarden] [Probe]   +0C0: 00 00 49 B8 00 00 80 3F 00 00 80 3F 00 00 80 3F 
2026-08-13 18:56:20.182 -05:00 [INF] [BalambGarden] [Probe]   +0D0: 00 00 00 40 00 00 52 65 64 20 52 61 6E 67 65 72 
2026-08-13 18:56:20.182 -05:00 [INF] [BalambGarden] [Probe]   +0E0: 00 00 00 00 00 00 00 00 00 00 00 00 00 00 00 00 
2026-08-13 18:56:20.182 -05:00 [INF] [BalambGarden] [Probe]   +0F0: 00 00 00 00 00 00 00 00 00 00 00 00 02 18 12 BD 
2026-08-13 18:56:20.182 -05:00 [INF] [BalambGarden] [Probe]   +100: 00 00 00 00 00 00 00 00 20 27 5D 90 32 02 00 00 
2026-08-13 18:56:20.182 -05:00 [INF] [BalambGarden] [Probe]   +110: 00 00 00 00 02 13 10 00 00 00 00 00 00 00 00 00 
2026-08-13 18:56:20.182 -05:00 [INF] [BalambGarden] [Probe]   +120: 00 00 00 00 00 00 00 3F 00 00 00 00 00 00 00 00 
2026-08-13 18:56:20.182 -05:00 [INF] [BalambGarden] [Probe]   +130: 00 00 00 00 CD CC 4C 3E 00 00 00 00 00 00 00 00 
2026-08-13 18:56:20.182 -05:00 [INF] [BalambGarden] [Probe]   +140: 86 D9 06 C4 66 66 6A 42 98 4D 15 C4 00 00 00 00 
2026-08-13 18:56:20.182 -05:00 [INF] [BalambGarden] [Probe]   +150: 00 00 00 00 27 21 1F 54 F0 D5 EB 6B 32 02 00 00 
2026-08-13 18:56:20.182 -05:00 [INF] [BalambGarden] [Probe]   +160: 60 CB 80 B3 31 02 00 00 00 00 00 00 00 00 00 00 
2026-08-13 18:56:20.182 -05:00 [INF] [BalambGarden] [Probe]   +170: 00 00 00 00 00 00 00 3F 00 00 00 00 00 00 00 00 
2026-08-13 18:56:20.182 -05:00 [INF] [BalambGarden] [Probe]   +180: 00 00 00 00 CD CC 4C 3E 00 00 00 00 00 00 00 00 
2026-08-13 18:56:20.182 -05:00 [INF] [BalambGarden] [Probe]   +190: 00 00 12 43 12 43 12 43 00 00 00 00 13 9D 1F 56 
2026-08-13 18:56:20.182 -05:00 [INF] [BalambGarden] [Probe]   +1A0: 70 48 94 A5 31 02 00 00 00 00 00 00 00 00 00 00 
2026-08-13 18:56:20.182 -05:00 [INF] [BalambGarden] [Probe]   +1B0: 00 00 00 00 0A 20 00 05 01 00 00 00 00 00 00 03 
2026-08-13 18:56:20.182 -05:00 [INF] [BalambGarden] [Probe]   +1C0: 01 1E 00 00 01 48 00 00 02 1B 12 C3 00 00 00 00 
2026-08-13 18:56:20.182 -05:00 [INF] [BalambGarden] [Probe]   +1D0: E0 F9 38 A5 31 02 00 00 00 00 00 00 1F 59 00 01 
2026-08-13 18:56:20.182 -05:00 [INF] [BalambGarden] [Probe]   +1E0: 02 00 50 00 00 00 5A 61 6E 74 65 74 73 75 6B 65 
2026-08-13 18:56:20.182 -05:00 [INF] [BalambGarden] [Probe]   +1F0: 6E 00 00 00 00 00 00 32 00 01 00 00 00 00 00 03 
2026-08-13 18:56:20.182 -05:00 [INF] [BalambGarden] [Probe]   +200: C2 1F 00 00 00 00 00 00 02 1C 12 CB 00 00 00 00 
2026-08-13 18:56:20.182 -05:00 [INF] [BalambGarden] [Probe]   +210: C0 91 49 7E F6 7F 00 00 13 BB 1F 5A 1F 5B 00 01 
2026-08-13 18:56:20.182 -05:00 [INF] [BalambGarden] [Probe] bed entity=40000FA9 index=471 pos=<-540.0, 58.5, -598.0> dist=4.86y addr=231A538FE00
2026-08-13 18:56:20.182 -05:00 [INF] [BalambGarden] [Probe]   +000: C0 91 49 7E F6 7F 00 00 02 25 12 44 00 00 12 45 
2026-08-13 18:56:20.182 -05:00 [INF] [BalambGarden] [Probe]   +010: 00 00 00 00 00 00 00 00 00 00 00 00 00 00 00 00 
2026-08-13 18:56:20.182 -05:00 [INF] [BalambGarden] [Probe]   +020: 00 00 00 00 00 00 00 00 65 63 74 61 63 6C 65 73 
2026-08-13 18:56:20.182 -05:00 [INF] [BalambGarden] [Probe]   +030: EE 80 B4 00 6C 20 43 68 65 63 6B 65 72 20 52 65 
2026-08-13 18:56:20.182 -05:00 [INF] [BalambGarden] [Probe]   +040: 70 6C 69 63 61 00 00 00 02 26 12 D2 12 D1 00 00 
2026-08-13 18:56:20.182 -05:00 [INF] [BalambGarden] [Probe]   +050: 00 00 00 00 00 00 00 00 27 23 1F 6C 1F 6D 00 01 
2026-08-13 18:56:20.182 -05:00 [INF] [BalambGarden] [Probe]   +060: 02 17 10 00 00 00 53 6F 6E 67 62 69 72 64 00 00 
2026-08-13 18:56:20.182 -05:00 [INF] [BalambGarden] [Probe]   +070: 00 00 00 3A 8D 03 00 00 A9 0F 00 40 00 00 00 00 
2026-08-13 18:56:20.182 -05:00 [INF] [BalambGarden] [Probe]   +080: 0A 20 00 03 2D 93 1E 00 00 00 00 E0 D7 01 F9 00 
2026-08-13 18:56:20.182 -05:00 [INF] [BalambGarden] [Probe]   +090: 07 00 00 0F 00 0F 00 00 00 01 FB 21 07 18 12 00 
2026-08-13 18:56:20.182 -05:00 [INF] [BalambGarden] [Probe]   +0A0: 00 00 00 00 74 65 72 20 46 6C 6F 61 74 00 00 00 
2026-08-13 18:56:20.182 -05:00 [INF] [BalambGarden] [Probe]   +0B0: A5 02 07 C4 01 00 6A 42 A3 7E 15 C4 00 00 00 00 
2026-08-13 18:56:20.182 -05:00 [INF] [BalambGarden] [Probe]   +0C0: 00 00 49 B8 00 00 80 3F 00 00 80 3F 00 00 80 3F 
2026-08-13 18:56:20.182 -05:00 [INF] [BalambGarden] [Probe]   +0D0: 00 00 00 40 17 74 00 00 00 00 00 01 01 00 14 00 
2026-08-13 18:56:20.182 -05:00 [INF] [BalambGarden] [Probe]   +0E0: 00 00 00 00 00 00 00 00 00 00 00 00 00 00 00 00 
2026-08-13 18:56:20.182 -05:00 [INF] [BalambGarden] [Probe]   +0F0: 00 00 00 00 00 00 00 00 00 00 00 03 C1 68 00 00 
2026-08-13 18:56:20.182 -05:00 [INF] [BalambGarden] [Probe]   +100: 00 00 00 00 00 00 00 00 20 04 5D 90 32 02 00 00 
2026-08-13 18:56:20.182 -05:00 [INF] [BalambGarden] [Probe]   +110: 00 00 00 00 4E 32 1F 6E 00 00 00 00 00 00 00 00 
2026-08-13 18:56:20.182 -05:00 [INF] [BalambGarden] [Probe]   +120: 00 00 00 00 00 00 00 3F 00 00 00 00 00 00 00 00 
2026-08-13 18:56:20.182 -05:00 [INF] [BalambGarden] [Probe]   +130: 00 00 00 00 CD CC 4C 3E 00 00 00 00 00 00 00 00 
2026-08-13 18:56:20.182 -05:00 [INF] [BalambGarden] [Probe]   +140: 9A D1 06 C4 66 66 6A 42 C2 A7 15 C4 00 00 00 00 
2026-08-13 18:56:20.182 -05:00 [INF] [BalambGarden] [Probe]   +150: 00 00 00 00 1F 71 00 01 10 C4 EB 6B 32 02 00 00 
2026-08-13 18:56:20.182 -05:00 [INF] [BalambGarden] [Probe]   +160: 60 CB 80 B3 31 02 00 00 00 00 00 00 00 00 00 00 
2026-08-13 18:56:20.182 -05:00 [INF] [BalambGarden] [Probe]   +170: 00 00 00 00 00 00 00 3F 00 00 00 00 00 00 00 00 
2026-08-13 18:56:20.182 -05:00 [INF] [BalambGarden] [Probe]   +180: 00 00 00 00 CD CC 4C 3E 00 00 00 00 00 00 00 00 
2026-08-13 18:56:20.182 -05:00 [INF] [BalambGarden] [Probe]   +190: 10 73 00 01 01 00 10 00 00 00 45 61 73 74 65 72 
2026-08-13 18:56:20.182 -05:00 [INF] [BalambGarden] [Probe]   +1A0: 70 48 94 A5 31 02 00 00 00 00 00 00 00 00 00 00 
2026-08-13 18:56:20.182 -05:00 [INF] [BalambGarden] [Probe]   +1B0: 00 00 00 00 0A 20 00 03 01 00 00 00 02 2C 16 AB 
2026-08-13 18:56:20.182 -05:00 [INF] [BalambGarden] [Probe]   +1C0: 01 B4 00 00 00 00 00 00 00 00 00 00 2A FA 1F 74 
2026-08-13 18:56:20.182 -05:00 [INF] [BalambGarden] [Probe]   +1D0: 1F 75 00 01 02 19 10 00 00 00 53 71 75 61 74 73 
2026-08-13 18:56:20.182 -05:00 [INF] [BalambGarden] [Probe]   +1E0: 00 00 00 00 00 00 00 36 00 01 00 00 00 00 00 03 
2026-08-13 18:56:20.182 -05:00 [INF] [BalambGarden] [Probe]   +1F0: C2 2D 00 00 01 75 00 00 02 2D 16 A8 16 A7 00 00 
2026-08-13 18:56:20.182 -05:00 [INF] [BalambGarden] [Probe]   +200: 00 00 00 00 00 00 00 00 2A FB 1F 76 1F 77 00 01 
2026-08-13 18:56:20.182 -05:00 [INF] [BalambGarden] [Probe]   +210: C0 91 49 7E F6 7F 00 00 73 68 2D 75 70 73 00 00 
2026-08-13 18:56:20.182 -05:00 [INF] [BalambGarden] [Probe] bed entity=40000FA8 index=470 pos=<-540.0, 58.5, -598.0> dist=4.86y addr=231A538FBF0
2026-08-13 18:56:20.182 -05:00 [INF] [BalambGarden] [Probe]   +000: C0 91 49 7E F6 7F 00 00 13 BB 1F 5A 1F 5B 00 01 
2026-08-13 18:56:20.182 -05:00 [INF] [BalambGarden] [Probe]   +010: 00 00 00 00 00 00 00 00 00 00 00 00 00 00 00 00 
2026-08-13 18:56:20.182 -05:00 [INF] [BalambGarden] [Probe]   +020: 00 00 00 00 00 00 00 00 C2 20 00 00 00 00 00 00 
2026-08-13 18:56:20.182 -05:00 [INF] [BalambGarden] [Probe]   +030: EE 80 B4 00 6B 20 47 6C 61 64 65 20 50 61 72 74 
2026-08-13 18:56:20.182 -05:00 [INF] [BalambGarden] [Probe]   +040: 69 74 69 6F 6E 00 00 01 01 00 17 00 00 00 50 61 
2026-08-13 18:56:20.182 -05:00 [INF] [BalambGarden] [Probe]   +050: 79 20 52 65 73 70 65 63 74 73 00 00 00 00 00 32 
2026-08-13 18:56:20.182 -05:00 [INF] [BalambGarden] [Probe]   +060: 00 01 00 00 00 00 00 03 C1 67 00 00 00 00 00 00 
2026-08-13 18:56:20.182 -05:00 [INF] [BalambGarden] [Probe]   +070: 00 1E 02 6E 8C 03 00 00 A8 0F 00 40 00 00 00 00 
2026-08-13 18:56:20.182 -05:00 [INF] [BalambGarden] [Probe]   +080: 0A 20 00 04 2D 93 1E 00 00 00 00 E0 D6 01 F9 00 
2026-08-13 18:56:20.182 -05:00 [INF] [BalambGarden] [Probe]   +090: 07 00 00 0F 00 0F 00 00 00 01 FB 21 07 00 00 03 
2026-08-13 18:56:20.182 -05:00 [INF] [BalambGarden] [Probe]   +0A0: 00 00 00 00 01 4B 00 00 02 1F 12 C0 00 00 12 C1 
2026-08-13 18:56:20.182 -05:00 [INF] [BalambGarden] [Probe]   +0B0: A5 02 07 C4 01 00 6A 42 A3 7E 15 C4 00 00 00 00 
2026-08-13 18:56:20.182 -05:00 [INF] [BalambGarden] [Probe]   +0C0: 00 00 49 B8 00 00 80 3F 00 00 80 3F 00 00 80 3F 
2026-08-13 18:56:20.182 -05:00 [INF] [BalambGarden] [Probe]   +0D0: 00 00 00 40 00 00 00 36 00 01 00 00 00 00 00 03 
2026-08-13 18:56:20.182 -05:00 [INF] [BalambGarden] [Probe]   +0E0: 00 00 00 00 00 00 00 00 00 00 00 00 00 00 00 00 
2026-08-13 18:56:20.182 -05:00 [INF] [BalambGarden] [Probe]   +0F0: 00 00 00 00 00 00 00 00 00 00 1F 62 1F 63 00 01 
2026-08-13 18:56:20.182 -05:00 [INF] [BalambGarden] [Probe]   +100: 00 00 00 00 00 00 00 00 E0 1A 5D 90 32 02 00 00 
2026-08-13 18:56:20.182 -05:00 [INF] [BalambGarden] [Probe]   +110: 00 00 00 00 00 01 00 00 00 00 00 00 00 00 00 00 
2026-08-13 18:56:20.182 -05:00 [INF] [BalambGarden] [Probe]   +120: 00 00 00 00 00 00 00 3F 00 00 00 00 00 00 00 00 
2026-08-13 18:56:20.182 -05:00 [INF] [BalambGarden] [Probe]   +130: 00 00 00 00 CD CC 4C 3E 00 00 00 00 00 00 00 00 
2026-08-13 18:56:20.182 -05:00 [INF] [BalambGarden] [Probe]   +140: 7B A8 06 C4 66 66 6A 42 B8 76 15 C4 00 00 00 00 
2026-08-13 18:56:20.182 -05:00 [INF] [BalambGarden] [Probe]   +150: 00 00 00 00 00 01 00 00 A0 D6 EB 6B 32 02 00 00 
2026-08-13 18:56:20.182 -05:00 [INF] [BalambGarden] [Probe]   +160: 60 CB 80 B3 31 02 00 00 00 00 00 00 00 00 00 00 
2026-08-13 18:56:20.182 -05:00 [INF] [BalambGarden] [Probe]   +170: 00 00 00 00 00 00 00 3F 00 00 00 00 00 00 00 00 
2026-08-13 18:56:20.182 -05:00 [INF] [BalambGarden] [Probe]   +180: 00 00 00 00 CD CC 4C 3E 00 00 00 00 00 00 00 00 
2026-08-13 18:56:20.182 -05:00 [INF] [BalambGarden] [Probe]   +190: 00 00 00 00 00 00 00 32 00 01 00 00 00 00 00 03 
2026-08-13 18:56:20.182 -05:00 [INF] [BalambGarden] [Probe]   +1A0: 70 48 94 A5 31 02 00 00 00 00 00 00 00 00 00 00 
2026-08-13 18:56:20.182 -05:00 [INF] [BalambGarden] [Probe]   +1B0: 00 00 00 00 0A 20 00 04 01 00 00 68 1F 69 00 01 
2026-08-13 18:56:20.182 -05:00 [INF] [BalambGarden] [Probe]   +1C0: 01 00 10 00 00 00 44 6F 74 65 00 00 00 00 00 32 
2026-08-13 18:56:20.182 -05:00 [INF] [BalambGarden] [Probe]   +1D0: F0 FB 38 A5 31 02 00 00 00 00 00 00 01 4D 00 00 
2026-08-13 18:56:20.182 -05:00 [INF] [BalambGarden] [Probe]   +1E0: 00 00 12 D0 00 00 00 00 00 00 00 00 00 00 00 00 
2026-08-13 18:56:20.182 -05:00 [INF] [BalambGarden] [Probe]   +1F0: 00 00 1F 68 1F 69 00 01 01 00 10 00 00 00 44 6F 
2026-08-13 18:56:20.182 -05:00 [INF] [BalambGarden] [Probe]   +200: 74 65 00 00 00 00 00 3A 00 01 00 00 00 00 00 03 
2026-08-13 18:56:20.182 -05:00 [INF] [BalambGarden] [Probe]   +210: C0 91 49 7E F6 7F 00 00 02 25 12 44 00 00 12 45 
2026-08-13 18:56:20.182 -05:00 [INF] [BalambGarden] [Probe] bed entity=40000FA5 index=467 pos=<-540.0, 58.5, -598.0> dist=4.86y addr=231A538F5C0
2026-08-13 18:56:20.182 -05:00 [INF] [BalambGarden] [Probe]   +000: C0 91 49 7E F6 7F 00 00 6C 79 00 00 00 00 00 36 
2026-08-13 18:56:20.182 -05:00 [INF] [BalambGarden] [Probe]   +010: 00 00 00 00 00 00 00 00 00 00 00 00 00 00 00 00 
2026-08-13 18:56:20.182 -05:00 [INF] [BalambGarden] [Probe]   +020: 00 00 00 00 00 00 00 00 0E B7 0E B7 00 00 0E B8 
2026-08-13 18:56:20.182 -05:00 [INF] [BalambGarden] [Probe]   +030: EE 80 B4 00 72 20 53 61 62 6F 74 65 6E 64 65 72 
2026-08-13 18:56:20.182 -05:00 [INF] [BalambGarden] [Probe]   +040: 20 54 72 6F 70 68 79 00 00 00 00 2E 00 01 00 00 
2026-08-13 18:56:20.182 -05:00 [INF] [BalambGarden] [Probe]   +050: 00 00 00 00 00 00 00 00 00 00 00 00 00 00 00 00 
2026-08-13 18:56:20.182 -05:00 [INF] [BalambGarden] [Probe]   +060: 00 00 00 00 00 00 00 00 00 00 00 00 00 00 00 00 
2026-08-13 18:56:20.182 -05:00 [INF] [BalambGarden] [Probe]   +070: 00 00 00 00 89 03 00 00 A5 0F 00 40 00 00 00 00 
2026-08-13 18:56:20.182 -05:00 [INF] [BalambGarden] [Probe]   +080: 0A 20 00 07 2D 93 1E 00 00 00 00 E0 D3 01 F9 00 
2026-08-13 18:56:20.182 -05:00 [INF] [BalambGarden] [Probe]   +090: 07 00 00 0F 00 0F 00 00 00 01 FB 21 07 00 00 00 
2026-08-13 18:56:20.182 -05:00 [INF] [BalambGarden] [Probe]   +0A0: 00 00 00 00 00 00 00 01 04 01 00 00 00 00 00 00 
2026-08-13 18:56:20.182 -05:00 [INF] [BalambGarden] [Probe]   +0B0: A5 02 07 C4 01 00 6A 42 A3 7E 15 C4 00 00 00 00 
2026-08-13 18:56:20.182 -05:00 [INF] [BalambGarden] [Probe]   +0C0: 00 00 49 B8 00 00 80 3F 00 00 80 3F 00 00 80 3F 
2026-08-13 18:56:20.182 -05:00 [INF] [BalambGarden] [Probe]   +0D0: 00 00 00 40 27 17 00 C5 01 28 00 01 02 0A 10 00 
2026-08-13 18:56:20.182 -05:00 [INF] [BalambGarden] [Probe]   +0E0: 00 00 00 00 00 00 00 00 00 00 00 00 00 00 00 00 
2026-08-13 18:56:20.182 -05:00 [INF] [BalambGarden] [Probe]   +0F0: 00 00 00 00 00 00 00 00 00 00 00 00 00 00 00 03 
2026-08-13 18:56:20.182 -05:00 [INF] [BalambGarden] [Probe]   +100: 00 00 00 00 00 00 00 00 60 17 5D 90 32 02 00 00 
2026-08-13 18:56:20.182 -05:00 [INF] [BalambGarden] [Probe]   +110: 00 00 00 00 00 00 00 00 00 00 00 00 00 00 00 00 
2026-08-13 18:56:20.182 -05:00 [INF] [BalambGarden] [Probe]   +120: 00 00 00 00 00 00 00 3F 00 00 00 00 00 00 00 00 
2026-08-13 18:56:20.182 -05:00 [INF] [BalambGarden] [Probe]   +130: 00 00 00 00 CD CC 4C 3E 00 00 00 00 00 00 00 00 
2026-08-13 18:56:20.182 -05:00 [INF] [BalambGarden] [Probe]   +140: B0 33 07 C4 66 66 6A 42 84 55 15 C4 00 00 00 00 
2026-08-13 18:56:20.182 -05:00 [INF] [BalambGarden] [Probe]   +150: 00 00 00 00 00 00 00 00 60 B8 EB 6B 32 02 00 00 
2026-08-13 18:56:20.182 -05:00 [INF] [BalambGarden] [Probe]   +160: 60 CB 80 B3 31 02 00 00 00 00 00 00 00 00 00 00 
2026-08-13 18:56:20.182 -05:00 [INF] [BalambGarden] [Probe]   +170: 00 00 00 00 00 00 00 3F 00 00 00 00 00 00 00 00 
2026-08-13 18:56:20.182 -05:00 [INF] [BalambGarden] [Probe]   +180: 00 00 00 00 CD CC 4C 3E 00 00 00 00 00 00 00 00 
2026-08-13 18:56:20.182 -05:00 [INF] [BalambGarden] [Probe]   +190: 00 00 00 00 00 00 00 00 0B B9 00 99 00 FD 00 01 
2026-08-13 18:56:20.182 -05:00 [INF] [BalambGarden] [Probe]   +1A0: 70 48 94 A5 31 02 00 00 00 00 00 00 00 00 00 00 
2026-08-13 18:56:20.182 -05:00 [INF] [BalambGarden] [Probe]   +1B0: 00 00 00 00 0A 20 00 07 01 00 00 00 00 00 00 03 
2026-08-13 18:56:20.182 -05:00 [INF] [BalambGarden] [Probe]   +1C0: 01 0E 00 00 01 32 00 00 02 0B 0E C3 00 00 00 00 
2026-08-13 18:56:20.182 -05:00 [INF] [BalambGarden] [Probe]   +1D0: 00 00 00 00 00 00 00 00 0B BA 00 9A 00 FE 00 01 
2026-08-13 18:56:20.182 -05:00 [INF] [BalambGarden] [Probe]   +1E0: 01 00 50 00 00 00 56 69 63 74 6F 72 79 00 00 00 
2026-08-13 18:56:20.182 -05:00 [INF] [BalambGarden] [Probe]   +1F0: 00 00 00 36 00 01 00 00 00 00 00 03 C2 0F 00 00 
2026-08-13 18:56:20.182 -05:00 [INF] [BalambGarden] [Probe]   +200: 01 34 00 00 02 0C 12 48 00 00 00 00 00 00 00 00 
2026-08-13 18:56:20.182 -05:00 [INF] [BalambGarden] [Probe]   +210: C0 91 49 7E F6 7F 00 00 00 FF 00 01 01 00 10 00 
2026-08-13 18:56:20.182 -05:00 [INF] [BalambGarden] [Probe] bed entity=40000F9C index=458 pos=<-533.4, 58.5, -599.1> dist=5.05y addr=231A538E330
2026-08-13 18:56:20.182 -05:00 [INF] [BalambGarden] [Probe]   +000: C0 91 49 7E F6 7F 00 00 00 00 00 00 01 B3 02 DB 
2026-08-13 18:56:20.182 -05:00 [INF] [BalambGarden] [Probe]   +010: 00 00 00 00 00 00 00 00 00 00 00 00 00 00 00 00 
2026-08-13 18:56:20.182 -05:00 [INF] [BalambGarden] [Probe]   +020: 00 00 00 00 00 00 00 00 00 00 52 61 6C 6C 79 00 
2026-08-13 18:56:20.182 -05:00 [INF] [BalambGarden] [Probe]   +030: EE 80 B4 00 75 73 20 54 6F 77 65 72 00 DB 00 00 
2026-08-13 18:56:20.182 -05:00 [INF] [BalambGarden] [Probe]   +040: 00 00 00 00 01 B4 02 DC 00 00 02 F1 02 F1 02 F1 
2026-08-13 18:56:20.182 -05:00 [INF] [BalambGarden] [Probe]   +050: 00 00 00 00 03 ED 00 86 00 EA 00 01 01 00 17 00 
2026-08-13 18:56:20.182 -05:00 [INF] [BalambGarden] [Probe]   +060: 00 00 53 6F 6F 74 68 65 00 00 00 00 00 00 00 36 
2026-08-13 18:56:20.182 -05:00 [INF] [BalambGarden] [Probe]   +070: 00 01 00 00 80 03 00 00 9C 0F 00 40 00 00 00 00 
2026-08-13 18:56:20.182 -05:00 [INF] [BalambGarden] [Probe]   +080: 11 20 02 00 2D 93 1E 00 00 00 00 E0 CA 01 F9 00 
2026-08-13 18:56:20.182 -05:00 [INF] [BalambGarden] [Probe]   +090: 07 00 00 0F 00 0F 00 00 00 01 FB 21 07 00 53 74 
2026-08-13 18:56:20.182 -05:00 [INF] [BalambGarden] [Probe]   +0A0: 00 00 00 00 72 00 00 00 00 00 00 36 00 01 00 00 
2026-08-13 18:56:20.182 -05:00 [INF] [BalambGarden] [Probe]   +0B0: B2 5A 05 C4 40 20 6A 42 AF C5 15 C4 00 00 00 00 
2026-08-13 18:56:20.182 -05:00 [INF] [BalambGarden] [Probe]   +0C0: 00 00 49 B8 00 00 80 3F 00 00 80 3F 00 00 80 3F 
2026-08-13 18:56:20.182 -05:00 [INF] [BalambGarden] [Probe]   +0D0: 00 00 00 40 01 00 17 00 00 00 53 74 72 65 74 63 
2026-08-13 18:56:20.182 -05:00 [INF] [BalambGarden] [Probe]   +0E0: 00 00 00 00 00 00 00 00 00 00 00 00 00 00 00 00 
2026-08-13 18:56:20.182 -05:00 [INF] [BalambGarden] [Probe]   +0F0: 00 00 00 00 00 00 00 00 00 00 02 DF 00 00 00 00 
2026-08-13 18:56:20.182 -05:00 [INF] [BalambGarden] [Probe]   +100: 00 00 00 00 00 00 00 00 E0 FE 5C 90 32 02 00 00 
2026-08-13 18:56:20.182 -05:00 [INF] [BalambGarden] [Probe]   +110: 00 00 00 00 00 00 53 75 00 00 00 00 00 00 00 00 
2026-08-13 18:56:20.182 -05:00 [INF] [BalambGarden] [Probe]   +120: 00 00 00 00 CD CC 4C 3F 00 00 00 00 00 00 00 00 
2026-08-13 18:56:20.182 -05:00 [INF] [BalambGarden] [Probe]   +130: 00 00 00 00 CD CC 4C 3E 00 00 00 00 00 00 00 00 
2026-08-13 18:56:20.182 -05:00 [INF] [BalambGarden] [Probe]   +140: C7 52 05 C4 A5 86 6A 42 D9 1F 16 C4 00 00 00 00 
2026-08-13 18:56:20.182 -05:00 [INF] [BalambGarden] [Probe]   +150: 00 00 00 00 00 00 00 32 00 D8 EB 6B 32 02 00 00 
2026-08-13 18:56:20.182 -05:00 [INF] [BalambGarden] [Probe]   +160: 60 CB 80 B3 31 02 00 00 00 00 00 00 00 00 00 00 
2026-08-13 18:56:20.182 -05:00 [INF] [BalambGarden] [Probe]   +170: 00 00 00 00 CD CC 4C 3F 00 00 00 00 00 00 00 00 
2026-08-13 18:56:20.182 -05:00 [INF] [BalambGarden] [Probe]   +180: 00 00 00 00 CD CC 4C 3E 00 00 00 00 00 00 00 00 
2026-08-13 18:56:20.182 -05:00 [INF] [BalambGarden] [Probe]   +190: 00 01 00 00 00 00 00 03 C1 E1 00 00 00 00 00 00 
2026-08-13 18:56:20.182 -05:00 [INF] [BalambGarden] [Probe]   +1A0: 70 48 94 A5 31 02 00 00 00 00 00 00 00 00 00 00 
2026-08-13 18:56:20.182 -05:00 [INF] [BalambGarden] [Probe]   +1B0: 00 00 00 00 11 20 02 00 01 00 00 00 00 00 57 65 
2026-08-13 18:56:20.182 -05:00 [INF] [BalambGarden] [Probe]   +1C0: 01 63 6F 6D 65 00 00 00 00 00 00 32 00 01 00 00 
2026-08-13 18:56:20.182 -05:00 [INF] [BalambGarden] [Probe]   +1D0: 00 00 00 03 C1 E2 00 00 00 00 00 00 01 BB 02 E3 
2026-08-13 18:56:20.182 -05:00 [INF] [BalambGarden] [Probe]   +1E0: 00 00 02 9F 02 9F 02 9F 00 00 00 00 07 D0 00 8D 
2026-08-13 18:56:20.182 -05:00 [INF] [BalambGarden] [Probe]   +1F0: 00 F1 00 01 01 00 17 00 00 00 59 65 73 00 00 00 
2026-08-13 18:56:20.182 -05:00 [INF] [BalambGarden] [Probe]   +200: 00 00 00 36 00 01 00 00 00 00 00 03 C1 E3 00 00 
2026-08-13 18:56:20.182 -05:00 [INF] [BalambGarden] [Probe]   +210: C0 91 49 7E F6 7F 00 00 00 00 02 50 02 50 02 50 
2026-08-13 18:56:20.182 -05:00 [INF] [BalambGarden] [Probe] bed entity=40000F9B index=457 pos=<-533.4, 58.5, -599.1> dist=5.05y addr=231A538E120
2026-08-13 18:56:20.182 -05:00 [INF] [BalambGarden] [Probe]   +000: C0 91 49 7E F6 7F 00 00 00 00 00 03 C1 D1 00 00 
2026-08-13 18:56:20.182 -05:00 [INF] [BalambGarden] [Probe]   +010: 00 00 00 00 00 00 00 00 00 00 00 00 00 00 00 00 
2026-08-13 18:56:20.182 -05:00 [INF] [BalambGarden] [Probe]   +020: 00 00 00 00 00 00 00 00 00 E0 00 01 01 00 17 00 
2026-08-13 18:56:20.182 -05:00 [INF] [BalambGarden] [Probe]   +030: EE 80 B4 00 6B 20 47 6C 61 64 65 20 50 61 72 74 
2026-08-13 18:56:20.182 -05:00 [INF] [BalambGarden] [Probe]   +040: 69 74 69 6F 6E 00 00 00 00 00 00 00 01 AB 02 CF 
2026-08-13 18:56:20.182 -05:00 [INF] [BalambGarden] [Probe]   +050: 00 00 00 00 00 00 00 00 00 00 00 00 13 8E 00 7D 
2026-08-13 18:56:20.182 -05:00 [INF] [BalambGarden] [Probe]   +060: 00 E1 00 01 01 00 10 00 00 00 50 61 6E 69 63 00 
2026-08-13 18:56:20.182 -05:00 [INF] [BalambGarden] [Probe]   +070: 00 00 00 32 7F 03 00 00 9B 0F 00 40 00 00 00 00 
2026-08-13 18:56:20.182 -05:00 [INF] [BalambGarden] [Probe]   +080: 11 20 02 01 2D 93 1E 00 00 00 00 E0 C9 01 F9 00 
2026-08-13 18:56:20.182 -05:00 [INF] [BalambGarden] [Probe]   +090: 07 00 00 0F 00 0F 00 00 00 01 FB 21 07 00 17 00 
2026-08-13 18:56:20.182 -05:00 [INF] [BalambGarden] [Probe]   +0A0: 00 00 00 00 69 6E 74 00 00 00 00 32 00 01 00 00 
2026-08-13 18:56:20.182 -05:00 [INF] [BalambGarden] [Probe]   +0B0: B2 5A 05 C4 40 20 6A 42 AF C5 15 C4 00 00 00 00 
2026-08-13 18:56:20.182 -05:00 [INF] [BalambGarden] [Probe]   +0C0: 00 00 49 B8 00 00 80 3F 00 00 80 3F 00 00 80 3F 
2026-08-13 18:56:20.182 -05:00 [INF] [BalambGarden] [Probe]   +0D0: 00 00 00 40 01 00 17 00 00 00 50 6F 6B 65 00 00 
2026-08-13 18:56:20.182 -05:00 [INF] [BalambGarden] [Probe]   +0E0: 00 00 00 00 00 00 00 00 00 00 00 00 00 00 00 00 
2026-08-13 18:56:20.182 -05:00 [INF] [BalambGarden] [Probe]   +0F0: 00 00 00 00 00 00 00 00 00 00 02 ED 02 ED 02 ED 
2026-08-13 18:56:20.182 -05:00 [INF] [BalambGarden] [Probe]   +100: 00 00 00 00 00 00 00 00 60 3A 5D 90 32 02 00 00 
2026-08-13 18:56:20.182 -05:00 [INF] [BalambGarden] [Probe]   +110: 00 00 00 00 6E 67 72 61 00 00 00 00 00 00 00 00 
2026-08-13 18:56:20.182 -05:00 [INF] [BalambGarden] [Probe]   +120: 00 00 00 00 CD CC 4C 3F 00 00 00 00 00 00 00 00 
2026-08-13 18:56:20.182 -05:00 [INF] [BalambGarden] [Probe]   +130: 00 00 00 00 CD CC 4C 3E 00 00 00 00 00 00 00 00 
2026-08-13 18:56:20.182 -05:00 [INF] [BalambGarden] [Probe]   +140: A7 29 05 C4 A5 86 6A 42 CE EE 15 C4 00 00 00 00 
2026-08-13 18:56:20.182 -05:00 [INF] [BalambGarden] [Probe]   +150: 00 00 00 00 79 63 68 00 C0 C4 EB 6B 32 02 00 00 
2026-08-13 18:56:20.182 -05:00 [INF] [BalambGarden] [Probe]   +160: 60 CB 80 B3 31 02 00 00 00 00 00 00 00 00 00 00 
2026-08-13 18:56:20.182 -05:00 [INF] [BalambGarden] [Probe]   +170: 00 00 00 00 CD CC 4C 3F 00 00 00 00 00 00 00 00 
2026-08-13 18:56:20.182 -05:00 [INF] [BalambGarden] [Probe]   +180: 00 00 00 00 CD CC 4C 3E 00 00 00 00 00 00 00 00 
2026-08-13 18:56:20.182 -05:00 [INF] [BalambGarden] [Probe]   +190: 00 00 00 00 00 00 00 36 00 01 00 00 00 00 00 03 
2026-08-13 18:56:20.182 -05:00 [INF] [BalambGarden] [Probe]   +1A0: 70 48 94 A5 31 02 00 00 00 00 00 00 00 00 00 00 
2026-08-13 18:56:20.182 -05:00 [INF] [BalambGarden] [Probe]   +1B0: 00 00 00 00 11 20 02 01 01 00 00 83 00 E7 00 01 
2026-08-13 18:56:20.182 -05:00 [INF] [BalambGarden] [Probe]   +1C0: 01 00 17 00 00 00 53 68 6F 63 6B 65 64 00 00 00 
2026-08-13 18:56:20.182 -05:00 [INF] [BalambGarden] [Probe]   +1D0: 20 E1 38 A5 31 02 00 00 00 00 00 00 C1 D9 00 00 
2026-08-13 18:56:20.182 -05:00 [INF] [BalambGarden] [Probe]   +1E0: 00 00 00 00 01 B2 02 DA 00 00 02 F0 02 F0 02 F0 
2026-08-13 18:56:20.182 -05:00 [INF] [BalambGarden] [Probe]   +1F0: 00 00 00 00 13 96 00 84 00 E8 00 01 01 00 17 00 
2026-08-13 18:56:20.182 -05:00 [INF] [BalambGarden] [Probe]   +200: 00 00 53 68 72 75 67 00 00 00 00 32 00 01 00 00 
2026-08-13 18:56:20.182 -05:00 [INF] [BalambGarden] [Probe]   +210: C0 91 49 7E F6 7F 00 00 00 00 00 00 01 B3 02 DB 
2026-08-13 18:56:20.182 -05:00 [INF] [BalambGarden] [Probe] bed entity=40000F99 index=455 pos=<-533.4, 58.5, -599.1> dist=5.05y addr=231A538DD00
2026-08-13 18:56:20.182 -05:00 [INF] [BalambGarden] [Probe]   +000: C0 91 49 7E F6 7F 00 00 07 D4 00 69 00 CD 00 01 
2026-08-13 18:56:20.182 -05:00 [INF] [BalambGarden] [Probe]   +010: 00 00 00 00 00 00 00 00 00 00 00 00 00 00 00 00 
2026-08-13 18:56:20.182 -05:00 [INF] [BalambGarden] [Probe]   +020: 00 00 00 00 00 00 00 00 C1 BF 00 00 00 00 00 00 
2026-08-13 18:56:20.182 -05:00 [INF] [BalambGarden] [Probe]   +030: EE 80 B4 00 72 65 63 74 20 57 61 6C 6C 20 4C 69 
2026-08-13 18:56:20.182 -05:00 [INF] [BalambGarden] [Probe]   +040: 67 68 74 69 6E 67 00 01 01 00 17 00 00 00 43 6C 
2026-08-13 18:56:20.182 -05:00 [INF] [BalambGarden] [Probe]   +050: 61 70 00 00 00 00 00 36 00 01 00 00 00 00 00 03 
2026-08-13 18:56:20.182 -05:00 [INF] [BalambGarden] [Probe]   +060: C1 C0 00 00 00 00 00 00 01 99 02 B9 00 00 00 00 
2026-08-13 18:56:20.182 -05:00 [INF] [BalambGarden] [Probe]   +070: 00 00 00 00 7D 03 00 00 99 0F 00 40 00 00 00 00 
2026-08-13 18:56:20.182 -05:00 [INF] [BalambGarden] [Probe]   +080: 11 20 02 03 2D 93 1E 00 00 00 00 E0 C7 01 F9 00 
2026-08-13 18:56:20.182 -05:00 [INF] [BalambGarden] [Probe]   +090: 07 00 00 0F 00 0F 00 00 00 01 FB 21 07 C0 00 00 
2026-08-13 18:56:20.182 -05:00 [INF] [BalambGarden] [Probe]   +0A0: 00 00 00 00 01 9A 02 BA 00 00 02 A5 02 A5 02 A5 
2026-08-13 18:56:20.182 -05:00 [INF] [BalambGarden] [Probe]   +0B0: B2 5A 05 C4 40 20 6A 42 AF C5 15 C4 00 00 00 00 
2026-08-13 18:56:20.182 -05:00 [INF] [BalambGarden] [Probe]   +0C0: 00 00 49 B8 00 00 80 3F 00 00 80 3F 00 00 80 3F 
2026-08-13 18:56:20.182 -05:00 [INF] [BalambGarden] [Probe]   +0D0: 00 00 00 40 00 00 00 03 C1 C2 00 00 00 00 00 00 
2026-08-13 18:56:20.182 -05:00 [INF] [BalambGarden] [Probe]   +0E0: 00 00 00 00 00 00 00 00 00 00 00 00 00 00 00 00 
2026-08-13 18:56:20.182 -05:00 [INF] [BalambGarden] [Probe]   +0F0: 00 00 00 00 00 00 00 00 00 00 17 00 00 00 43 72 
2026-08-13 18:56:20.182 -05:00 [INF] [BalambGarden] [Probe]   +100: 00 00 00 00 00 00 00 00 60 1E 5D 90 32 02 00 00 
2026-08-13 18:56:20.182 -05:00 [INF] [BalambGarden] [Probe]   +110: 00 00 00 00 00 00 00 00 00 00 00 00 00 00 00 00 
2026-08-13 18:56:20.182 -05:00 [INF] [BalambGarden] [Probe]   +120: 00 00 00 00 CD CC 4C 3F 00 00 00 00 00 00 00 00 
2026-08-13 18:56:20.182 -05:00 [INF] [BalambGarden] [Probe]   +130: 00 00 00 00 CD CC 4C 3E 00 00 00 00 00 00 00 00 
2026-08-13 18:56:20.182 -05:00 [INF] [BalambGarden] [Probe]   +140: 93 31 05 C4 A5 86 6A 42 A4 94 15 C4 00 00 00 00 
2026-08-13 18:56:20.182 -05:00 [INF] [BalambGarden] [Probe]   +150: 00 00 00 00 00 00 00 00 50 B6 EB 6B 32 02 00 00 
2026-08-13 18:56:20.182 -05:00 [INF] [BalambGarden] [Probe]   +160: 60 CB 80 B3 31 02 00 00 00 00 00 00 00 00 00 00 
2026-08-13 18:56:20.182 -05:00 [INF] [BalambGarden] [Probe]   +170: 00 00 00 00 CD CC 4C 3F 00 00 00 00 00 00 00 00 
2026-08-13 18:56:20.182 -05:00 [INF] [BalambGarden] [Probe]   +180: 00 00 00 00 CD CC 4C 3E 00 00 00 00 00 00 00 00 
2026-08-13 18:56:20.182 -05:00 [INF] [BalambGarden] [Probe]   +190: 00 86 02 A7 00 00 00 00 13 F3 00 70 00 D4 00 01 
2026-08-13 18:56:20.182 -05:00 [INF] [BalambGarden] [Probe]   +1A0: 70 48 94 A5 31 02 00 00 00 00 00 00 00 00 00 00 
2026-08-13 18:56:20.182 -05:00 [INF] [BalambGarden] [Probe]   +1B0: 00 00 00 00 11 20 02 03 01 00 00 00 00 00 00 00 
2026-08-13 18:56:20.182 -05:00 [INF] [BalambGarden] [Probe]   +1C0: 01 9F 02 C0 00 00 00 00 00 00 00 00 00 00 00 00 
2026-08-13 18:56:20.182 -05:00 [INF] [BalambGarden] [Probe]   +1D0: 13 8C 00 71 00 D5 00 01 01 00 10 00 00 00 46 75 
2026-08-13 18:56:20.182 -05:00 [INF] [BalambGarden] [Probe]   +1E0: 6D 65 00 00 00 00 00 36 00 01 00 00 00 00 00 03 
2026-08-13 18:56:20.182 -05:00 [INF] [BalambGarden] [Probe]   +1F0: C1 C7 00 00 00 00 00 00 01 A0 02 C1 00 00 02 A8 
2026-08-13 18:56:20.182 -05:00 [INF] [BalambGarden] [Probe]   +200: 02 A8 02 A8 00 00 00 00 00 06 00 72 00 D6 00 01 
2026-08-13 18:56:20.182 -05:00 [INF] [BalambGarden] [Probe]   +210: C0 91 49 7E F6 7F 00 00 6F 64 62 79 65 00 00 00 
2026-08-13 18:56:20.182 -05:00 [INF] [BalambGarden] [Probe] bed entity=40000F98 index=454 pos=<-533.4, 58.5, -599.1> dist=5.05y addr=231A538DAF0
2026-08-13 18:56:20.182 -05:00 [INF] [BalambGarden] [Probe]   +000: C0 91 49 7E F6 7F 00 00 00 00 01 3B 00 00 55 18 
2026-08-13 18:56:20.182 -05:00 [INF] [BalambGarden] [Probe]   +010: 00 00 00 00 00 00 00 00 00 00 00 00 00 00 00 00 
2026-08-13 18:56:20.182 -05:00 [INF] [BalambGarden] [Probe]   +020: 00 00 00 00 00 00 00 00 00 00 01 3F 00 00 56 24 
2026-08-13 18:56:20.182 -05:00 [INF] [BalambGarden] [Probe]   +030: EE 80 B4 00 6B 20 47 6C 61 64 65 20 50 61 72 74 
2026-08-13 18:56:20.182 -05:00 [INF] [BalambGarden] [Probe]   +040: 69 74 69 6F 6E 00 56 EC 00 00 01 43 00 00 57 34 
2026-08-13 18:56:20.182 -05:00 [INF] [BalambGarden] [Probe]   +050: 00 00 01 44 00 00 57 78 00 00 01 45 00 00 57 C0 
2026-08-13 18:56:20.182 -05:00 [INF] [BalambGarden] [Probe]   +060: 00 00 01 46 00 00 57 F4 00 00 01 47 00 00 58 30 
2026-08-13 18:56:20.182 -05:00 [INF] [BalambGarden] [Probe]   +070: 00 00 01 48 7C 03 00 00 98 0F 00 40 00 00 00 00 
2026-08-13 18:56:20.182 -05:00 [INF] [BalambGarden] [Probe]   +080: 11 20 02 04 2D 93 1E 00 00 00 00 E0 C6 01 F9 00 
2026-08-13 18:56:20.182 -05:00 [INF] [BalambGarden] [Probe]   +090: 07 00 00 0F 00 0F 00 00 00 01 FB 21 07 00 59 9C 
2026-08-13 18:56:20.182 -05:00 [INF] [BalambGarden] [Probe]   +0A0: 00 00 00 00 00 01 00 00 00 00 00 00 00 00 00 00 
2026-08-13 18:56:20.182 -05:00 [INF] [BalambGarden] [Probe]   +0B0: B2 5A 05 C4 40 20 6A 42 AF C5 15 C4 00 00 00 00 
2026-08-13 18:56:20.182 -05:00 [INF] [BalambGarden] [Probe]   +0C0: 00 00 49 B8 00 00 80 3F 00 00 80 3F 00 00 80 3F 
2026-08-13 18:56:20.182 -05:00 [INF] [BalambGarden] [Probe]   +0D0: 00 00 00 40 00 00 00 36 00 01 00 00 00 00 00 03 
2026-08-13 18:56:20.182 -05:00 [INF] [BalambGarden] [Probe]   +0E0: 00 00 00 00 00 00 00 00 00 00 00 00 00 00 00 00 
2026-08-13 18:56:20.182 -05:00 [INF] [BalambGarden] [Probe]   +0F0: 00 00 00 00 00 00 00 00 00 00 00 64 00 C8 00 01 
2026-08-13 18:56:20.182 -05:00 [INF] [BalambGarden] [Probe]   +100: 00 00 00 00 00 00 00 00 20 12 5D 90 32 02 00 00 
2026-08-13 18:56:20.182 -05:00 [INF] [BalambGarden] [Probe]   +110: 00 00 00 00 00 01 00 00 00 00 00 00 00 00 00 00 
2026-08-13 18:56:20.182 -05:00 [INF] [BalambGarden] [Probe]   +120: 00 00 00 00 CD CC 4C 3F 00 00 00 00 00 00 00 00 
2026-08-13 18:56:20.182 -05:00 [INF] [BalambGarden] [Probe]   +130: 00 00 00 00 CD CC 4C 3E 00 00 00 00 00 00 00 00 
2026-08-13 18:56:20.182 -05:00 [INF] [BalambGarden] [Probe]   +140: 9D 62 05 C4 A5 86 6A 42 85 6B 15 C4 00 00 00 00 
2026-08-13 18:56:20.182 -05:00 [INF] [BalambGarden] [Probe]   +150: 00 00 00 00 C1 BB 00 00 00 CD EB 6B 32 02 00 00 
2026-08-13 18:56:20.182 -05:00 [INF] [BalambGarden] [Probe]   +160: 60 CB 80 B3 31 02 00 00 00 00 00 00 00 00 00 00 
2026-08-13 18:56:20.182 -05:00 [INF] [BalambGarden] [Probe]   +170: 00 00 00 00 CD CC 4C 3F 00 00 00 00 00 00 00 00 
2026-08-13 18:56:20.182 -05:00 [INF] [BalambGarden] [Probe]   +180: 00 00 00 00 CD CC 4C 3E 00 00 00 00 00 00 00 00 
2026-08-13 18:56:20.182 -05:00 [INF] [BalambGarden] [Probe]   +190: C0 BC 00 00 00 00 00 00 01 95 02 B5 00 00 00 00 
2026-08-13 18:56:20.182 -05:00 [INF] [BalambGarden] [Probe]   +1A0: 70 48 94 A5 31 02 00 00 00 00 00 00 00 00 00 00 
2026-08-13 18:56:20.182 -05:00 [INF] [BalambGarden] [Probe]   +1B0: 00 00 00 00 11 20 02 04 01 00 00 00 00 00 00 32 
2026-08-13 18:56:20.182 -05:00 [INF] [BalambGarden] [Probe]   +1C0: 01 01 00 00 00 00 00 03 C1 BD 00 00 00 00 00 00 
2026-08-13 18:56:20.182 -05:00 [INF] [BalambGarden] [Probe]   +1D0: F0 DA 38 A5 31 02 00 00 00 00 00 00 00 00 00 00 
2026-08-13 18:56:20.182 -05:00 [INF] [BalambGarden] [Probe]   +1E0: 00 01 00 68 00 CC 00 01 01 00 10 00 00 00 42 6F 
2026-08-13 18:56:20.182 -05:00 [INF] [BalambGarden] [Probe]   +1F0: 77 00 00 00 00 00 00 32 00 01 00 00 00 00 00 03 
2026-08-13 18:56:20.182 -05:00 [INF] [BalambGarden] [Probe]   +200: C1 BE 00 00 00 00 00 00 01 97 02 B7 00 00 02 A3 
2026-08-13 18:56:20.182 -05:00 [INF] [BalambGarden] [Probe]   +210: C0 91 49 7E F6 7F 00 00 07 D4 00 69 00 CD 00 01 
2026-08-13 18:56:20.182 -05:00 [INF] [BalambGarden] [Probe] bed entity=40000F97 index=453 pos=<-533.4, 58.5, -599.1> dist=5.05y addr=231A538D8E0
2026-08-13 18:56:20.182 -05:00 [INF] [BalambGarden] [Probe]   +000: C0 91 49 7E F6 7F 00 00 00 00 00 F9 00 00 44 F4 
2026-08-13 18:56:20.182 -05:00 [INF] [BalambGarden] [Probe]   +010: 00 00 00 00 00 00 00 00 00 00 00 00 00 00 00 00 
2026-08-13 18:56:20.182 -05:00 [INF] [BalambGarden] [Probe]   +020: 00 00 00 00 00 00 00 00 00 00 00 FD 00 00 45 F8 
2026-08-13 18:56:20.182 -05:00 [INF] [BalambGarden] [Probe]   +030: EE 80 B4 00 6B 20 47 6C 61 64 65 20 50 61 72 74 
2026-08-13 18:56:20.182 -05:00 [INF] [BalambGarden] [Probe]   +040: 69 74 69 6F 6E 00 46 94 00 00 01 01 00 00 46 D0 
2026-08-13 18:56:20.182 -05:00 [INF] [BalambGarden] [Probe]   +050: 00 00 01 02 00 00 47 14 00 00 01 03 00 00 47 58 
2026-08-13 18:56:20.182 -05:00 [INF] [BalambGarden] [Probe]   +060: 00 00 01 04 00 00 47 9C 00 00 01 05 00 00 47 E0 
2026-08-13 18:56:20.182 -05:00 [INF] [BalambGarden] [Probe]   +070: 00 00 01 06 7B 03 00 00 97 0F 00 40 00 00 00 00 
2026-08-13 18:56:20.182 -05:00 [INF] [BalambGarden] [Probe]   +080: 11 20 02 05 2D 93 1E 00 00 00 00 E0 C5 01 F9 00 
2026-08-13 18:56:20.182 -05:00 [INF] [BalambGarden] [Probe]   +090: 07 00 00 0F 00 0F 00 00 00 01 FB 21 07 00 49 78 
2026-08-13 18:56:20.182 -05:00 [INF] [BalambGarden] [Probe]   +0A0: 00 00 00 00 00 00 49 BC 00 00 01 0D 00 00 4A 00 
2026-08-13 18:56:20.182 -05:00 [INF] [BalambGarden] [Probe]   +0B0: B2 5A 05 C4 40 20 6A 42 AF C5 15 C4 00 00 00 00 
2026-08-13 18:56:20.182 -05:00 [INF] [BalambGarden] [Probe]   +0C0: 00 00 49 B8 00 00 80 3F 00 00 80 3F 00 00 80 3F 
2026-08-13 18:56:20.182 -05:00 [INF] [BalambGarden] [Probe]   +0D0: 00 00 00 40 00 00 4B 2C 00 00 01 13 00 00 4B 6C 
2026-08-13 18:56:20.182 -05:00 [INF] [BalambGarden] [Probe]   +0E0: 00 00 00 00 00 00 00 00 00 00 00 00 00 00 00 00 
2026-08-13 18:56:20.182 -05:00 [INF] [BalambGarden] [Probe]   +0F0: 00 00 00 00 00 00 00 00 00 00 01 17 00 00 4C 70 
2026-08-13 18:56:20.182 -05:00 [INF] [BalambGarden] [Probe]   +100: 00 00 00 00 00 00 00 00 60 10 5D 90 32 02 00 00 
2026-08-13 18:56:20.182 -05:00 [INF] [BalambGarden] [Probe]   +110: 00 00 00 00 00 00 4D 24 00 00 00 00 00 00 00 00 
2026-08-13 18:56:20.182 -05:00 [INF] [BalambGarden] [Probe]   +120: 00 00 00 00 CD CC 4C 3F 00 00 00 00 00 00 00 00 
2026-08-13 18:56:20.182 -05:00 [INF] [BalambGarden] [Probe]   +130: 00 00 00 00 CD CC 4C 3E 00 00 00 00 00 00 00 00 
2026-08-13 18:56:20.182 -05:00 [INF] [BalambGarden] [Probe]   +140: BD 8B 05 C4 A5 86 6A 42 90 9C 15 C4 00 00 00 00 
2026-08-13 18:56:20.182 -05:00 [INF] [BalambGarden] [Probe]   +150: 00 00 00 00 00 00 4F 10 30 D3 EB 6B 32 02 00 00 
2026-08-13 18:56:20.182 -05:00 [INF] [BalambGarden] [Probe]   +160: 60 CB 80 B3 31 02 00 00 00 00 00 00 00 00 00 00 
2026-08-13 18:56:20.182 -05:00 [INF] [BalambGarden] [Probe]   +170: 00 00 00 00 CD CC 4C 3F 00 00 00 00 00 00 00 00 
2026-08-13 18:56:20.182 -05:00 [INF] [BalambGarden] [Probe]   +180: 00 00 00 00 CD CC 4C 3E 00 00 00 00 00 00 00 00 
2026-08-13 18:56:20.182 -05:00 [INF] [BalambGarden] [Probe]   +190: 00 00 01 2A 00 00 50 DC 00 00 01 2B 00 00 51 1C 
2026-08-13 18:56:20.182 -05:00 [INF] [BalambGarden] [Probe]   +1A0: 70 48 94 A5 31 02 00 00 00 00 00 00 00 00 00 00 
2026-08-13 18:56:20.182 -05:00 [INF] [BalambGarden] [Probe]   +1B0: 00 00 00 00 11 20 02 05 01 00 00 2F 00 00 52 20 
2026-08-13 18:56:20.182 -05:00 [INF] [BalambGarden] [Probe]   +1C0: 01 00 01 30 00 00 52 60 00 00 01 31 00 00 52 9C 
2026-08-13 18:56:20.182 -05:00 [INF] [BalambGarden] [Probe]   +1D0: E0 D8 38 A5 31 02 00 00 00 00 00 00 00 00 53 1C 
2026-08-13 18:56:20.182 -05:00 [INF] [BalambGarden] [Probe]   +1E0: 00 00 01 34 00 00 53 54 00 00 01 35 00 00 53 94 
2026-08-13 18:56:20.182 -05:00 [INF] [BalambGarden] [Probe]   +1F0: 00 00 01 36 00 00 53 CC 00 00 01 37 00 00 54 10 
2026-08-13 18:56:20.182 -05:00 [INF] [BalambGarden] [Probe]   +200: 00 00 01 38 00 00 54 58 00 00 01 39 00 00 54 94 
2026-08-13 18:56:20.182 -05:00 [INF] [BalambGarden] [Probe]   +210: C0 91 49 7E F6 7F 00 00 00 00 01 3B 00 00 55 18 
2026-08-13 18:56:20.182 -05:00 [INF] [BalambGarden] [Probe] bed entity=40000F96 index=452 pos=<-533.4, 58.5, -599.1> dist=5.05y addr=231A538D6D0
2026-08-13 18:56:20.182 -05:00 [INF] [BalambGarden] [Probe]   +000: C0 91 49 7E F6 7F 00 00 00 00 00 B7 00 00 35 20 
2026-08-13 18:56:20.182 -05:00 [INF] [BalambGarden] [Probe]   +010: 00 00 00 00 00 00 00 00 00 00 00 00 00 00 00 00 
2026-08-13 18:56:20.182 -05:00 [INF] [BalambGarden] [Probe]   +020: 00 00 00 00 00 00 00 00 00 00 00 BB 00 00 36 1C 
2026-08-13 18:56:20.182 -05:00 [INF] [BalambGarden] [Probe]   +030: EE 80 B4 00 6B 20 47 6C 61 64 65 20 50 61 72 74 
2026-08-13 18:56:20.182 -05:00 [INF] [BalambGarden] [Probe]   +040: 69 74 69 6F 6E 00 36 CC 00 00 00 BF 00 00 37 08 
2026-08-13 18:56:20.182 -05:00 [INF] [BalambGarden] [Probe]   +050: 00 00 00 C0 00 00 37 44 00 00 00 C1 00 00 37 80 
2026-08-13 18:56:20.182 -05:00 [INF] [BalambGarden] [Probe]   +060: 00 00 00 C2 00 00 37 C0 00 00 00 C3 00 00 37 FC 
2026-08-13 18:56:20.182 -05:00 [INF] [BalambGarden] [Probe]   +070: 00 00 00 C4 7A 03 00 00 96 0F 00 40 00 00 00 00 
2026-08-13 18:56:20.182 -05:00 [INF] [BalambGarden] [Probe]   +080: 11 20 02 06 2D 93 1E 00 00 00 00 E0 C4 01 F9 00 
2026-08-13 18:56:20.182 -05:00 [INF] [BalambGarden] [Probe]   +090: 07 00 00 0F 00 0F 00 00 00 01 FB 21 07 00 39 78 
2026-08-13 18:56:20.182 -05:00 [INF] [BalambGarden] [Probe]   +0A0: 00 00 00 00 00 00 39 B8 00 00 00 CB 00 00 39 F0 
2026-08-13 18:56:20.182 -05:00 [INF] [BalambGarden] [Probe]   +0B0: B2 5A 05 C4 40 20 6A 42 AF C5 15 C4 00 00 00 00 
2026-08-13 18:56:20.182 -05:00 [INF] [BalambGarden] [Probe]   +0C0: 00 00 49 B8 00 00 80 3F 00 00 80 3F 00 00 80 3F 
2026-08-13 18:56:20.182 -05:00 [INF] [BalambGarden] [Probe]   +0D0: 00 00 00 40 00 00 3B 14 00 00 00 D1 00 00 3B 50 
2026-08-13 18:56:20.182 -05:00 [INF] [BalambGarden] [Probe]   +0E0: 00 00 00 00 00 00 00 00 00 00 00 00 00 00 00 00 
2026-08-13 18:56:20.182 -05:00 [INF] [BalambGarden] [Probe]   +0F0: 00 00 00 00 00 00 00 00 00 00 00 D5 00 00 3C 48 
2026-08-13 18:56:20.182 -05:00 [INF] [BalambGarden] [Probe]   +100: 00 00 00 00 00 00 00 00 A0 15 5D 90 32 02 00 00 
2026-08-13 18:56:20.182 -05:00 [INF] [BalambGarden] [Probe]   +110: 00 00 00 00 00 00 3C FC 00 00 00 00 00 00 00 00 
2026-08-13 18:56:20.182 -05:00 [INF] [BalambGarden] [Probe]   +120: 00 00 00 00 CD CC 4C 3F 00 00 00 00 00 00 00 00 
2026-08-13 18:56:20.182 -05:00 [INF] [BalambGarden] [Probe]   +130: 00 00 00 00 CD CC 4C 3E 00 00 00 00 00 00 00 00 
2026-08-13 18:56:20.182 -05:00 [INF] [BalambGarden] [Probe]   +140: DC B4 05 C4 A5 86 6A 42 9A CD 15 C4 00 00 00 00 
2026-08-13 18:56:20.182 -05:00 [INF] [BalambGarden] [Probe]   +150: 00 00 00 00 00 00 3E F0 F0 BF EB 6B 32 02 00 00 
2026-08-13 18:56:20.182 -05:00 [INF] [BalambGarden] [Probe]   +160: 60 CB 80 B3 31 02 00 00 00 00 00 00 00 00 00 00 
2026-08-13 18:56:20.182 -05:00 [INF] [BalambGarden] [Probe]   +170: 00 00 00 00 CD CC 4C 3F 00 00 00 00 00 00 00 00 
2026-08-13 18:56:20.182 -05:00 [INF] [BalambGarden] [Probe]   +180: 00 00 00 00 CD CC 4C 3E 00 00 00 00 00 00 00 00 
2026-08-13 18:56:20.182 -05:00 [INF] [BalambGarden] [Probe]   +190: 00 00 00 E8 00 00 40 E4 00 00 00 E9 00 00 41 20 
2026-08-13 18:56:20.182 -05:00 [INF] [BalambGarden] [Probe]   +1A0: 70 48 94 A5 31 02 00 00 00 00 00 00 00 00 00 00 
2026-08-13 18:56:20.182 -05:00 [INF] [BalambGarden] [Probe]   +1B0: 00 00 00 00 11 20 02 06 01 00 00 ED 00 00 42 18 
2026-08-13 18:56:20.182 -05:00 [INF] [BalambGarden] [Probe]   +1C0: 01 00 00 EE 00 00 42 5C 00 00 00 EF 00 00 42 9C 
2026-08-13 18:56:20.182 -05:00 [INF] [BalambGarden] [Probe]   +1D0: D0 D6 38 A5 31 02 00 00 00 00 00 00 00 00 43 18 
2026-08-13 18:56:20.182 -05:00 [INF] [BalambGarden] [Probe]   +1E0: 00 00 00 F2 00 00 43 58 00 00 00 F3 00 00 43 94 
2026-08-13 18:56:20.182 -05:00 [INF] [BalambGarden] [Probe]   +1F0: 00 00 00 F4 00 00 43 C8 00 00 00 F5 00 00 43 FC 
2026-08-13 18:56:20.182 -05:00 [INF] [BalambGarden] [Probe]   +200: 00 00 00 F6 00 00 44 38 00 00 00 F7 00 00 44 70 
2026-08-13 18:56:20.182 -05:00 [INF] [BalambGarden] [Probe]   +210: C0 91 49 7E F6 7F 00 00 00 00 00 F9 00 00 44 F4 
2026-08-13 18:56:20.182 -05:00 [INF] [BalambGarden] [Probe] bed entity=40000F95 index=451 pos=<-533.4, 58.5, -599.1> dist=5.05y addr=231A538D4C0
2026-08-13 18:56:20.182 -05:00 [INF] [BalambGarden] [Probe]   +000: C0 91 49 7E F6 7F 00 00 00 00 00 75 00 00 25 3C 
2026-08-13 18:56:20.182 -05:00 [INF] [BalambGarden] [Probe]   +010: 00 00 00 00 00 00 00 00 00 00 00 00 00 00 00 00 
2026-08-13 18:56:20.182 -05:00 [INF] [BalambGarden] [Probe]   +020: 00 00 00 00 00 00 00 00 00 00 00 79 00 00 26 34 
2026-08-13 18:56:20.182 -05:00 [INF] [BalambGarden] [Probe]   +030: EE 80 B4 00 72 65 63 74 20 57 61 6C 6C 20 4C 69 
2026-08-13 18:56:20.182 -05:00 [INF] [BalambGarden] [Probe]   +040: 67 68 74 69 6E 67 00 EC 00 00 00 7D 00 00 27 30 
2026-08-13 18:56:20.182 -05:00 [INF] [BalambGarden] [Probe]   +050: 00 00 00 7E 00 00 27 6C 00 00 00 7F 00 00 27 AC 
2026-08-13 18:56:20.182 -05:00 [INF] [BalambGarden] [Probe]   +060: 00 00 00 80 00 00 27 EC 00 00 00 81 00 00 28 30 
2026-08-13 18:56:20.182 -05:00 [INF] [BalambGarden] [Probe]   +070: 00 00 00 82 79 03 00 00 95 0F 00 40 00 00 00 00 
2026-08-13 18:56:20.182 -05:00 [INF] [BalambGarden] [Probe]   +080: 11 20 02 07 2D 93 1E 00 00 00 00 E0 C3 01 F9 00 
2026-08-13 18:56:20.182 -05:00 [INF] [BalambGarden] [Probe]   +090: 07 00 00 0F 00 0F 00 00 00 01 FB 21 07 00 29 C8 
2026-08-13 18:56:20.182 -05:00 [INF] [BalambGarden] [Probe]   +0A0: 00 00 00 00 00 00 2A 10 00 00 00 89 00 00 2A 58 
2026-08-13 18:56:20.182 -05:00 [INF] [BalambGarden] [Probe]   +0B0: B2 5A 05 C4 40 20 6A 42 AF C5 15 C4 00 00 00 00 
2026-08-13 18:56:20.182 -05:00 [INF] [BalambGarden] [Probe]   +0C0: 00 00 49 B8 00 00 80 3F 00 00 80 3F 00 00 80 3F 
2026-08-13 18:56:20.182 -05:00 [INF] [BalambGarden] [Probe]   +0D0: 00 00 00 40 00 00 2B 84 00 00 00 8F 00 00 2B C4 
2026-08-13 18:56:20.182 -05:00 [INF] [BalambGarden] [Probe]   +0E0: 00 00 00 00 00 00 00 00 00 00 00 00 00 00 00 00 
2026-08-13 18:56:20.182 -05:00 [INF] [BalambGarden] [Probe]   +0F0: 00 00 00 00 00 00 00 00 00 00 00 93 00 00 2C BC 
2026-08-13 18:56:20.182 -05:00 [INF] [BalambGarden] [Probe]   +100: 00 00 00 00 00 00 00 00 E0 3D 5D 90 32 02 00 00 
2026-08-13 18:56:20.182 -05:00 [INF] [BalambGarden] [Probe]   +110: 00 00 00 00 00 00 2D 70 00 00 00 00 00 00 00 00 
2026-08-13 18:56:20.182 -05:00 [INF] [BalambGarden] [Probe]   +120: 00 00 00 00 CD CC 4C 3F 00 00 00 00 00 00 00 00 
2026-08-13 18:56:20.182 -05:00 [INF] [BalambGarden] [Probe]   +130: 00 00 00 00 CD CC 4C 3E 00 00 00 00 00 00 00 00 
2026-08-13 18:56:20.182 -05:00 [INF] [BalambGarden] [Probe]   +140: D1 83 05 C4 A5 86 6A 42 BA F6 15 C4 00 00 00 00 
2026-08-13 18:56:20.182 -05:00 [INF] [BalambGarden] [Probe]   +150: 00 00 00 00 00 00 2F 5C 40 D5 EB 6B 32 02 00 00 
2026-08-13 18:56:20.182 -05:00 [INF] [BalambGarden] [Probe]   +160: 60 CB 80 B3 31 02 00 00 00 00 00 00 00 00 00 00 
2026-08-13 18:56:20.182 -05:00 [INF] [BalambGarden] [Probe]   +170: 00 00 00 00 CD CC 4C 3F 00 00 00 00 00 00 00 00 
2026-08-13 18:56:20.182 -05:00 [INF] [BalambGarden] [Probe]   +180: 00 00 00 00 CD CC 4C 3E 00 00 00 00 00 00 00 00 
2026-08-13 18:56:20.182 -05:00 [INF] [BalambGarden] [Probe]   +190: 00 00 00 A6 00 00 31 44 00 00 00 A7 00 00 31 7C 
2026-08-13 18:56:20.182 -05:00 [INF] [BalambGarden] [Probe]   +1A0: 70 48 94 A5 31 02 00 00 00 00 00 00 00 00 00 00 
2026-08-13 18:56:20.182 -05:00 [INF] [BalambGarden] [Probe]   +1B0: 00 00 00 00 11 20 02 07 01 00 00 AB 00 00 32 68 
2026-08-13 18:56:20.182 -05:00 [INF] [BalambGarden] [Probe]   +1C0: 01 00 00 AC 00 00 32 A0 00 00 00 AD 00 00 32 DC 
2026-08-13 18:56:20.182 -05:00 [INF] [BalambGarden] [Probe]   +1D0: 00 00 00 AE 00 00 33 18 00 00 00 AF 00 00 33 54 
2026-08-13 18:56:20.182 -05:00 [INF] [BalambGarden] [Probe]   +1E0: 00 00 00 B0 00 00 33 90 00 00 00 B1 00 00 33 CC 
2026-08-13 18:56:20.182 -05:00 [INF] [BalambGarden] [Probe]   +1F0: 00 00 00 B2 00 00 34 00 00 00 00 B3 00 00 34 3C 
2026-08-13 18:56:20.182 -05:00 [INF] [BalambGarden] [Probe]   +200: 00 00 00 B4 00 00 34 70 00 00 00 B5 00 00 34 A8 
2026-08-13 18:56:20.182 -05:00 [INF] [BalambGarden] [Probe]   +210: C0 91 49 7E F6 7F 00 00 00 00 00 B7 00 00 35 20 
2026-08-13 18:56:20.182 -05:00 [INF] [BalambGarden] [Probe] bed entity=40000F9A index=456 pos=<-533.4, 58.5, -599.1> dist=5.05y addr=231A538DF10
2026-08-13 18:56:20.182 -05:00 [INF] [BalambGarden] [Probe]   +000: C0 91 49 7E F6 7F 00 00 6F 64 62 79 65 00 00 00 
2026-08-13 18:56:20.182 -05:00 [INF] [BalambGarden] [Probe]   +010: 00 00 00 00 00 00 00 00 00 00 00 00 00 00 00 00 
2026-08-13 18:56:20.182 -05:00 [INF] [BalambGarden] [Probe]   +020: 00 00 00 00 00 00 00 00 00 00 02 97 02 8C 02 A9 
2026-08-13 18:56:20.182 -05:00 [INF] [BalambGarden] [Probe]   +030: EE 80 B4 00 6B 20 47 6C 61 64 65 20 50 61 72 74 
2026-08-13 18:56:20.182 -05:00 [INF] [BalambGarden] [Probe]   +040: 69 74 69 6F 6E 00 00 00 00 00 00 32 00 01 00 00 
2026-08-13 18:56:20.182 -05:00 [INF] [BalambGarden] [Probe]   +050: 00 00 00 03 C1 C9 00 00 00 00 00 00 01 A2 02 C3 
2026-08-13 18:56:20.182 -05:00 [INF] [BalambGarden] [Probe]   +060: 00 00 02 94 02 89 02 AA 00 00 00 00 13 94 00 74 
2026-08-13 18:56:20.182 -05:00 [INF] [BalambGarden] [Probe]   +070: 00 D8 00 01 7E 03 00 00 9A 0F 00 40 00 00 00 00 
2026-08-13 18:56:20.182 -05:00 [INF] [BalambGarden] [Probe]   +080: 11 20 02 02 2D 93 1E 00 00 00 00 E0 C8 01 F9 00 
2026-08-13 18:56:20.182 -05:00 [INF] [BalambGarden] [Probe]   +090: 07 00 00 0F 00 0F 00 00 00 01 FB 21 07 A8 02 AB 
2026-08-13 18:56:20.182 -05:00 [INF] [BalambGarden] [Probe]   +0A0: 00 00 00 00 03 EA 00 75 00 D9 00 01 01 00 17 00 
2026-08-13 18:56:20.182 -05:00 [INF] [BalambGarden] [Probe]   +0B0: B2 5A 05 C4 40 20 6A 42 AF C5 15 C4 00 00 00 00 
2026-08-13 18:56:20.182 -05:00 [INF] [BalambGarden] [Probe]   +0C0: 00 00 49 B8 00 00 80 3F 00 00 80 3F 00 00 80 3F 
2026-08-13 18:56:20.182 -05:00 [INF] [BalambGarden] [Probe]   +0D0: 00 00 00 40 00 00 00 00 00 00 00 00 00 08 00 76 
2026-08-13 18:56:20.182 -05:00 [INF] [BalambGarden] [Probe]   +0E0: 00 00 00 00 00 00 00 00 00 00 00 00 00 00 00 00 
2026-08-13 18:56:20.182 -05:00 [INF] [BalambGarden] [Probe]   +0F0: 00 00 00 00 00 00 00 00 00 00 00 03 C1 CC 00 00 
2026-08-13 18:56:20.182 -05:00 [INF] [BalambGarden] [Probe]   +100: 00 00 00 00 00 00 00 00 60 2C 5D 90 32 02 00 00 
2026-08-13 18:56:20.182 -05:00 [INF] [BalambGarden] [Probe]   +110: 00 00 00 00 03 E8 00 77 00 00 00 00 00 00 00 00 
2026-08-13 18:56:20.182 -05:00 [INF] [BalambGarden] [Probe]   +120: 00 00 00 00 CD CC 4C 3F 00 00 00 00 00 00 00 00 
2026-08-13 18:56:20.182 -05:00 [INF] [BalambGarden] [Probe]   +130: 00 00 00 00 CD CC 4C 3E 00 00 00 00 00 00 00 00 
2026-08-13 18:56:20.182 -05:00 [INF] [BalambGarden] [Probe]   +140: 88 00 05 C4 A5 86 6A 42 C4 BD 15 C4 00 00 00 00 
2026-08-13 18:56:20.182 -05:00 [INF] [BalambGarden] [Probe]   +150: 00 00 00 00 00 DC 00 01 90 D4 EB 6B 32 02 00 00 
2026-08-13 18:56:20.182 -05:00 [INF] [BalambGarden] [Probe]   +160: 60 CB 80 B3 31 02 00 00 00 00 00 00 00 00 00 00 
2026-08-13 18:56:20.182 -05:00 [INF] [BalambGarden] [Probe]   +170: 00 00 00 00 CD CC 4C 3F 00 00 00 00 00 00 00 00 
2026-08-13 18:56:20.182 -05:00 [INF] [BalambGarden] [Probe]   +180: 00 00 00 00 CD CC 4C 3E 00 00 00 00 00 00 00 00 
2026-08-13 18:56:20.182 -05:00 [INF] [BalambGarden] [Probe]   +190: 00 00 17 00 00 00 4C 6F 6F 6B 6F 75 74 00 00 00 
2026-08-13 18:56:20.182 -05:00 [INF] [BalambGarden] [Probe]   +1A0: 70 48 94 A5 31 02 00 00 00 00 00 00 00 00 00 00 
2026-08-13 18:56:20.182 -05:00 [INF] [BalambGarden] [Probe]   +1B0: 00 00 00 00 11 20 02 02 01 00 00 E9 02 E9 02 E9 
2026-08-13 18:56:20.182 -05:00 [INF] [BalambGarden] [Probe]   +1C0: 01 00 00 00 13 F9 00 7A 00 DE 00 01 01 00 17 00 
2026-08-13 18:56:20.182 -05:00 [INF] [BalambGarden] [Probe]   +1D0: 10 DF 38 A5 31 02 00 00 00 00 00 00 00 01 00 00 
2026-08-13 18:56:20.182 -05:00 [INF] [BalambGarden] [Probe]   +1E0: 00 00 00 03 C1 D0 00 00 00 00 00 00 01 A9 02 CC 
2026-08-13 18:56:20.182 -05:00 [INF] [BalambGarden] [Probe]   +1F0: 00 00 02 9A 02 9A 02 9A 00 00 00 00 13 88 00 7B 
2026-08-13 18:56:20.182 -05:00 [INF] [BalambGarden] [Probe]   +200: 00 DF 00 01 01 00 17 00 00 00 4E 6F 00 00 00 00 
2026-08-13 18:56:20.182 -05:00 [INF] [BalambGarden] [Probe]   +210: C0 91 49 7E F6 7F 00 00 00 00 00 03 C1 D1 00 00 
2026-08-13 18:56:20.182 -05:00 [INF] [BalambGarden] [Probe] bed entity=40000FA4 index=466 pos=<-537.4, 58.5, -600.2> dist=5.37y addr=231A538F3B0
2026-08-13 18:56:20.182 -05:00 [INF] [BalambGarden] [Probe]   +000: C0 91 49 7E F6 7F 00 00 74 00 00 00 00 00 00 36 
2026-08-13 18:56:20.182 -05:00 [INF] [BalambGarden] [Probe]   +010: 00 00 00 00 00 00 00 00 00 00 00 00 00 00 00 00 
2026-08-13 18:56:20.182 -05:00 [INF] [BalambGarden] [Probe]   +020: 00 00 00 00 00 00 00 00 0C 6C 0C 6C 00 00 0C 68 
2026-08-13 18:56:20.182 -05:00 [INF] [BalambGarden] [Probe]   +030: EE 80 B4 00 6B 20 47 6C 61 64 65 20 50 61 72 74 
2026-08-13 18:56:20.182 -05:00 [INF] [BalambGarden] [Probe]   +040: 69 74 69 6F 6E 00 72 00 00 00 00 2E 00 01 00 00 
2026-08-13 18:56:20.182 -05:00 [INF] [BalambGarden] [Probe]   +050: 00 00 00 00 00 00 00 00 00 00 00 00 00 00 0C 6E 
2026-08-13 18:56:20.182 -05:00 [INF] [BalambGarden] [Probe]   +060: 0C 6D 00 00 00 00 00 00 00 00 00 00 00 00 00 00 
2026-08-13 18:56:20.182 -05:00 [INF] [BalambGarden] [Probe]   +070: 00 00 00 01 88 03 00 00 A4 0F 00 40 00 00 00 00 
2026-08-13 18:56:20.182 -05:00 [INF] [BalambGarden] [Probe]   +080: 10 20 01 00 2D 93 1E 00 00 00 00 E0 D2 01 F9 00 
2026-08-13 18:56:20.182 -05:00 [INF] [BalambGarden] [Probe]   +090: 07 00 00 0F 00 0F 00 00 00 01 FB 21 07 00 00 00 
2026-08-13 18:56:20.182 -05:00 [INF] [BalambGarden] [Probe]   +0A0: 00 00 00 00 00 00 00 01 04 00 00 00 00 00 00 00 
2026-08-13 18:56:20.182 -05:00 [INF] [BalambGarden] [Probe]   +0B0: E9 5B 06 C4 01 00 6A 42 71 0A 16 C4 00 00 00 00 
2026-08-13 18:56:20.182 -05:00 [INF] [BalambGarden] [Probe]   +0C0: 00 00 49 B8 00 00 80 3F 00 00 80 3F 00 00 80 3F 
2026-08-13 18:56:20.182 -05:00 [INF] [BalambGarden] [Probe]   +0D0: 00 00 00 40 27 15 00 BD 01 20 00 01 02 08 10 00 
2026-08-13 18:56:20.182 -05:00 [INF] [BalambGarden] [Probe]   +0E0: 00 00 00 00 00 00 00 00 00 00 00 00 00 00 00 00 
2026-08-13 18:56:20.182 -05:00 [INF] [BalambGarden] [Probe]   +0F0: 00 00 00 00 00 00 00 00 00 00 00 03 C2 03 00 00 
2026-08-13 18:56:20.182 -05:00 [INF] [BalambGarden] [Probe]   +100: 00 00 00 00 00 00 00 00 20 3C 5D 90 32 02 00 00 
2026-08-13 18:56:20.182 -05:00 [INF] [BalambGarden] [Probe]   +110: 00 00 00 00 07 D6 00 BE 00 00 00 00 00 00 00 00 
2026-08-13 18:56:20.182 -05:00 [INF] [BalambGarden] [Probe]   +120: 00 00 00 00 CD CC 4C 3F 00 00 00 00 00 00 00 00 
2026-08-13 18:56:20.182 -05:00 [INF] [BalambGarden] [Probe]   +130: 00 00 00 00 CD CC 4C 3E 00 00 00 00 00 00 00 00 
2026-08-13 18:56:20.182 -05:00 [INF] [BalambGarden] [Probe]   +140: 13 B6 06 C4 66 66 6A 42 5C 12 16 C4 00 00 00 00 
2026-08-13 18:56:20.182 -05:00 [INF] [BalambGarden] [Probe]   +150: 00 00 00 00 01 22 00 01 F0 B4 EB 6B 32 02 00 00 
2026-08-13 18:56:20.182 -05:00 [INF] [BalambGarden] [Probe]   +160: 60 CB 80 B3 31 02 00 00 00 00 00 00 00 00 00 00 
2026-08-13 18:56:20.182 -05:00 [INF] [BalambGarden] [Probe]   +170: 00 00 00 00 CD CC 4C 3F 00 00 00 00 00 00 00 00 
2026-08-13 18:56:20.182 -05:00 [INF] [BalambGarden] [Probe]   +180: 00 00 00 00 CD CC 4C 3E 00 00 00 00 00 00 00 00 
2026-08-13 18:56:20.182 -05:00 [INF] [BalambGarden] [Probe]   +190: 00 00 17 00 00 00 48 75 67 00 00 00 00 00 00 36 
2026-08-13 18:56:20.182 -05:00 [INF] [BalambGarden] [Probe]   +1A0: 70 48 94 A5 31 02 00 00 00 00 00 00 00 00 00 00 
2026-08-13 18:56:20.182 -05:00 [INF] [BalambGarden] [Probe]   +1B0: 00 00 00 00 10 20 01 00 01 00 00 AD 00 00 0E B0 
2026-08-13 18:56:20.182 -05:00 [INF] [BalambGarden] [Probe]   +1C0: 01 D8 00 C1 01 24 00 01 01 00 17 00 00 00 45 6D 
2026-08-13 18:56:20.182 -05:00 [INF] [BalambGarden] [Probe]   +1D0: B0 F3 38 A5 31 02 00 00 00 00 00 00 00 01 00 00 
2026-08-13 18:56:20.182 -05:00 [INF] [BalambGarden] [Probe]   +1E0: 00 00 00 03 C2 07 00 00 00 F4 00 00 02 03 0E B4 
2026-08-13 18:56:20.182 -05:00 [INF] [BalambGarden] [Probe]   +1F0: 0E B3 00 00 00 00 00 00 00 00 00 00 27 16 00 C2 
2026-08-13 18:56:20.182 -05:00 [INF] [BalambGarden] [Probe]   +200: 01 25 00 01 02 09 10 00 00 00 4D 6F 73 74 20 47 
2026-08-13 18:56:20.182 -05:00 [INF] [BalambGarden] [Probe]   +210: C0 91 49 7E F6 7F 00 00 6C 79 00 00 00 00 00 36 
2026-08-13 18:56:20.182 -05:00 [INF] [BalambGarden] [Probe] bed entity=40000F9E index=460 pos=<-537.4, 58.5, -600.2> dist=5.37y addr=231A538E750
2026-08-13 18:56:20.182 -05:00 [INF] [BalambGarden] [Probe]   +000: C0 91 49 7E F6 7F 00 00 00 00 00 00 01 C5 02 8E 
2026-08-13 18:56:20.182 -05:00 [INF] [BalambGarden] [Probe]   +010: 00 00 00 00 00 00 00 00 00 00 00 00 00 00 00 00 
2026-08-13 18:56:20.182 -05:00 [INF] [BalambGarden] [Probe]   +020: 00 00 00 00 00 00 00 00 00 00 53 69 74 20 6F 6E 
2026-08-13 18:56:20.182 -05:00 [INF] [BalambGarden] [Probe]   +030: EE 80 B4 00 65 20 4F 72 63 68 65 73 74 72 69 6F 
2026-08-13 18:56:20.182 -05:00 [INF] [BalambGarden] [Probe]   +040: 6E 00 00 03 C1 EE 00 00 00 00 00 00 00 00 02 8F 
2026-08-13 18:56:20.182 -05:00 [INF] [BalambGarden] [Probe]   +050: 00 00 02 8F 00 00 00 00 00 00 00 00 00 00 00 00 
2026-08-13 18:56:20.182 -05:00 [INF] [BalambGarden] [Probe]   +060: 00 00 00 01 02 01 08 00 00 00 53 74 61 6E 64 20 
2026-08-13 18:56:20.182 -05:00 [INF] [BalambGarden] [Probe]   +070: 00 70 00 00 82 03 00 00 9E 0F 00 40 00 00 00 00 
2026-08-13 18:56:20.182 -05:00 [INF] [BalambGarden] [Probe]   +080: 10 20 01 06 2D 93 1E 00 00 00 00 E0 CC 01 F9 00 
2026-08-13 18:56:20.182 -05:00 [INF] [BalambGarden] [Probe]   +090: 07 00 00 0F 00 0F 00 00 00 01 FB 21 07 00 00 01 
2026-08-13 18:56:20.182 -05:00 [INF] [BalambGarden] [Probe]   +0A0: 00 00 00 00 00 00 41 69 72 20 51 75 6F 74 65 73 
2026-08-13 18:56:20.182 -05:00 [INF] [BalambGarden] [Probe]   +0B0: E9 5B 06 C4 01 00 6A 42 71 0A 16 C4 00 00 00 00 
2026-08-13 18:56:20.182 -05:00 [INF] [BalambGarden] [Probe]   +0C0: 00 00 49 B8 00 00 80 3F 00 00 80 3F 00 00 80 3F 
2026-08-13 18:56:20.182 -05:00 [INF] [BalambGarden] [Probe]   +0D0: 00 00 00 40 00 00 00 00 00 0A 00 91 00 F5 00 01 
2026-08-13 18:56:20.182 -05:00 [INF] [BalambGarden] [Probe]   +0E0: 00 00 00 00 00 00 00 00 00 00 00 00 00 00 00 00 
2026-08-13 18:56:20.182 -05:00 [INF] [BalambGarden] [Probe]   +0F0: 00 00 00 00 00 00 00 00 00 00 00 00 00 00 00 03 
2026-08-13 18:56:20.182 -05:00 [INF] [BalambGarden] [Probe]   +100: 00 00 00 00 00 00 00 00 A0 3F 5D 90 32 02 00 00 
2026-08-13 18:56:20.182 -05:00 [INF] [BalambGarden] [Probe]   +110: 00 00 00 00 00 00 00 00 00 00 00 00 00 00 00 00 
2026-08-13 18:56:20.182 -05:00 [INF] [BalambGarden] [Probe]   +120: 00 00 00 00 CD CC 4C 3F 00 00 00 00 00 00 00 00 
2026-08-13 18:56:20.182 -05:00 [INF] [BalambGarden] [Probe]   +130: 00 00 00 00 CD CC 4C 3E 00 00 00 00 00 00 00 00 
2026-08-13 18:56:20.182 -05:00 [INF] [BalambGarden] [Probe]   +140: D4 63 06 C4 66 66 6A 42 47 B0 15 C4 00 00 00 00 
2026-08-13 18:56:20.182 -05:00 [INF] [BalambGarden] [Probe]   +150: 00 00 00 00 00 00 00 00 80 C7 EB 6B 32 02 00 00 
2026-08-13 18:56:20.182 -05:00 [INF] [BalambGarden] [Probe]   +160: 60 CB 80 B3 31 02 00 00 00 00 00 00 00 00 00 00 
2026-08-13 18:56:20.182 -05:00 [INF] [BalambGarden] [Probe]   +170: 00 00 00 00 CD CC 4C 3F 00 00 00 00 00 00 00 00 
2026-08-13 18:56:20.182 -05:00 [INF] [BalambGarden] [Probe]   +180: 00 00 00 00 CD CC 4C 3E 00 00 00 00 00 00 00 00 
2026-08-13 18:56:20.182 -05:00 [INF] [BalambGarden] [Probe]   +190: 00 00 12 CE 12 CD 12 CD 00 00 00 00 03 F1 00 B2 
2026-08-13 18:56:20.182 -05:00 [INF] [BalambGarden] [Probe]   +1A0: 70 48 94 A5 31 02 00 00 00 00 00 00 00 00 00 00 
2026-08-13 18:56:20.182 -05:00 [INF] [BalambGarden] [Probe]   +1B0: 00 00 00 00 10 20 01 06 01 00 00 03 C1 FA 00 00 
2026-08-13 18:56:20.182 -05:00 [INF] [BalambGarden] [Probe]   +1C0: 01 17 00 00 01 CC 02 4B 00 00 00 00 00 00 00 00 
2026-08-13 18:56:20.182 -05:00 [INF] [BalambGarden] [Probe]   +1D0: 00 00 00 00 00 0B 00 B3 01 17 00 01 01 00 10 00 
2026-08-13 18:56:20.182 -05:00 [INF] [BalambGarden] [Probe]   +1E0: 00 00 49 6D 70 65 72 69 61 6C 20 53 61 6C 75 74 
2026-08-13 18:56:20.182 -05:00 [INF] [BalambGarden] [Probe]   +1F0: 65 00 00 00 00 00 00 32 00 01 00 00 00 00 00 03 
2026-08-13 18:56:20.182 -05:00 [INF] [BalambGarden] [Probe]   +200: C1 F9 00 00 00 00 00 00 01 CD 00 00 00 00 00 00 
2026-08-13 18:56:20.182 -05:00 [INF] [BalambGarden] [Probe]   +210: C0 91 49 7E F6 7F 00 00 4E 1F 00 00 00 00 00 01 
2026-08-13 18:56:20.182 -05:00 [INF] [BalambGarden] [Probe] bed entity=40000FA2 index=464 pos=<-537.4, 58.5, -600.2> dist=5.37y addr=231A538EF90
2026-08-13 18:56:20.182 -05:00 [INF] [BalambGarden] [Probe]   +000: C0 91 49 7E F6 7F 00 00 00 00 00 03 C1 EA 00 00 
2026-08-13 18:56:20.182 -05:00 [INF] [BalambGarden] [Probe]   +010: 00 00 00 00 00 00 00 00 00 00 00 00 00 00 00 00 
2026-08-13 18:56:20.182 -05:00 [INF] [BalambGarden] [Probe]   +020: 00 00 00 00 00 00 00 00 00 F9 00 01 01 00 00 00 
2026-08-13 18:56:20.182 -05:00 [INF] [BalambGarden] [Probe]   +030: EE 80 B4 00 72 20 4F 74 74 65 72 20 4C 61 6E 74 
2026-08-13 18:56:20.182 -05:00 [INF] [BalambGarden] [Probe]   +040: 65 72 6E 00 00 00 00 03 C2 35 00 00 00 00 00 00 
2026-08-13 18:56:20.182 -05:00 [INF] [BalambGarden] [Probe]   +050: 00 00 02 49 02 48 00 00 00 00 00 00 02 49 00 00 
2026-08-13 18:56:20.182 -05:00 [INF] [BalambGarden] [Probe]   +060: 00 00 00 00 00 00 00 01 02 03 00 00 00 00 53 6C 
2026-08-13 18:56:20.182 -05:00 [INF] [BalambGarden] [Probe]   +070: 00 65 70 00 86 03 00 00 A2 0F 00 40 00 00 00 00 
2026-08-13 18:56:20.182 -05:00 [INF] [BalambGarden] [Probe]   +080: 10 20 01 02 2D 93 1E 00 00 00 00 E0 D0 01 F9 00 
2026-08-13 18:56:20.182 -05:00 [INF] [BalambGarden] [Probe]   +090: 07 00 00 0F 00 0F 00 00 00 01 FB 21 07 00 00 01 
2026-08-13 18:56:20.182 -05:00 [INF] [BalambGarden] [Probe]   +0A0: 00 00 00 00 00 00 00 00 00 00 00 3A 00 01 00 00 
2026-08-13 18:56:20.182 -05:00 [INF] [BalambGarden] [Probe]   +0B0: E9 5B 06 C4 01 00 6A 42 71 0A 16 C4 00 00 00 00 
2026-08-13 18:56:20.182 -05:00 [INF] [BalambGarden] [Probe]   +0C0: 00 00 49 B8 00 00 80 3F 00 00 80 3F 00 00 80 3F 
2026-08-13 18:56:20.182 -05:00 [INF] [BalambGarden] [Probe]   +0D0: 00 00 00 40 02 00 00 00 00 00 43 68 61 6E 67 65 
2026-08-13 18:56:20.182 -05:00 [INF] [BalambGarden] [Probe]   +0E0: 00 00 00 00 00 00 00 00 00 00 00 00 00 00 00 00 
2026-08-13 18:56:20.182 -05:00 [INF] [BalambGarden] [Probe]   +0F0: 00 00 00 00 00 00 00 00 00 00 00 00 00 00 0C 34 
2026-08-13 18:56:20.182 -05:00 [INF] [BalambGarden] [Probe]   +100: 00 00 00 00 00 00 00 00 20 20 5D 90 32 02 00 00 
2026-08-13 18:56:20.182 -05:00 [INF] [BalambGarden] [Probe]   +110: 00 00 00 00 04 00 00 00 00 00 00 00 00 00 00 00 
2026-08-13 18:56:20.182 -05:00 [INF] [BalambGarden] [Probe]   +120: 00 00 00 00 CD CC 4C 3F 00 00 00 00 00 00 00 00 
2026-08-13 18:56:20.182 -05:00 [INF] [BalambGarden] [Probe]   +130: 00 00 00 00 CD CC 4C 3E 00 00 00 00 00 00 00 00 
2026-08-13 18:56:20.182 -05:00 [INF] [BalambGarden] [Probe]   +140: FE 53 06 C4 66 66 6A 42 9B 64 16 C4 00 00 00 00 
2026-08-13 18:56:20.182 -05:00 [INF] [BalambGarden] [Probe]   +150: 00 00 00 00 00 01 00 00 60 C3 EB 6B 32 02 00 00 
2026-08-13 18:56:20.182 -05:00 [INF] [BalambGarden] [Probe]   +160: 60 CB 80 B3 31 02 00 00 00 00 00 00 00 00 00 00 
2026-08-13 18:56:20.182 -05:00 [INF] [BalambGarden] [Probe]   +170: 00 00 00 00 CD CC 4C 3F 00 00 00 00 00 00 00 00 
2026-08-13 18:56:20.182 -05:00 [INF] [BalambGarden] [Probe]   +180: 00 00 00 00 CD CC 4C 3E 00 00 00 00 00 00 00 00 
2026-08-13 18:56:20.182 -05:00 [INF] [BalambGarden] [Probe]   +190: 00 00 00 00 00 00 00 00 00 00 00 00 00 00 00 00 
2026-08-13 18:56:20.182 -05:00 [INF] [BalambGarden] [Probe]   +1A0: 70 48 94 A5 31 02 00 00 00 00 00 00 00 00 00 00 
2026-08-13 18:56:20.182 -05:00 [INF] [BalambGarden] [Probe]   +1B0: 00 00 00 00 10 20 01 02 01 00 00 2E 00 01 00 00 
2026-08-13 18:56:20.182 -05:00 [INF] [BalambGarden] [Probe]   +1C0: 01 00 00 00 00 00 00 00 00 00 00 00 00 00 0C 3C 
2026-08-13 18:56:20.182 -05:00 [INF] [BalambGarden] [Probe]   +1D0: 0C 3B 00 00 0C 3C 00 00 00 00 00 00 00 00 00 00 
2026-08-13 18:56:20.182 -05:00 [INF] [BalambGarden] [Probe]   +1E0: 00 00 00 01 04 02 00 00 00 00 00 00 00 00 00 2E 
2026-08-13 18:56:20.182 -05:00 [INF] [BalambGarden] [Probe]   +1F0: 00 01 00 00 00 00 00 00 00 00 00 00 00 00 00 00 
2026-08-13 18:56:20.182 -05:00 [INF] [BalambGarden] [Probe]   +200: 00 00 0C 3E 0C 3D 00 00 0C 3E 00 00 00 00 00 00 
2026-08-13 18:56:20.182 -05:00 [INF] [BalambGarden] [Probe]   +210: C0 91 49 7E F6 7F 00 00 04 02 00 00 00 00 00 00 
2026-08-13 18:56:20.182 -05:00 [INF] [BalambGarden] [Probe] bed entity=40000FA0 index=462 pos=<-537.4, 58.5, -600.2> dist=5.37y addr=231A538EB70
2026-08-13 18:56:20.182 -05:00 [INF] [BalambGarden] [Probe]   +000: C0 91 49 7E F6 7F 00 00 61 63 65 00 00 00 00 32 
2026-08-13 18:56:20.182 -05:00 [INF] [BalambGarden] [Probe]   +010: 00 00 00 00 00 00 00 00 00 00 00 00 00 00 00 00 
2026-08-13 18:56:20.182 -05:00 [INF] [BalambGarden] [Probe]   +020: 00 00 00 00 00 00 00 00 02 5D 02 5D 02 5D 00 00 
2026-08-13 18:56:20.182 -05:00 [INF] [BalambGarden] [Probe]   +030: EE 80 B4 00 6B 20 47 6C 61 64 65 20 50 61 72 74 
2026-08-13 18:56:20.182 -05:00 [INF] [BalambGarden] [Probe]   +040: 69 74 69 6F 6E 00 79 20 4C 61 6D 70 00 00 00 03 
2026-08-13 18:56:20.182 -05:00 [INF] [BalambGarden] [Probe]   +050: C1 57 00 00 00 00 00 00 01 D7 02 5E 00 00 02 5E 
2026-08-13 18:56:20.182 -05:00 [INF] [BalambGarden] [Probe]   +060: 02 5E 02 5E 02 5E 00 00 4E 23 00 A3 01 07 00 01 
2026-08-13 18:56:20.182 -05:00 [INF] [BalambGarden] [Probe]   +070: 00 00 07 00 84 03 00 00 A0 0F 00 40 00 00 00 00 
2026-08-13 18:56:20.182 -05:00 [INF] [BalambGarden] [Probe]   +080: 10 20 01 04 2D 93 1E 00 00 00 00 E0 CE 01 F9 00 
2026-08-13 18:56:20.182 -05:00 [INF] [BalambGarden] [Probe]   +090: 07 00 00 0F 00 0F 00 00 00 01 FB 21 07 58 00 00 
2026-08-13 18:56:20.182 -05:00 [INF] [BalambGarden] [Probe]   +0A0: 00 00 00 00 01 08 00 01 03 00 07 00 00 00 53 6D 
2026-08-13 18:56:20.182 -05:00 [INF] [BalambGarden] [Probe]   +0B0: E9 5B 06 C4 01 00 6A 42 71 0A 16 C4 00 00 00 00 
2026-08-13 18:56:20.182 -05:00 [INF] [BalambGarden] [Probe]   +0C0: 00 00 49 B8 00 00 80 3F 00 00 80 3F 00 00 80 3F 
2026-08-13 18:56:20.182 -05:00 [INF] [BalambGarden] [Probe]   +0D0: 00 00 00 40 02 60 00 00 4E 28 00 A5 01 09 00 01 
2026-08-13 18:56:20.182 -05:00 [INF] [BalambGarden] [Probe]   +0E0: 00 00 00 00 00 00 00 00 00 00 00 00 00 00 00 00 
2026-08-13 18:56:20.182 -05:00 [INF] [BalambGarden] [Probe]   +0F0: 00 00 00 00 00 00 00 00 00 00 00 00 00 00 00 00 
2026-08-13 18:56:20.182 -05:00 [INF] [BalambGarden] [Probe]   +100: 00 00 00 00 00 00 00 00 A0 1C 5D 90 32 02 00 00 
2026-08-13 18:56:20.182 -05:00 [INF] [BalambGarden] [Probe]   +110: 00 00 00 00 01 0A 00 01 00 00 00 00 00 00 00 00 
2026-08-13 18:56:20.182 -05:00 [INF] [BalambGarden] [Probe]   +120: 00 00 00 00 CD CC 4C 3F 00 00 00 00 00 00 00 00 
2026-08-13 18:56:20.182 -05:00 [INF] [BalambGarden] [Probe]   +130: 00 00 00 00 CD CC 4C 3E 00 00 00 00 00 00 00 00 
2026-08-13 18:56:20.182 -05:00 [INF] [BalambGarden] [Probe]   +140: BF 01 06 C4 66 66 6A 42 86 02 16 C4 00 00 00 00 
2026-08-13 18:56:20.182 -05:00 [INF] [BalambGarden] [Probe]   +150: 00 00 00 00 03 00 07 00 B0 C2 EB 6B 32 02 00 00 
2026-08-13 18:56:20.182 -05:00 [INF] [BalambGarden] [Probe]   +160: 60 CB 80 B3 31 02 00 00 00 00 00 00 00 00 00 00 
2026-08-13 18:56:20.182 -05:00 [INF] [BalambGarden] [Probe]   +170: 00 00 00 00 CD CC 4C 3F 00 00 00 00 00 00 00 00 
2026-08-13 18:56:20.182 -05:00 [INF] [BalambGarden] [Probe]   +180: 00 00 00 00 CD CC 4C 3E 00 00 00 00 00 00 00 00 
2026-08-13 18:56:20.182 -05:00 [INF] [BalambGarden] [Probe]   +190: 00 00 53 63 61 72 65 64 00 00 00 00 00 00 00 36 
2026-08-13 18:56:20.182 -05:00 [INF] [BalambGarden] [Probe]   +1A0: 70 48 94 A5 31 02 00 00 00 00 00 00 00 00 00 00 
2026-08-13 18:56:20.182 -05:00 [INF] [BalambGarden] [Probe]   +1B0: 00 00 00 00 10 20 01 04 01 00 00 67 02 67 00 00 
2026-08-13 18:56:20.182 -05:00 [INF] [BalambGarden] [Probe]   +1C0: 01 2C 00 A9 01 0D 00 01 03 00 07 00 00 00 41 6D 
2026-08-13 18:56:20.182 -05:00 [INF] [BalambGarden] [Probe]   +1D0: 70 EB 38 A5 31 02 00 00 00 00 00 00 00 01 00 00 
2026-08-13 18:56:20.182 -05:00 [INF] [BalambGarden] [Probe]   +1E0: 00 00 00 03 C1 5E 00 00 00 00 00 00 01 DE 02 68 
2026-08-13 18:56:20.182 -05:00 [INF] [BalambGarden] [Probe]   +1F0: 00 00 02 68 02 68 02 68 02 68 00 00 4E 2D 00 AA 
2026-08-13 18:56:20.182 -05:00 [INF] [BalambGarden] [Probe]   +200: 01 0E 00 01 03 00 07 00 00 00 4F 75 63 68 00 00 
2026-08-13 18:56:20.182 -05:00 [INF] [BalambGarden] [Probe]   +210: C0 91 49 7E F6 7F 00 00 00 00 00 03 C1 5F 00 00 
2026-08-13 18:56:20.182 -05:00 [INF] [BalambGarden] [Probe] dump cap (20) reached - move closer to the beds you care about
2026-08-13 18:56:20.182 -05:00 [INF] [BalambGarden] [Probe] dumped 20 bed objects (220 bytes each)
2026-08-13 18:56:21.399 -05:00 [INF] [BalambGarden] [Probe] furniture vector: 601 entries, object array count: 200
2026-08-13 18:56:21.399 -05:00 [INF] [BalambGarden] [Probe] furniture idx=1 id=56 stain=0 pos=<-540.0, 58.5, -598.0> dist=4.9y
2026-08-13 18:56:21.399 -05:00 [INF] [BalambGarden] [Probe] furniture idx=18 id=288 stain=0 pos=<-531.5, 58.5, -593.7> dist=4.9y
2026-08-13 18:56:21.399 -05:00 [INF] [BalambGarden] [Probe] furniture idx=14 id=56 stain=0 pos=<-533.4, 58.5, -599.1> dist=5.0y
2026-08-13 18:56:21.399 -05:00 [INF] [BalambGarden] [Probe] furniture idx=17 id=363 stain=0 pos=<-531.7, 58.5, -597.4> dist=5.2y
2026-08-13 18:56:21.399 -05:00 [INF] [BalambGarden] [Probe] furniture idx=5 id=56 stain=0 pos=<-537.4, 58.5, -600.2> dist=5.4y
2026-08-13 18:56:21.399 -05:00 [INF] [BalambGarden] [Probe] furniture idx=19 id=203 stain=0 pos=<-530.2, 58.5, -594.7> dist=6.0y
2026-08-13 18:56:21.399 -05:00 [INF] [BalambGarden] [Probe] furniture idx=6 id=247 stain=0 pos=<-540.4, 58.5, -590.3> dist=6.2y
2026-08-13 18:56:21.399 -05:00 [INF] [BalambGarden] [Probe] furniture idx=8 id=255 stain=0 pos=<-535.2, 58.5, -601.5> dist=6.7y
2026-08-13 18:56:21.399 -05:00 [INF] [BalambGarden] [Probe] furniture idx=4 id=165 stain=0 pos=<-542.1, 58.5, -590.2> dist=7.5y
2026-08-13 18:56:21.399 -05:00 [INF] [BalambGarden] [Probe] furniture idx=12 id=319 stain=0 pos=<-539.2, 58.5, -587.7> dist=7.8y
2026-08-13 18:56:21.399 -05:00 [INF] [BalambGarden] [Probe] furniture idx=10 id=283 stain=0 pos=<-535.6, 58.5, -603.5> dist=8.7y
2026-08-13 18:56:21.399 -05:00 [INF] [BalambGarden] [Probe] furniture idx=0 id=275 stain=0 pos=<-544.7, 58.5, -597.0> dist=8.7y
2026-08-13 18:56:21.399 -05:00 [INF] [BalambGarden] [Probe] furniture idx=11 id=143 stain=0 pos=<-535.6, 58.9, -603.6> dist=8.7y
2026-08-13 18:56:21.399 -05:00 [INF] [BalambGarden] [Probe] furniture idx=15 id=178 stain=61 pos=<-539.6, 58.6, -586.9> dist=8.7y
2026-08-13 18:56:21.399 -05:00 [INF] [BalambGarden] [Probe] furniture idx=20 id=259 stain=0 pos=<-527.9, 58.5, -592.2> dist=8.8y
2026-08-13 18:56:21.399 -05:00 [INF] [BalambGarden] [Probe] furniture idx=2 id=288 stain=0 pos=<-544.7, 58.5, -592.3> dist=8.8y
2026-08-13 18:56:21.399 -05:00 [INF] [BalambGarden] [Probe] furniture idx=7 id=363 stain=0 pos=<-545.2, 58.5, -588.2> dist=11.1y
2026-08-13 18:56:21.399 -05:00 [INF] [BalambGarden] [Probe] furniture idx=24 id=247 stain=0 pos=<-525.7, 58.5, -590.2> dist=11.6y
2026-08-13 18:56:21.399 -05:00 [INF] [BalambGarden] [Probe] furniture idx=13 id=173 stain=61 pos=<-543.8, 58.5, -586.0> dist=11.7y
2026-08-13 18:56:21.399 -05:00 [INF] [BalambGarden] [Probe] furniture idx=25 id=96 stain=0 pos=<-525.4, 58.5, -589.9> dist=12.0y
2026-08-13 18:56:21.399 -05:00 [INF] [BalambGarden] [Probe] furniture idx=23 id=247 stain=0 pos=<-527.7, 58.5, -586.4> dist=12.1y
2026-08-13 18:56:21.399 -05:00 [INF] [BalambGarden] [Probe] furniture idx=16 id=105 stain=0 pos=<-543.3, 58.5, -585.1> dist=12.1y
2026-08-13 18:56:21.399 -05:00 [INF] [BalambGarden] [Probe] furniture idx=3 id=87 stain=0 pos=<-548.7, 58.5, -591.8> dist=12.8y
2026-08-13 18:56:21.399 -05:00 [INF] [BalambGarden] [Probe] furniture idx=27 id=259 stain=0 pos=<-524.6, 58.5, -586.4> dist=14.5y
2026-08-13 18:56:21.399 -05:00 [INF] [BalambGarden] [Probe] furniture idx=26 id=165 stain=0 pos=<-527.9, 58.5, -583.1> dist=14.5y
2026-08-13 18:56:21.399 -05:00 [INF] [BalambGarden] [Probe] furniture idx=21 id=319 stain=0 pos=<-537.7, 58.5, -580.3> dist=14.7y
2026-08-13 18:56:21.399 -05:00 [INF] [BalambGarden] [Probe] furniture idx=9 id=95 stain=0 pos=<-550.1, 58.7, -587.5> dist=15.7y
2026-08-13 18:56:21.399 -05:00 [INF] [BalambGarden] [Probe] furniture idx=30 id=341 stain=59 pos=<-525.2, 59.0, -579.6> dist=18.9y
2026-08-13 18:56:21.399 -05:00 [INF] [BalambGarden] [Probe] furniture idx=28 id=319 stain=0 pos=<-534.3, 58.5, -575.9> dist=19.1y
2026-08-13 18:56:21.399 -05:00 [INF] [BalambGarden] [Probe] furniture idx=31 id=147 stain=0 pos=<-529.7, 58.5, -575.3> dist=20.7y
2026-08-13 18:56:21.399 -05:00 [INF] [BalambGarden] [Probe] furniture idx=33 id=288 stain=0 pos=<-521.6, 58.5, -580.0> dist=20.9y
2026-08-13 18:56:21.399 -05:00 [INF] [BalambGarden] [Probe] furniture idx=34 id=363 stain=0 pos=<-519.2, 58.5, -581.8> dist=21.5y
2026-08-13 18:56:21.399 -05:00 [INF] [BalambGarden] [Probe] furniture idx=32 id=147 stain=0 pos=<-532.6, 58.5, -573.2> dist=22.0y
2026-08-13 18:56:21.399 -05:00 [INF] [BalambGarden] [Probe] furniture idx=38 id=203 stain=0 pos=<-517.9, 58.5, -580.0> dist=23.7y
2026-08-13 18:56:21.399 -05:00 [INF] [BalambGarden] [Probe] furniture idx=37 id=143 stain=0 pos=<-522.7, 58.5, -574.4> dist=24.6y
2026-08-13 18:56:21.399 -05:00 [INF] [BalambGarden] [Probe] furniture idx=35 id=22 stain=0 pos=<-528.7, 58.5, -571.4> dist=24.7y
2026-08-13 18:56:21.399 -05:00 [INF] [BalambGarden] [Probe] furniture idx=22 id=336 stain=0 pos=<-556.4, 58.9, -580.0> dist=25.0y
2026-08-13 18:56:21.399 -05:00 [INF] [BalambGarden] [Probe] furniture idx=36 id=333 stain=0 pos=<-528.4, 58.5, -571.0> dist=25.2y
2026-08-13 18:56:21.399 -05:00 [INF] [BalambGarden] [Probe] furniture idx=40 id=173 stain=61 pos=<-523.7, 58.5, -572.5> dist=25.7y
2026-08-13 18:56:21.399 -05:00 [INF] [BalambGarden] [Probe] furniture idx=39 id=173 stain=61 pos=<-524.0, 58.5, -572.3> dist=25.8y
2026-08-13 18:56:21.399 -05:00 [INF] [BalambGarden] [Probe] furniture idx=42 id=195 stain=61 pos=<-519.2, 58.5, -575.0> dist=26.2y
2026-08-13 18:56:21.399 -05:00 [INF] [BalambGarden] [Probe] furniture idx=44 id=319 stain=0 pos=<-523.7, 58.5, -570.4> dist=27.5y
2026-08-13 18:56:21.399 -05:00 [INF] [BalambGarden] [Probe] furniture idx=45 id=178 stain=61 pos=<-524.4, 58.5, -569.6> dist=28.0y
2026-08-13 18:56:21.399 -05:00 [INF] [BalambGarden] [Probe] furniture idx=46 id=178 stain=61 pos=<-523.8, 58.5, -569.6> dist=28.2y
2026-08-13 18:56:21.399 -05:00 [INF] [BalambGarden] [Probe] furniture idx=48 id=86 stain=0 pos=<-516.2, 58.5, -574.6> dist=28.5y
2026-08-13 18:56:21.399 -05:00 [INF] [BalambGarden] [Probe] furniture idx=47 id=394 stain=0 pos=<-525.5, 58.5, -567.9> dist=29.1y
2026-08-13 18:56:21.399 -05:00 [INF] [BalambGarden] [Probe] furniture idx=29 id=148 stain=0 pos=<-559.2, 58.8, -575.1> dist=30.3y
2026-08-13 18:56:21.399 -05:00 [INF] [BalambGarden] [Probe] furniture idx=52 id=190 stain=0 pos=<-519.0, 58.5, -569.7> dist=30.6y
2026-08-13 18:56:21.399 -05:00 [INF] [BalambGarden] [Probe] furniture idx=53 id=195 stain=55 pos=<-513.3, 58.5, -574.5> dist=30.7y
2026-08-13 18:56:21.399 -05:00 [INF] [BalambGarden] [Probe] furniture idx=49 id=173 stain=61 pos=<-526.1, 58.6, -565.5> dist=31.1y
2026-08-13 18:56:21.399 -05:00 [INF] [BalambGarden] [Probe] furniture idx=50 id=173 stain=61 pos=<-525.4, 58.6, -565.6> dist=31.3y
2026-08-13 18:56:21.399 -05:00 [INF] [BalambGarden] [Probe] furniture idx=51 id=173 stain=61 pos=<-525.8, 58.6, -565.1> dist=31.6y
2026-08-13 18:56:21.399 -05:00 [INF] [BalambGarden] [Probe] furniture idx=54 id=288 stain=0 pos=<-515.9, 58.6, -570.0> dist=32.2y
2026-08-13 18:56:21.399 -05:00 [INF] [BalambGarden] [Probe] furniture idx=55 id=283 stain=0 pos=<-511.0, 58.5, -574.3> dist=32.6y
2026-08-13 18:56:21.399 -05:00 [INF] [BalambGarden] [Probe] furniture idx=41 id=234 stain=0 pos=<-569.0, 58.5, -573.7> dist=39.0y
2026-08-13 18:56:21.399 -05:00 [INF] [BalambGarden] [Probe] furniture idx=43 id=283 stain=0 pos=<-570.8, 58.5, -574.0> dist=40.4y
2026-08-13 18:56:21.399 -05:00 [INF] [BalambGarden] [Probe] furniture within 45y: 56
2026-08-13 18:56:21.399 -05:00 [INF] [BalambGarden] [Probe] datamap key=62 bytes: 41 00 04 00 00 10 2C 00 04 00 00 51 41 00 04 00 00 00 41 00 04 00 00 00 2C 00 04 00 00 A7 24 00 04 00 00 69 2C 00 04 00 00 00 41 00 04 00 00 00 
2026-08-13 18:56:21.400 -05:00 [INF] [BalambGarden] [Probe] key=62 decoded (8/8 occupied):
2026-08-13 18:56:21.400 -05:00 [INF] [BalambGarden] [Probe] datamap key=110 bytes: 41 00 01 00 00 10 11 00 01 00 00 51 41 00 01 00 00 00 11 00 01 00 00 00 41 00 01 00 00 A7 11 00 01 00 00 69 41 00 01 00 00 00 11 00 01 00 00 00 
2026-08-13 18:56:21.400 -05:00 [INF] [BalambGarden] [Probe] key=110 decoded (8/8 occupied):
2026-08-13 18:56:21.400 -05:00 [INF] [BalambGarden] [Probe] datamap key=116 bytes: 41 00 03 00 00 10 11 00 03 00 00 51 41 00 03 00 00 00 11 00 03 00 00 00 41 00 03 00 00 A7 11 00 03 00 00 69 41 00 03 00 00 00 11 00 03 00 00 00 
2026-08-13 18:56:21.400 -05:00 [INF] [BalambGarden] [Probe] key=116 decoded (8/8 occupied):
2026-08-13 18:56:21.400 -05:00 [INF] [BalambGarden] [Probe] datamap key=117 bytes: 41 00 03 00 00 10 11 00 03 00 00 51 41 00 03 00 00 00 11 00 03 00 00 00 41 00 03 00 00 A7 11 00 03 00 00 69 41 00 03 00 00 00 11 00 03 00 00 00 
2026-08-13 18:56:21.400 -05:00 [INF] [BalambGarden] [Probe] key=117 decoded (8/8 occupied):
2026-08-13 18:56:21.400 -05:00 [INF] [BalambGarden] [Probe] datamap key=285 bytes: 2B 00 03 00 00 00 30 00 01 00 00 00 2B 00 03 00 00 00 30 00 01 00 00 00 2B 00 03 00 00 02 30 00 01 00 00 00 2B 00 03 00 00 CD 30 00 01 00 00 00 
2026-08-13 18:56:21.400 -05:00 [INF] [BalambGarden] [Probe] key=285 decoded (8/8 occupied):
2026-08-13 18:56:21.400 -05:00 [INF] [BalambGarden] [Probe] datamap key=286 bytes: 09 00 01 00 00 00 31 00 03 00 00 00 09 00 01 00 00 00 31 00 03 00 00 00 09 00 01 00 00 02 31 00 03 00 00 00 09 00 01 00 00 CD 31 00 03 00 00 00 
2026-08-13 18:56:21.400 -05:00 [INF] [BalambGarden] [Probe] key=286 decoded (8/8 occupied):
2026-08-13 18:56:21.400 -05:00 [INF] [BalambGarden] [Probe] datamap key=290 bytes: 24 00 01 00 00 00 2E 00 01 00 00 00 24 00 01 00 00 00 2E 00 01 00 00 00 24 00 01 00 00 02 2E 00 01 00 00 00 24 00 01 00 00 CD 2E 00 01 00 00 00 
2026-08-13 18:56:21.400 -05:00 [INF] [BalambGarden] [Probe] key=290 decoded (8/8 occupied):
2026-08-13 18:56:21.400 -05:00 [INF] [BalambGarden] [Probe] datamap key=365 bytes: 41 00 04 00 00 00 41 00 04 00 00 00 2F 00 04 00 00 00 41 00 04 00 00 00 2F 00 04 00 00 02 41 00 04 00 00 00 41 00 04 00 00 CD 2F 00 04 00 00 00 
2026-08-13 18:56:21.400 -05:00 [INF] [BalambGarden] [Probe] key=365 decoded (8/8 occupied):
2026-08-13 18:56:21.400 -05:00 [INF] [BalambGarden] [Probe] datamap key=402 bytes: 00 00 00 00 00 00 00 00 00 00 00 00 00 00 00 00 00 00 00 00 00 00 00 00 00 00 00 00 00 02 00 00 00 00 00 00 00 00 00 00 00 CD 00 00 00 00 00 00 
2026-08-13 18:56:21.400 -05:00 [INF] [BalambGarden] [Probe] datamap key=447 bytes: 48 00 04 00 00 00 48 00 04 00 00 00 48 00 04 00 00 00 47 00 04 00 00 00 47 00 04 00 00 02 48 00 04 00 00 00 48 00 04 00 00 CD 48 00 04 00 00 00 
2026-08-13 18:56:21.400 -05:00 [INF] [BalambGarden] [Probe] key=447 decoded (8/8 occupied):
2026-08-13 18:56:21.400 -05:00 [INF] [BalambGarden] [Probe] datamap key=581 bytes: 00 00 00 00 00 00 00 00 00 00 00 00 00 00 00 00 00 00 00 00 00 00 00 00 00 00 00 00 00 02 00 00 00 00 00 00 00 00 00 00 00 CD 00 00 00 00 00 00 
2026-08-13 18:56:21.400 -05:00 [INF] [BalambGarden] [Probe] datamap key=661 bytes: 00 00 00 00 00 00 00 00 00 00 00 00 00 00 00 00 00 00 00 00 00 00 00 00 00 00 00 00 00 02 00 00 00 00 00 00 00 00 00 00 00 CD 00 00 00 00 00 00 
2026-08-13 18:56:21.400 -05:00 [INF] [BalambGarden] [Probe] datamap key=759 bytes: 4D 00 04 00 00 00 4D 00 04 00 00 00 4D 00 04 00 00 00 4D 00 04 00 00 00 4D 00 04 00 00 02 4D 00 04 00 00 00 4D 00 04 00 00 CD 4D 00 04 00 00 00 
2026-08-13 18:56:21.400 -05:00 [INF] [BalambGarden] [Probe] key=759 decoded (8/8 occupied):
2026-08-13 18:56:21.400 -05:00 [INF] [BalambGarden] [Probe] datamap key=760 bytes: 4D 00 04 00 00 00 4D 00 04 00 00 00 4D 00 04 00 00 00 4D 00 04 00 00 00 4D 00 04 00 00 02 4D 00 04 00 00 00 4D 00 04 00 00 CD 4D 00 04 00 00 00 
2026-08-13 18:56:21.400 -05:00 [INF] [BalambGarden] [Probe] key=760 decoded (8/8 occupied):
2026-08-13 18:56:21.400 -05:00 [INF] [BalambGarden] [Probe] datamap key=891 bytes: 24 00 03 00 00 00 2C 00 01 00 00 00 24 00 03 00 00 00 2C 00 01 00 00 00 24 00 03 00 00 02 2C 00 01 00 00 00 24 00 03 00 00 CD 2C 00 01 00 00 00 
2026-08-13 18:56:21.400 -05:00 [INF] [BalambGarden] [Probe] key=891 decoded (8/8 occupied):
2026-08-13 18:56:21.400 -05:00 [INF] [BalambGarden] [Probe] datamap key=969 bytes: 00 00 00 00 00 00 00 00 00 00 00 00 00 00 00 00 00 00 00 00 00 00 00 00 00 00 00 00 00 02 00 00 00 00 00 00 00 00 00 00 00 CD 00 00 00 00 00 00 
2026-08-13 18:56:21.400 -05:00 [INF] [BalambGarden] [Probe] datamap key=1020 bytes: 00 00 00 00 00 00 00 00 00 00 00 00 00 00 00 00 00 00 00 00 00 00 00 00 00 00 00 00 00 02 00 00 00 00 00 00 00 00 00 00 00 CD 00 00 00 00 00 00 
2026-08-13 18:56:21.400 -05:00 [INF] [BalambGarden] [Probe] datamap key=1067 bytes: 47 00 04 00 00 00 47 00 04 00 00 00 47 00 04 00 00 00 47 00 04 00 00 00 47 00 04 00 00 02 47 00 04 00 00 00 47 00 04 00 00 CD 47 00 04 00 00 00 
2026-08-13 18:56:21.400 -05:00 [INF] [BalambGarden] [Probe] key=1067 decoded (8/8 occupied):
2026-08-13 18:56:21.400 -05:00 [INF] [BalambGarden] [Probe] datamap key=1150 bytes: 1D 00 04 00 00 00 00 00 00 00 00 00 1D 00 04 00 00 00 00 00 00 00 00 00 1D 00 04 00 00 02 00 00 00 00 00 00 1D 00 04 00 00 CD 00 00 00 00 00 00 
2026-08-13 18:56:21.400 -05:00 [INF] [BalambGarden] [Probe] key=1150 decoded (4/8 occupied):
2026-08-13 18:56:21.400 -05:00 [INF] [BalambGarden] [Probe] datamap key=1180 bytes: 00 00 00 00 00 00 00 00 00 00 00 00 00 00 00 00 00 00 00 00 00 00 00 00 00 00 00 00 00 02 00 00 00 00 00 00 00 00 00 00 00 CD 00 00 00 00 00 00 
2026-08-13 18:56:21.400 -05:00 [INF] [BalambGarden] [Probe] datamap key=1231 bytes: 00 00 00 00 00 00 00 00 00 00 00 00 00 00 00 00 00 00 00 00 00 00 00 00 00 00 00 00 00 02 00 00 00 00 00 00 00 00 00 00 00 CD 00 00 00 00 00 00 
2026-08-13 18:56:21.400 -05:00 [INF] [BalambGarden] [Probe] datamap key=1293 bytes: 31 00 01 00 00 00 11 00 01 00 00 00 31 00 01 00 00 00 11 00 01 00 00 00 31 00 01 00 00 02 11 00 01 00 00 00 31 00 01 00 00 CD 11 00 01 00 00 00 
2026-08-13 18:56:21.400 -05:00 [INF] [BalambGarden] [Probe] key=1293 decoded (8/8 occupied):
2026-08-13 18:56:21.400 -05:00 [INF] [BalambGarden] [Probe] datamap key=1313 bytes: 31 00 01 00 00 00 11 00 02 00 00 00 31 00 01 00 00 00 11 00 02 00 00 00 31 00 01 00 00 02 11 00 02 00 00 00 31 00 01 00 00 CD 11 00 02 00 00 00 
2026-08-13 18:56:21.400 -05:00 [INF] [BalambGarden] [Probe] key=1313 decoded (8/8 occupied):
2026-08-13 18:56:21.400 -05:00 [INF] [BalambGarden] [Probe] datamap key=1319 bytes: 31 00 01 00 00 00 11 00 02 00 00 00 31 00 01 00 00 00 11 00 02 00 00 00 31 00 01 00 00 02 11 00 02 00 00 00 31 00 01 00 00 CD 11 00 02 00 00 00 
2026-08-13 18:56:21.400 -05:00 [INF] [BalambGarden] [Probe] key=1319 decoded (8/8 occupied):
2026-08-13 18:56:21.400 -05:00 [INF] [BalambGarden] [Probe] datamap entries logged: 24
2026-08-13 18:56:21.400 -05:00 [INF] [BalambGarden] [Probe] bed gimmick=0x0200200A low=0x0A (10) dist=4.9y pos=<-540.0, 58.5, -598.0>
2026-08-13 18:56:21.400 -05:00 [INF] [BalambGarden] [Probe] bed gimmick=0x0000200A low=0x0A (10) dist=4.9y pos=<-540.0, 58.5, -598.0>
2026-08-13 18:56:21.400 -05:00 [INF] [BalambGarden] [Probe] bed gimmick=0x0100200A low=0x0A (10) dist=4.9y pos=<-540.0, 58.5, -598.0>
2026-08-13 18:56:21.400 -05:00 [INF] [BalambGarden] [Probe] bed gimmick=0x0600200A low=0x0A (10) dist=4.9y pos=<-540.0, 58.5, -598.0>
2026-08-13 18:56:21.400 -05:00 [INF] [BalambGarden] [Probe] bed gimmick=0x0500200A low=0x0A (10) dist=4.9y pos=<-540.0, 58.5, -598.0>
2026-08-13 18:56:21.400 -05:00 [INF] [BalambGarden] [Probe] bed gimmick=0x0300200A low=0x0A (10) dist=4.9y pos=<-540.0, 58.5, -598.0>
2026-08-13 18:56:21.400 -05:00 [INF] [BalambGarden] [Probe] bed gimmick=0x0400200A low=0x0A (10) dist=4.9y pos=<-540.0, 58.5, -598.0>
2026-08-13 18:56:21.400 -05:00 [INF] [BalambGarden] [Probe] bed gimmick=0x0700200A low=0x0A (10) dist=4.9y pos=<-540.0, 58.5, -598.0>
2026-08-13 18:56:21.400 -05:00 [INF] [BalambGarden] [Probe] bed gimmick=0x00022011 low=0x11 (17) dist=5.0y pos=<-533.4, 58.5, -599.1>
2026-08-13 18:56:21.400 -05:00 [INF] [BalambGarden] [Probe] bed gimmick=0x01022011 low=0x11 (17) dist=5.0y pos=<-533.4, 58.5, -599.1>
2026-08-13 18:56:21.400 -05:00 [INF] [BalambGarden] [Probe] bed gimmick=0x03022011 low=0x11 (17) dist=5.0y pos=<-533.4, 58.5, -599.1>
2026-08-13 18:56:21.400 -05:00 [INF] [BalambGarden] [Probe] bed gimmick=0x04022011 low=0x11 (17) dist=5.0y pos=<-533.4, 58.5, -599.1>
2026-08-13 18:56:21.400 -05:00 [INF] [BalambGarden] [Probe] bed gimmick=0x05022011 low=0x11 (17) dist=5.0y pos=<-533.4, 58.5, -599.1>
2026-08-13 18:56:21.400 -05:00 [INF] [BalambGarden] [Probe] bed gimmick=0x06022011 low=0x11 (17) dist=5.0y pos=<-533.4, 58.5, -599.1>
2026-08-13 18:56:21.400 -05:00 [INF] [BalambGarden] [Probe] bed gimmick=0x07022011 low=0x11 (17) dist=5.0y pos=<-533.4, 58.5, -599.1>
2026-08-13 18:56:21.400 -05:00 [INF] [BalambGarden] [Probe] bed gimmick=0x02022011 low=0x11 (17) dist=5.0y pos=<-533.4, 58.5, -599.1>
2026-08-13 18:56:21.400 -05:00 [INF] [BalambGarden] [Probe] bed gimmick=0x00012010 low=0x10 (16) dist=5.4y pos=<-537.4, 58.5, -600.2>
2026-08-13 18:56:21.400 -05:00 [INF] [BalambGarden] [Probe] bed gimmick=0x06012010 low=0x10 (16) dist=5.4y pos=<-537.4, 58.5, -600.2>
2026-08-13 18:56:21.400 -05:00 [INF] [BalambGarden] [Probe] bed gimmick=0x02012010 low=0x10 (16) dist=5.4y pos=<-537.4, 58.5, -600.2>
2026-08-13 18:56:21.400 -05:00 [INF] [BalambGarden] [Probe] bed gimmick=0x04012010 low=0x10 (16) dist=5.4y pos=<-537.4, 58.5, -600.2>
2026-08-13 18:56:21.400 -05:00 [INF] [BalambGarden] [Probe] bed gimmick=0x05012010 low=0x10 (16) dist=5.4y pos=<-537.4, 58.5, -600.2>
2026-08-13 18:56:21.400 -05:00 [INF] [BalambGarden] [Probe] bed gimmick=0x07012010 low=0x10 (16) dist=5.4y pos=<-537.4, 58.5, -600.2>
2026-08-13 18:56:21.400 -05:00 [INF] [BalambGarden] [Probe] bed gimmick=0x01012010 low=0x10 (16) dist=5.4y pos=<-537.4, 58.5, -600.2>
2026-08-13 18:56:21.400 -05:00 [INF] [BalambGarden] [Probe] bed gimmick=0x03012010 low=0x10 (16) dist=5.4y pos=<-537.4, 58.5, -600.2>
2026-08-13 18:58:54.338 -05:00 [INF] [BalambGarden] [Probe] bed entity=40000EB4 index=474 pos=<-572.9, 27.5, -836.1> dist=3.63y addr=231A5390430
2026-08-13 18:58:54.338 -05:00 [INF] [BalambGarden] [Probe]   +000: C0 91 49 7E F6 7F 00 00 00 00 00 00 27 76 1F AC 
2026-08-13 18:58:54.338 -05:00 [INF] [BalambGarden] [Probe]   +010: 00 00 00 00 00 00 00 00 00 00 00 00 00 00 00 00 
2026-08-13 18:58:54.338 -05:00 [INF] [BalambGarden] [Probe]   +020: 00 00 00 00 00 00 00 00 00 01 00 00 00 00 00 03 
2026-08-13 18:58:54.338 -05:00 [INF] [BalambGarden] [Probe]   +030: EE 80 B4 00 69 72 65 00 02 40 18 6B 00 00 00 00 
2026-08-13 18:58:54.338 -05:00 [INF] [BalambGarden] [Probe]   +040: 00 00 00 00 00 00 00 00 2E E4 1F AE 1F AF 00 01 
2026-08-13 18:58:54.338 -05:00 [INF] [BalambGarden] [Probe]   +050: 02 00 10 00 00 00 55 6C 74 69 6D 61 00 00 00 00 
2026-08-13 18:58:54.338 -05:00 [INF] [BalambGarden] [Probe]   +060: 00 00 00 36 00 01 00 00 00 00 00 03 C2 44 00 00 
2026-08-13 18:58:54.338 -05:00 [INF] [BalambGarden] [Probe]   +070: 00 0D 00 00 F7 03 00 00 B4 0E 00 40 00 00 00 00 
2026-08-13 18:58:54.338 -05:00 [INF] [BalambGarden] [Probe]   +080: 27 39 01 05 2D 93 1E 00 00 00 00 E0 DA 01 F9 00 
2026-08-13 18:58:54.338 -05:00 [INF] [BalambGarden] [Probe]   +090: 07 00 00 0F 00 0F 00 00 00 01 FB 21 07 00 00 2E 
2026-08-13 18:58:54.338 -05:00 [INF] [BalambGarden] [Probe]   +0A0: 00 00 00 00 00 00 00 00 00 00 00 00 00 00 00 00 
2026-08-13 18:58:54.338 -05:00 [INF] [BalambGarden] [Probe]   +0B0: AB 37 0F C4 01 00 DC 41 DE 06 51 C4 00 00 00 00 
2026-08-13 18:58:54.338 -05:00 [INF] [BalambGarden] [Probe]   +0C0: 00 00 49 B8 00 00 80 3F 00 00 80 3F 00 00 80 3F 
2026-08-13 18:58:54.338 -05:00 [INF] [BalambGarden] [Probe]   +0D0: 00 00 00 40 00 01 00 00 00 00 00 03 C2 45 00 00 
2026-08-13 18:58:54.338 -05:00 [INF] [BalambGarden] [Probe]   +0E0: 00 00 00 00 00 00 00 00 00 00 00 00 00 00 00 00 
2026-08-13 18:58:54.338 -05:00 [INF] [BalambGarden] [Probe]   +0F0: 00 00 00 00 00 00 00 00 00 00 00 01 01 00 12 00 
2026-08-13 18:58:54.338 -05:00 [INF] [BalambGarden] [Probe]   +100: 00 00 00 00 00 00 00 00 B0 A3 62 81 32 02 00 00 
2026-08-13 18:58:54.338 -05:00 [INF] [BalambGarden] [Probe]   +110: 00 00 00 00 00 00 00 03 00 00 00 00 00 00 00 00 
2026-08-13 18:58:54.338 -05:00 [INF] [BalambGarden] [Probe]   +120: 00 00 00 00 00 00 00 3F 00 00 00 00 00 00 00 00 
2026-08-13 18:58:54.338 -05:00 [INF] [BalambGarden] [Probe]   +130: 00 00 00 00 CD CC 4C 3E 00 00 00 00 00 00 00 00 
2026-08-13 18:58:54.338 -05:00 [INF] [BalambGarden] [Probe]   +140: 30 70 0F C4 CB CC DC 41 E5 24 51 C4 00 00 00 00 
2026-08-13 18:58:54.338 -05:00 [INF] [BalambGarden] [Probe]   +150: 00 00 00 00 02 45 18 5D 60 38 67 6C 32 02 00 00 
2026-08-13 18:58:54.338 -05:00 [INF] [BalambGarden] [Probe]   +160: 60 CB 80 B3 31 02 00 00 00 00 00 00 00 00 00 00 
2026-08-13 18:58:54.338 -05:00 [INF] [BalambGarden] [Probe]   +170: 00 00 00 00 00 00 00 3F 00 00 00 00 00 00 00 00 
2026-08-13 18:58:54.338 -05:00 [INF] [BalambGarden] [Probe]   +180: 00 00 00 00 CD CC 4C 3E 00 00 00 00 00 00 00 00 
2026-08-13 18:58:54.338 -05:00 [INF] [BalambGarden] [Probe]   +190: 10 5E 00 00 00 00 00 00 00 00 00 00 2B 02 1F B6 
2026-08-13 18:58:54.338 -05:00 [INF] [BalambGarden] [Probe]   +1A0: 70 48 94 A5 31 02 00 00 00 00 00 00 00 00 00 00 
2026-08-13 18:58:54.338 -05:00 [INF] [BalambGarden] [Probe]   +1B0: 00 00 00 00 27 39 01 05 01 00 00 00 00 00 00 03 
2026-08-13 18:58:54.338 -05:00 [INF] [BalambGarden] [Probe]   +1C0: 01 48 00 00 01 09 00 00 02 47 18 50 00 00 18 51 
2026-08-13 18:58:54.338 -05:00 [INF] [BalambGarden] [Probe]   +1D0: 18 51 18 51 00 00 00 00 17 77 1F B8 1F B9 00 01 
2026-08-13 18:58:54.338 -05:00 [INF] [BalambGarden] [Probe]   +1E0: 01 00 17 00 00 00 45 6C 75 63 69 64 61 74 65 00 
2026-08-13 18:58:54.338 -05:00 [INF] [BalambGarden] [Probe]   +1F0: 00 00 00 36 00 01 00 00 00 00 00 03 C1 71 00 01 
2026-08-13 18:58:54.338 -05:00 [INF] [BalambGarden] [Probe]   +200: 0C 04 00 00 02 48 18 75 00 00 18 75 18 75 18 75 
2026-08-13 18:58:54.338 -05:00 [INF] [BalambGarden] [Probe]   +210: C0 91 49 7E F6 7F 00 00 1F BB 00 01 03 00 07 00 
2026-08-13 18:58:54.338 -05:00 [INF] [BalambGarden] [Probe] bed entity=40000EB3 index=475 pos=<-572.9, 27.5, -836.1> dist=3.63y addr=231A5390640
2026-08-13 18:58:54.338 -05:00 [INF] [BalambGarden] [Probe]   +000: C0 91 49 7E F6 7F 00 00 1F BB 00 01 03 00 07 00 
2026-08-13 18:58:54.338 -05:00 [INF] [BalambGarden] [Probe]   +010: 00 00 00 00 00 00 00 00 00 00 00 00 00 00 00 00 
2026-08-13 18:58:54.338 -05:00 [INF] [BalambGarden] [Probe]   +020: 00 00 00 00 00 00 00 00 C1 72 00 00 00 00 00 00 
2026-08-13 18:58:54.338 -05:00 [INF] [BalambGarden] [Probe]   +030: EE 80 B4 00 6C 20 4C 65 74 74 65 72 20 42 6F 78 
2026-08-13 18:58:54.338 -05:00 [INF] [BalambGarden] [Probe]   +040: 00 25 1F BC 1F BD 00 01 03 00 07 00 00 00 57 69 
2026-08-13 18:58:54.338 -05:00 [INF] [BalambGarden] [Probe]   +050: 6E 6B 20 28 4C 65 66 74 29 00 00 00 00 00 00 3A 
2026-08-13 18:58:54.338 -05:00 [INF] [BalambGarden] [Probe]   +060: 00 01 00 00 00 00 00 03 C2 49 00 00 01 89 00 00 
2026-08-13 18:58:54.338 -05:00 [INF] [BalambGarden] [Probe]   +070: 00 4A 18 96 F6 03 00 00 B3 0E 00 40 00 00 00 00 
2026-08-13 18:58:54.338 -05:00 [INF] [BalambGarden] [Probe]   +080: 27 39 01 06 2D 93 1E 00 00 00 00 E0 DB 01 F9 00 
2026-08-13 18:58:54.338 -05:00 [INF] [BalambGarden] [Probe]   +090: 07 00 00 0F 00 0F 00 00 00 01 FB 21 07 00 00 3A 
2026-08-13 18:58:54.338 -05:00 [INF] [BalambGarden] [Probe]   +0A0: 00 00 00 00 00 00 00 03 C2 4A 00 00 01 8A 00 00 
2026-08-13 18:58:54.338 -05:00 [INF] [BalambGarden] [Probe]   +0B0: AB 37 0F C4 01 00 DC 41 DE 06 51 C4 00 00 00 00 
2026-08-13 18:58:54.338 -05:00 [INF] [BalambGarden] [Probe]   +0C0: 00 00 49 B8 00 00 80 3F 00 00 80 3F 00 00 80 3F 
2026-08-13 18:58:54.338 -05:00 [INF] [BalambGarden] [Probe]   +0D0: 00 00 00 40 20 53 74 65 70 00 00 00 00 00 00 32 
2026-08-13 18:58:54.338 -05:00 [INF] [BalambGarden] [Probe]   +0E0: 00 00 00 00 00 00 00 00 00 00 00 00 00 00 00 00 
2026-08-13 18:58:54.338 -05:00 [INF] [BalambGarden] [Probe]   +0F0: 00 00 00 00 00 00 00 00 00 00 00 00 00 00 00 00 
2026-08-13 18:58:54.338 -05:00 [INF] [BalambGarden] [Probe]   +100: 00 00 00 00 00 00 00 00 30 B5 62 81 32 02 00 00 
2026-08-13 18:58:54.338 -05:00 [INF] [BalambGarden] [Probe]   +110: 00 00 00 00 00 00 00 36 00 00 00 00 00 00 00 00 
2026-08-13 18:58:54.338 -05:00 [INF] [BalambGarden] [Probe]   +120: 00 00 00 00 00 00 00 3F 00 00 00 00 00 00 00 00 
2026-08-13 18:58:54.338 -05:00 [INF] [BalambGarden] [Probe]   +130: 00 00 00 00 CD CC 4C 3E 00 00 00 00 00 00 00 00 
2026-08-13 18:58:54.338 -05:00 [INF] [BalambGarden] [Probe]   +140: 29 52 0F C4 CB CC DC 41 6A 5D 51 C4 00 00 00 00 
2026-08-13 18:58:54.338 -05:00 [INF] [BalambGarden] [Probe]   +150: 00 00 00 00 00 01 00 00 B0 2C 67 6C 32 02 00 00 
2026-08-13 18:58:54.338 -05:00 [INF] [BalambGarden] [Probe]   +160: 60 CB 80 B3 31 02 00 00 00 00 00 00 00 00 00 00 
2026-08-13 18:58:54.338 -05:00 [INF] [BalambGarden] [Probe]   +170: 00 00 00 00 00 00 00 3F 00 00 00 00 00 00 00 00 
2026-08-13 18:58:54.338 -05:00 [INF] [BalambGarden] [Probe]   +180: 00 00 00 00 CD CC 4C 3E 00 00 00 00 00 00 00 00 
2026-08-13 18:58:54.338 -05:00 [INF] [BalambGarden] [Probe]   +190: 00 01 00 00 00 00 00 03 C1 73 00 01 0C 4C 00 00 
2026-08-13 18:58:54.338 -05:00 [INF] [BalambGarden] [Probe]   +1A0: 70 48 94 A5 31 02 00 00 00 00 00 00 00 00 00 00 
2026-08-13 18:58:54.338 -05:00 [INF] [BalambGarden] [Probe]   +1B0: 00 00 00 00 27 39 01 06 01 00 00 00 00 00 45 6E 
2026-08-13 18:58:54.338 -05:00 [INF] [BalambGarden] [Probe]   +1C0: 00 75 72 65 00 00 00 00 00 00 00 36 00 01 00 00 
2026-08-13 18:58:54.338 -05:00 [INF] [BalambGarden] [Probe]   +1D0: 00 00 00 03 C2 4E 00 00 01 96 00 00 02 50 18 9E 
2026-08-13 18:58:54.338 -05:00 [INF] [BalambGarden] [Probe]   +1E0: 00 00 18 9F 18 9F 18 9F 00 00 00 00 17 84 1F CA 
2026-08-13 18:58:54.338 -05:00 [INF] [BalambGarden] [Probe]   +1F0: 1F CB 00 01 01 00 17 00 00 00 54 6F 6D 65 73 74 
2026-08-13 18:58:54.338 -05:00 [INF] [BalambGarden] [Probe]   +200: 6F 6E 65 00 00 00 00 36 00 01 00 00 00 00 00 03 
2026-08-13 18:58:54.338 -05:00 [INF] [BalambGarden] [Probe]   +210: B0 28 60 7E F6 7F 00 00 02 51 18 9B 18 9A 00 00 
2026-08-13 18:58:54.338 -05:00 [INF] [BalambGarden] [Probe] bed entity=40000EB2 index=486 pos=<-572.9, 27.5, -836.1> dist=3.63y addr=231A5391CF0
2026-08-13 18:58:54.338 -05:00 [INF] [BalambGarden] [Probe]   +000: C0 91 49 7E F6 7F 00 00 00 01 00 00 00 00 00 03 
2026-08-13 18:58:54.338 -05:00 [INF] [BalambGarden] [Probe]   +010: 00 00 00 00 00 00 00 00 00 00 00 00 00 00 00 00 
2026-08-13 18:58:54.338 -05:00 [INF] [BalambGarden] [Probe]   +020: 00 00 00 00 00 00 00 00 17 AC 20 65 20 64 02 8A 
2026-08-13 18:58:54.338 -05:00 [INF] [BalambGarden] [Probe]   +030: EE 80 B4 00 6C 65 20 4C 65 74 74 65 72 20 42 6F 
2026-08-13 18:58:54.338 -05:00 [INF] [BalambGarden] [Probe]   +040: 78 00 00 3A 00 01 00 00 00 00 00 03 C2 9B 00 00 
2026-08-13 18:58:54.338 -05:00 [INF] [BalambGarden] [Probe]   +050: 01 E4 00 00 02 A7 1F B5 00 00 00 00 00 00 00 00 
2026-08-13 18:58:54.338 -05:00 [INF] [BalambGarden] [Probe]   +060: 00 00 00 00 0C 30 20 67 20 66 02 BC 01 00 10 00 
2026-08-13 18:58:54.338 -05:00 [INF] [BalambGarden] [Probe]   +070: 00 00 55 63 F5 03 00 00 B2 0E 00 40 00 00 00 00 
2026-08-13 18:58:54.338 -05:00 [INF] [BalambGarden] [Probe]   +080: 27 39 01 07 2D 93 1E 00 00 00 00 E0 E6 01 F9 00 
2026-08-13 18:58:54.338 -05:00 [INF] [BalambGarden] [Probe]   +090: 07 00 00 0F 00 0F 00 00 00 01 FB 21 07 00 00 00 
2026-08-13 18:58:54.338 -05:00 [INF] [BalambGarden] [Probe]   +0A0: 00 00 00 00 2C F6 20 69 20 68 02 C6 02 4A 10 00 
2026-08-13 18:58:54.338 -05:00 [INF] [BalambGarden] [Probe]   +0B0: AB 37 0F C4 01 00 DC 41 DE 06 51 C4 00 00 00 00 
2026-08-13 18:58:54.338 -05:00 [INF] [BalambGarden] [Probe]   +0C0: 00 00 49 B8 00 00 80 3F 00 00 80 3F 00 00 80 3F 
2026-08-13 18:58:54.338 -05:00 [INF] [BalambGarden] [Probe]   +0D0: 00 00 00 40 1F BE 00 00 00 00 00 00 00 00 00 00 
2026-08-13 18:58:54.338 -05:00 [INF] [BalambGarden] [Probe]   +0E0: 00 00 00 00 00 00 00 00 00 00 00 00 00 00 00 00 
2026-08-13 18:58:54.338 -05:00 [INF] [BalambGarden] [Probe]   +0F0: 00 00 00 00 00 00 00 00 00 00 00 00 00 00 00 03 
2026-08-13 18:58:54.338 -05:00 [INF] [BalambGarden] [Probe]   +100: 00 00 00 00 00 00 00 00 30 99 62 81 32 02 00 00 
2026-08-13 18:58:54.338 -05:00 [INF] [BalambGarden] [Probe]   +110: 00 00 00 00 00 00 00 00 00 00 00 00 00 00 00 00 
2026-08-13 18:58:54.338 -05:00 [INF] [BalambGarden] [Probe]   +120: 00 00 00 00 00 00 00 3F 00 00 00 00 00 00 00 00 
2026-08-13 18:58:54.338 -05:00 [INF] [BalambGarden] [Probe]   +130: 00 00 00 00 CD CC 4C 3E 00 00 00 00 00 00 00 00 
2026-08-13 18:58:54.338 -05:00 [INF] [BalambGarden] [Probe]   +140: A4 19 0F C4 CB CC DC 41 63 3F 51 C4 00 00 00 00 
2026-08-13 18:58:54.338 -05:00 [INF] [BalambGarden] [Probe]   +150: 00 00 00 00 00 00 00 00 B0 42 67 6C 32 02 00 00 
2026-08-13 18:58:54.338 -05:00 [INF] [BalambGarden] [Probe]   +160: 60 CB 80 B3 31 02 00 00 00 00 00 00 00 00 00 00 
2026-08-13 18:58:54.338 -05:00 [INF] [BalambGarden] [Probe]   +170: 00 00 00 00 00 00 00 3F 00 00 00 00 00 00 00 00 
2026-08-13 18:58:54.338 -05:00 [INF] [BalambGarden] [Probe]   +180: 00 00 00 00 CD CC 4C 3E 00 00 00 00 00 00 00 00 
2026-08-13 18:58:54.338 -05:00 [INF] [BalambGarden] [Probe]   +190: 00 AC 1F C6 1F C5 00 00 00 00 00 00 00 00 00 00 
2026-08-13 18:58:54.338 -05:00 [INF] [BalambGarden] [Probe]   +1A0: 70 48 94 A5 31 02 00 00 00 00 00 00 00 00 00 00 
2026-08-13 18:58:54.338 -05:00 [INF] [BalambGarden] [Probe]   +1B0: 00 00 00 00 27 39 01 07 01 00 00 3A 00 01 00 00 
2026-08-13 18:58:54.338 -05:00 [INF] [BalambGarden] [Probe]   +1C0: 00 00 00 03 C2 A1 00 00 01 EE 00 00 02 AD 1F C7 
2026-08-13 18:58:54.338 -05:00 [INF] [BalambGarden] [Probe]   +1D0: 00 00 1F C8 1F C8 1F C8 00 00 00 00 17 D9 20 73 
2026-08-13 18:58:54.338 -05:00 [INF] [BalambGarden] [Probe]   +1E0: 20 72 02 C6 01 00 17 00 00 00 42 6C 6F 77 20 42 
2026-08-13 18:58:54.338 -05:00 [INF] [BalambGarden] [Probe]   +1F0: 75 62 62 6C 65 73 00 00 00 00 00 36 00 01 00 00 
2026-08-13 18:58:54.338 -05:00 [INF] [BalambGarden] [Probe]   +200: 00 00 00 03 C2 A2 00 01 14 49 00 00 02 AE 1F C9 
2026-08-13 18:58:54.338 -05:00 [INF] [BalambGarden] [Probe]   +210: C0 91 49 7E F6 7F 00 00 00 00 00 00 00 0E 20 75 
2026-08-13 18:58:54.338 -05:00 [INF] [BalambGarden] [Probe] bed entity=40000EB6 index=472 pos=<-572.9, 27.5, -836.1> dist=3.63y addr=231A5390010
2026-08-13 18:58:54.338 -05:00 [INF] [BalambGarden] [Probe]   +000: C0 91 49 7E F6 7F 00 00 73 68 2D 75 70 73 00 00 
2026-08-13 18:58:54.338 -05:00 [INF] [BalambGarden] [Probe]   +010: 00 00 00 00 00 00 00 00 00 00 00 00 00 00 00 00 
2026-08-13 18:58:54.338 -05:00 [INF] [BalambGarden] [Probe]   +020: 00 00 00 00 00 00 00 00 16 A9 00 00 00 00 00 00 
2026-08-13 18:58:54.338 -05:00 [INF] [BalambGarden] [Probe]   +030: EE 80 B4 00 6F 72 79 20 41 75 74 6F 6D 61 74 69 
2026-08-13 18:58:54.338 -05:00 [INF] [BalambGarden] [Probe]   +040: 63 20 44 6F 6F 72 00 70 73 00 00 00 00 00 00 3E 
2026-08-13 18:58:54.338 -05:00 [INF] [BalambGarden] [Probe]   +050: 00 01 00 00 00 00 00 03 C2 2F 00 00 01 75 00 00 
2026-08-13 18:58:54.338 -05:00 [INF] [BalambGarden] [Probe]   +060: 02 2F 16 AC 16 B5 00 00 00 00 00 00 00 00 00 00 
2026-08-13 18:58:54.338 -05:00 [INF] [BalambGarden] [Probe]   +070: 00 FD 1F 7A F9 03 00 00 B6 0E 00 40 00 00 00 00 
2026-08-13 18:58:54.338 -05:00 [INF] [BalambGarden] [Probe]   +080: 27 39 01 03 2D 93 1E 00 00 00 00 E0 D8 01 F9 00 
2026-08-13 18:58:54.338 -05:00 [INF] [BalambGarden] [Probe]   +090: 07 00 00 0F 00 0F 00 00 00 01 FB 21 07 30 00 00 
2026-08-13 18:58:54.338 -05:00 [INF] [BalambGarden] [Probe]   +0A0: 00 00 00 00 02 30 16 B2 00 00 16 B3 16 B3 16 B3 
2026-08-13 18:58:54.338 -05:00 [INF] [BalambGarden] [Probe]   +0B0: AB 37 0F C4 01 00 DC 41 DE 06 51 C4 00 00 00 00 
2026-08-13 18:58:54.338 -05:00 [INF] [BalambGarden] [Probe]   +0C0: 00 00 49 B8 00 00 80 3F 00 00 80 3F 00 00 80 3F 
2026-08-13 18:58:54.338 -05:00 [INF] [BalambGarden] [Probe]   +0D0: 00 00 00 40 00 00 00 03 C1 69 00 00 00 00 00 00 
2026-08-13 18:58:54.338 -05:00 [INF] [BalambGarden] [Probe]   +0E0: 00 00 00 00 00 00 00 00 00 00 00 00 00 00 00 00 
2026-08-13 18:58:54.338 -05:00 [INF] [BalambGarden] [Probe]   +0F0: 00 00 00 00 00 00 00 00 00 00 07 00 00 00 43 6F 
2026-08-13 18:58:54.338 -05:00 [INF] [BalambGarden] [Probe]   +100: 00 00 00 00 00 00 00 00 70 A5 62 81 32 02 00 00 
2026-08-13 18:58:54.338 -05:00 [INF] [BalambGarden] [Probe]   +110: 00 00 00 00 00 00 00 03 00 00 00 00 00 00 00 00 
2026-08-13 18:58:54.338 -05:00 [INF] [BalambGarden] [Probe]   +120: 00 00 00 00 00 00 00 3F 00 00 00 00 00 00 00 00 
2026-08-13 18:58:54.338 -05:00 [INF] [BalambGarden] [Probe]   +130: 00 00 00 00 CD CC 4C 3E 00 00 00 00 00 00 00 00 
2026-08-13 18:58:54.338 -05:00 [INF] [BalambGarden] [Probe]   +140: B2 55 0F C4 CB CC DC 41 59 CE 50 C4 00 00 00 00 
2026-08-13 18:58:54.338 -05:00 [INF] [BalambGarden] [Probe]   +150: 00 00 00 00 C1 6B 00 00 40 1E 67 6C 32 02 00 00 
2026-08-13 18:58:54.338 -05:00 [INF] [BalambGarden] [Probe]   +160: 60 CB 80 B3 31 02 00 00 00 00 00 00 00 00 00 00 
2026-08-13 18:58:54.338 -05:00 [INF] [BalambGarden] [Probe]   +170: 00 00 00 00 00 00 00 3F 00 00 00 00 00 00 00 00 
2026-08-13 18:58:54.338 -05:00 [INF] [BalambGarden] [Probe]   +180: 00 00 00 00 CD CC 4C 3E 00 00 00 00 00 00 00 00 
2026-08-13 18:58:54.338 -05:00 [INF] [BalambGarden] [Probe]   +190: C0 6C 00 00 00 00 00 00 02 34 18 48 00 00 18 48 
2026-08-13 18:58:54.338 -05:00 [INF] [BalambGarden] [Probe]   +1A0: 70 48 94 A5 31 02 00 00 00 00 00 00 00 00 00 00 
2026-08-13 18:58:54.338 -05:00 [INF] [BalambGarden] [Probe]   +1B0: 00 00 00 00 27 39 01 03 01 00 00 00 00 00 00 36 
2026-08-13 18:58:54.338 -05:00 [INF] [BalambGarden] [Probe]   +1C0: 01 01 00 00 00 00 00 03 C2 31 00 00 01 77 00 00 
2026-08-13 18:58:54.338 -05:00 [INF] [BalambGarden] [Probe]   +1D0: 02 35 16 AE 16 AD 00 00 00 00 00 00 00 00 00 00 
2026-08-13 18:58:54.338 -05:00 [INF] [BalambGarden] [Probe]   +1E0: 2A FE 1F 86 1F 87 00 01 02 1D 10 00 00 00 41 74 
2026-08-13 18:58:54.338 -05:00 [INF] [BalambGarden] [Probe]   +1F0: 74 65 6E 74 69 6F 6E 00 00 00 00 36 00 01 00 00 
2026-08-13 18:58:54.338 -05:00 [INF] [BalambGarden] [Probe]   +200: 00 00 00 03 C2 32 00 00 01 78 00 00 02 36 16 B0 
2026-08-13 18:58:54.338 -05:00 [INF] [BalambGarden] [Probe]   +210: C0 91 49 7E F6 7F 00 00 00 00 00 00 2A FF 1F 88 
2026-08-13 18:58:54.338 -05:00 [INF] [BalambGarden] [Probe] bed entity=40000EB7 index=471 pos=<-572.9, 27.5, -836.1> dist=3.63y addr=231A538FE00
2026-08-13 18:58:54.338 -05:00 [INF] [BalambGarden] [Probe]   +000: C0 91 49 7E F6 7F 00 00 02 25 12 44 00 00 12 45 
2026-08-13 18:58:54.338 -05:00 [INF] [BalambGarden] [Probe]   +010: 00 00 00 00 00 00 00 00 00 00 00 00 00 00 00 00 
2026-08-13 18:58:54.338 -05:00 [INF] [BalambGarden] [Probe]   +020: 00 00 00 00 00 00 00 00 65 63 74 61 63 6C 65 73 
2026-08-13 18:58:54.338 -05:00 [INF] [BalambGarden] [Probe]   +030: EE 80 B4 00 6C 20 43 68 65 63 6B 65 72 20 52 65 
2026-08-13 18:58:54.338 -05:00 [INF] [BalambGarden] [Probe]   +040: 70 6C 69 63 61 00 00 00 02 26 12 D2 12 D1 00 00 
2026-08-13 18:58:54.338 -05:00 [INF] [BalambGarden] [Probe]   +050: 00 00 00 00 00 00 00 00 27 23 1F 6C 1F 6D 00 01 
2026-08-13 18:58:54.338 -05:00 [INF] [BalambGarden] [Probe]   +060: 02 17 10 00 00 00 53 6F 6E 67 62 69 72 64 00 00 
2026-08-13 18:58:54.338 -05:00 [INF] [BalambGarden] [Probe]   +070: 00 00 00 3A FA 03 00 00 B7 0E 00 40 00 00 00 00 
2026-08-13 18:58:54.338 -05:00 [INF] [BalambGarden] [Probe]   +080: 27 39 01 02 2D 93 1E 00 00 00 00 E0 D7 01 F9 00 
2026-08-13 18:58:54.338 -05:00 [INF] [BalambGarden] [Probe]   +090: 07 00 00 0F 00 0F 00 00 00 01 FB 21 07 18 12 00 
2026-08-13 18:58:54.338 -05:00 [INF] [BalambGarden] [Probe]   +0A0: 00 00 00 00 74 65 72 20 46 6C 6F 61 74 00 00 00 
2026-08-13 18:58:54.338 -05:00 [INF] [BalambGarden] [Probe]   +0B0: AB 37 0F C4 01 00 DC 41 DE 06 51 C4 00 00 00 00 
2026-08-13 18:58:54.338 -05:00 [INF] [BalambGarden] [Probe]   +0C0: 00 00 49 B8 00 00 80 3F 00 00 80 3F 00 00 80 3F 
2026-08-13 18:58:54.338 -05:00 [INF] [BalambGarden] [Probe]   +0D0: 00 00 00 40 17 74 00 00 00 00 00 01 01 00 14 00 
2026-08-13 18:58:54.338 -05:00 [INF] [BalambGarden] [Probe]   +0E0: 00 00 00 00 00 00 00 00 00 00 00 00 00 00 00 00 
2026-08-13 18:58:54.338 -05:00 [INF] [BalambGarden] [Probe]   +0F0: 00 00 00 00 00 00 00 00 00 00 00 03 C1 68 00 00 
2026-08-13 18:58:54.338 -05:00 [INF] [BalambGarden] [Probe]   +100: 00 00 00 00 00 00 00 00 30 35 BF AA 31 02 00 00 
2026-08-13 18:58:54.338 -05:00 [INF] [BalambGarden] [Probe]   +110: 00 00 00 00 4E 32 1F 6E 00 00 00 00 00 00 00 00 
2026-08-13 18:58:54.338 -05:00 [INF] [BalambGarden] [Probe]   +120: 00 00 00 00 00 00 00 3F 00 00 00 00 00 00 00 00 
2026-08-13 18:58:54.338 -05:00 [INF] [BalambGarden] [Probe]   +130: 00 00 00 00 CD CC 4C 3E 00 00 00 00 00 00 00 00 
2026-08-13 18:58:54.338 -05:00 [INF] [BalambGarden] [Probe]   +140: 2D 1D 0F C4 CB CC DC 41 52 B0 50 C4 00 00 00 00 
2026-08-13 18:58:54.338 -05:00 [INF] [BalambGarden] [Probe]   +150: 00 00 00 00 1F 71 00 01 F0 3F 67 6C 32 02 00 00 
2026-08-13 18:58:54.338 -05:00 [INF] [BalambGarden] [Probe]   +160: 60 CB 80 B3 31 02 00 00 00 00 00 00 00 00 00 00 
2026-08-13 18:58:54.338 -05:00 [INF] [BalambGarden] [Probe]   +170: 00 00 00 00 00 00 00 3F 00 00 00 00 00 00 00 00 
2026-08-13 18:58:54.338 -05:00 [INF] [BalambGarden] [Probe]   +180: 00 00 00 00 CD CC 4C 3E 00 00 00 00 00 00 00 00 
2026-08-13 18:58:54.338 -05:00 [INF] [BalambGarden] [Probe]   +190: 10 73 00 01 01 00 10 00 00 00 45 61 73 74 65 72 
2026-08-13 18:58:54.338 -05:00 [INF] [BalambGarden] [Probe]   +1A0: 70 48 94 A5 31 02 00 00 00 00 00 00 00 00 00 00 
2026-08-13 18:58:54.338 -05:00 [INF] [BalambGarden] [Probe]   +1B0: 00 00 00 00 27 39 01 02 01 00 00 00 02 2C 16 AB 
2026-08-13 18:58:54.338 -05:00 [INF] [BalambGarden] [Probe]   +1C0: 01 B4 00 00 00 00 00 00 00 00 00 00 2A FA 1F 74 
2026-08-13 18:58:54.338 -05:00 [INF] [BalambGarden] [Probe]   +1D0: 1F 75 00 01 02 19 10 00 00 00 53 71 75 61 74 73 
2026-08-13 18:58:54.338 -05:00 [INF] [BalambGarden] [Probe]   +1E0: 00 00 00 00 00 00 00 36 00 01 00 00 00 00 00 03 
2026-08-13 18:58:54.338 -05:00 [INF] [BalambGarden] [Probe]   +1F0: C2 2D 00 00 01 75 00 00 02 2D 16 A8 16 A7 00 00 
2026-08-13 18:58:54.338 -05:00 [INF] [BalambGarden] [Probe]   +200: 00 00 00 00 00 00 00 00 2A FB 1F 76 1F 77 00 01 
2026-08-13 18:58:54.338 -05:00 [INF] [BalambGarden] [Probe]   +210: C0 91 49 7E F6 7F 00 00 73 68 2D 75 70 73 00 00 
2026-08-13 18:58:54.338 -05:00 [INF] [BalambGarden] [Probe] bed entity=40000EB8 index=470 pos=<-572.9, 27.5, -836.1> dist=3.63y addr=231A538FBF0
2026-08-13 18:58:54.338 -05:00 [INF] [BalambGarden] [Probe]   +000: C0 91 49 7E F6 7F 00 00 13 BB 1F 5A 1F 5B 00 01 
2026-08-13 18:58:54.338 -05:00 [INF] [BalambGarden] [Probe]   +010: 00 00 00 00 00 00 00 00 00 00 00 00 00 00 00 00 
2026-08-13 18:58:54.338 -05:00 [INF] [BalambGarden] [Probe]   +020: 00 00 00 00 00 00 00 00 C2 20 00 00 00 00 00 00 
2026-08-13 18:58:54.338 -05:00 [INF] [BalambGarden] [Probe]   +030: EE 80 B4 00 6B 20 47 6C 61 64 65 20 50 61 72 74 
2026-08-13 18:58:54.338 -05:00 [INF] [BalambGarden] [Probe]   +040: 69 74 69 6F 6E 00 00 01 01 00 17 00 00 00 50 61 
2026-08-13 18:58:54.338 -05:00 [INF] [BalambGarden] [Probe]   +050: 79 20 52 65 73 70 65 63 74 73 00 00 00 00 00 32 
2026-08-13 18:58:54.338 -05:00 [INF] [BalambGarden] [Probe]   +060: 00 01 00 00 00 00 00 03 C1 67 00 00 00 00 00 00 
2026-08-13 18:58:54.338 -05:00 [INF] [BalambGarden] [Probe]   +070: 00 1E 02 6E FB 03 00 00 B8 0E 00 40 00 00 00 00 
2026-08-13 18:58:54.338 -05:00 [INF] [BalambGarden] [Probe]   +080: 27 39 01 01 2D 93 1E 00 00 00 00 E0 D6 01 F9 00 
2026-08-13 18:58:54.338 -05:00 [INF] [BalambGarden] [Probe]   +090: 07 00 00 0F 00 0F 00 00 00 01 FB 21 07 00 00 03 
2026-08-13 18:58:54.338 -05:00 [INF] [BalambGarden] [Probe]   +0A0: 00 00 00 00 01 4B 00 00 02 1F 12 C0 00 00 12 C1 
2026-08-13 18:58:54.338 -05:00 [INF] [BalambGarden] [Probe]   +0B0: AB 37 0F C4 01 00 DC 41 DE 06 51 C4 00 00 00 00 
2026-08-13 18:58:54.338 -05:00 [INF] [BalambGarden] [Probe]   +0C0: 00 00 49 B8 00 00 80 3F 00 00 80 3F 00 00 80 3F 
2026-08-13 18:58:54.338 -05:00 [INF] [BalambGarden] [Probe]   +0D0: 00 00 00 40 00 00 00 36 00 01 00 00 00 00 00 03 
2026-08-13 18:58:54.338 -05:00 [INF] [BalambGarden] [Probe]   +0E0: 00 00 00 00 00 00 00 00 00 00 00 00 00 00 00 00 
2026-08-13 18:58:54.338 -05:00 [INF] [BalambGarden] [Probe]   +0F0: 00 00 00 00 00 00 00 00 00 00 1F 62 1F 63 00 01 
2026-08-13 18:58:54.338 -05:00 [INF] [BalambGarden] [Probe]   +100: 00 00 00 00 00 00 00 00 B0 15 BF AA 31 02 00 00 
2026-08-13 18:58:54.338 -05:00 [INF] [BalambGarden] [Probe]   +110: 00 00 00 00 00 01 00 00 00 00 00 00 00 00 00 00 
2026-08-13 18:58:54.338 -05:00 [INF] [BalambGarden] [Probe]   +120: 00 00 00 00 00 00 00 3F 00 00 00 00 00 00 00 00 
2026-08-13 18:58:54.338 -05:00 [INF] [BalambGarden] [Probe]   +130: 00 00 00 00 CD CC 4C 3E 00 00 00 00 00 00 00 00 
2026-08-13 18:58:54.338 -05:00 [INF] [BalambGarden] [Probe]   +140: 26 FF 0E C4 CB CC DC 41 D7 E8 50 C4 00 00 00 00 
2026-08-13 18:58:54.338 -05:00 [INF] [BalambGarden] [Probe]   +150: 00 00 00 00 00 01 00 00 B0 63 67 6C 32 02 00 00 
2026-08-13 18:58:54.338 -05:00 [INF] [BalambGarden] [Probe]   +160: 60 CB 80 B3 31 02 00 00 00 00 00 00 00 00 00 00 
2026-08-13 18:58:54.338 -05:00 [INF] [BalambGarden] [Probe]   +170: 00 00 00 00 00 00 00 3F 00 00 00 00 00 00 00 00 
2026-08-13 18:58:54.338 -05:00 [INF] [BalambGarden] [Probe]   +180: 00 00 00 00 CD CC 4C 3E 00 00 00 00 00 00 00 00 
2026-08-13 18:58:54.338 -05:00 [INF] [BalambGarden] [Probe]   +190: 00 00 00 00 00 00 00 32 00 01 00 00 00 00 00 03 
2026-08-13 18:58:54.338 -05:00 [INF] [BalambGarden] [Probe]   +1A0: 70 48 94 A5 31 02 00 00 00 00 00 00 00 00 00 00 
2026-08-13 18:58:54.338 -05:00 [INF] [BalambGarden] [Probe]   +1B0: 00 00 00 00 27 39 01 01 01 00 00 68 1F 69 00 01 
2026-08-13 18:58:54.338 -05:00 [INF] [BalambGarden] [Probe]   +1C0: 01 00 10 00 00 00 44 6F 74 65 00 00 00 00 00 32 
2026-08-13 18:58:54.338 -05:00 [INF] [BalambGarden] [Probe]   +1D0: F0 FB 38 A5 31 02 00 00 00 00 00 00 01 4D 00 00 
2026-08-13 18:58:54.338 -05:00 [INF] [BalambGarden] [Probe]   +1E0: 00 00 12 D0 00 00 00 00 00 00 00 00 00 00 00 00 
2026-08-13 18:58:54.338 -05:00 [INF] [BalambGarden] [Probe]   +1F0: 00 00 1F 68 1F 69 00 01 01 00 10 00 00 00 44 6F 
2026-08-13 18:58:54.338 -05:00 [INF] [BalambGarden] [Probe]   +200: 74 65 00 00 00 00 00 3A 00 01 00 00 00 00 00 03 
2026-08-13 18:58:54.338 -05:00 [INF] [BalambGarden] [Probe]   +210: C0 91 49 7E F6 7F 00 00 02 25 12 44 00 00 12 45 
2026-08-13 18:58:54.338 -05:00 [INF] [BalambGarden] [Probe] bed entity=40000EB9 index=469 pos=<-572.9, 27.5, -836.1> dist=3.63y addr=231A538F9E0
2026-08-13 18:58:54.338 -05:00 [INF] [BalambGarden] [Probe]   +000: C0 91 49 7E F6 7F 00 00 61 63 6B 20 52 61 6E 67 
2026-08-13 18:58:54.338 -05:00 [INF] [BalambGarden] [Probe]   +010: 00 00 00 00 00 00 00 00 00 00 00 00 00 00 00 00 
2026-08-13 18:58:54.338 -05:00 [INF] [BalambGarden] [Probe]   +020: 00 00 00 00 00 00 00 00 C2 18 00 00 01 3D 00 00 
2026-08-13 18:58:54.338 -05:00 [INF] [BalambGarden] [Probe]   +030: EE 80 B4 00 6B 20 47 6C 61 64 65 20 50 61 72 74 
2026-08-13 18:58:54.338 -05:00 [INF] [BalambGarden] [Probe]   +040: 69 74 69 6F 6E 00 00 01 02 11 10 00 00 00 59 65 
2026-08-13 18:58:54.338 -05:00 [INF] [BalambGarden] [Probe]   +050: 6C 6C 6F 77 20 52 61 6E 67 65 72 20 50 6F 73 65 
2026-08-13 18:58:54.338 -05:00 [INF] [BalambGarden] [Probe]   +060: 20 41 00 00 00 00 00 3A 00 01 00 00 00 00 00 03 
2026-08-13 18:58:54.338 -05:00 [INF] [BalambGarden] [Probe]   +070: 00 66 00 00 FC 03 00 00 B9 0E 00 40 00 00 00 00 
2026-08-13 18:58:54.338 -05:00 [INF] [BalambGarden] [Probe]   +080: 27 39 01 00 2D 93 1E 00 00 00 00 E0 D5 01 F9 00 
2026-08-13 18:58:54.339 -05:00 [INF] [BalambGarden] [Probe]   +090: 07 00 00 0F 00 0F 00 00 00 01 FB 21 07 68 67 68 
2026-08-13 18:58:54.339 -05:00 [INF] [BalambGarden] [Probe]   +0A0: 00 00 00 00 00 00 00 3E 00 01 00 00 00 00 00 03 
2026-08-13 18:58:54.339 -05:00 [INF] [BalambGarden] [Probe]   +0B0: AB 37 0F C4 01 00 DC 41 DE 06 51 C4 00 00 00 00 
2026-08-13 18:58:54.339 -05:00 [INF] [BalambGarden] [Probe]   +0C0: 00 00 49 B8 00 00 80 3F 00 00 80 3F 00 00 80 3F 
2026-08-13 18:58:54.339 -05:00 [INF] [BalambGarden] [Probe]   +0D0: 00 00 00 40 00 00 52 65 64 20 52 61 6E 67 65 72 
2026-08-13 18:58:54.339 -05:00 [INF] [BalambGarden] [Probe]   +0E0: 00 00 00 00 00 00 00 00 00 00 00 00 00 00 00 00 
2026-08-13 18:58:54.339 -05:00 [INF] [BalambGarden] [Probe]   +0F0: 00 00 00 00 00 00 00 00 00 00 00 00 02 18 12 BD 
2026-08-13 18:58:54.339 -05:00 [INF] [BalambGarden] [Probe]   +100: 00 00 00 00 00 00 00 00 30 43 BF AA 31 02 00 00 
2026-08-13 18:58:54.339 -05:00 [INF] [BalambGarden] [Probe]   +110: 00 00 00 00 02 13 10 00 00 00 00 00 00 00 00 00 
2026-08-13 18:58:54.339 -05:00 [INF] [BalambGarden] [Probe]   +120: 00 00 00 00 00 00 00 3F 00 00 00 00 00 00 00 00 
2026-08-13 18:58:54.339 -05:00 [INF] [BalambGarden] [Probe]   +130: 00 00 00 00 CD CC 4C 3E 00 00 00 00 00 00 00 00 
2026-08-13 18:58:54.339 -05:00 [INF] [BalambGarden] [Probe]   +140: 1F E1 0E C4 CB CC DC 41 5C 21 51 C4 00 00 00 00 
2026-08-13 18:58:54.339 -05:00 [INF] [BalambGarden] [Probe]   +150: 00 00 00 00 27 21 1F 54 80 47 67 6C 32 02 00 00 
2026-08-13 18:58:54.339 -05:00 [INF] [BalambGarden] [Probe]   +160: 60 CB 80 B3 31 02 00 00 00 00 00 00 00 00 00 00 
2026-08-13 18:58:54.339 -05:00 [INF] [BalambGarden] [Probe]   +170: 00 00 00 00 00 00 00 3F 00 00 00 00 00 00 00 00 
2026-08-13 18:58:54.339 -05:00 [INF] [BalambGarden] [Probe]   +180: 00 00 00 00 CD CC 4C 3E 00 00 00 00 00 00 00 00 
2026-08-13 18:58:54.339 -05:00 [INF] [BalambGarden] [Probe]   +190: 00 00 12 43 12 43 12 43 00 00 00 00 13 9D 1F 56 
2026-08-13 18:58:54.339 -05:00 [INF] [BalambGarden] [Probe]   +1A0: 70 48 94 A5 31 02 00 00 00 00 00 00 00 00 00 00 
2026-08-13 18:58:54.339 -05:00 [INF] [BalambGarden] [Probe]   +1B0: 00 00 00 00 27 39 01 00 01 00 00 00 00 00 00 03 
2026-08-13 18:58:54.339 -05:00 [INF] [BalambGarden] [Probe]   +1C0: 01 1E 00 00 01 48 00 00 02 1B 12 C3 00 00 00 00 
2026-08-13 18:58:54.339 -05:00 [INF] [BalambGarden] [Probe]   +1D0: E0 F9 38 A5 31 02 00 00 00 00 00 00 1F 59 00 01 
2026-08-13 18:58:54.339 -05:00 [INF] [BalambGarden] [Probe]   +1E0: 02 00 50 00 00 00 5A 61 6E 74 65 74 73 75 6B 65 
2026-08-13 18:58:54.339 -05:00 [INF] [BalambGarden] [Probe]   +1F0: 6E 00 00 00 00 00 00 32 00 01 00 00 00 00 00 03 
2026-08-13 18:58:54.339 -05:00 [INF] [BalambGarden] [Probe]   +200: C2 1F 00 00 00 00 00 00 02 1C 12 CB 00 00 00 00 
2026-08-13 18:58:54.339 -05:00 [INF] [BalambGarden] [Probe]   +210: C0 91 49 7E F6 7F 00 00 13 BB 1F 5A 1F 5B 00 01 
2026-08-13 18:58:54.339 -05:00 [INF] [BalambGarden] [Probe] bed entity=40000EB5 index=473 pos=<-572.9, 27.5, -836.1> dist=3.63y addr=231A5390220
2026-08-13 18:58:54.339 -05:00 [INF] [BalambGarden] [Probe]   +000: C0 91 49 7E F6 7F 00 00 00 00 00 00 2A FF 1F 88 
2026-08-13 18:58:54.339 -05:00 [INF] [BalambGarden] [Probe]   +010: 00 00 00 00 00 00 00 00 00 00 00 00 00 00 00 00 
2026-08-13 18:58:54.339 -05:00 [INF] [BalambGarden] [Probe]   +020: 00 00 00 00 00 00 00 00 00 01 00 00 00 00 00 03 
2026-08-13 18:58:54.339 -05:00 [INF] [BalambGarden] [Probe]   +030: EE 80 B4 00 74 20 47 75 62 61 6C 20 46 6C 6F 6F 
2026-08-13 18:58:54.339 -05:00 [INF] [BalambGarden] [Probe]   +040: 72 20 4C 61 6D 70 00 00 2B 00 1F 8A 1F 8B 00 01 
2026-08-13 18:58:54.339 -05:00 [INF] [BalambGarden] [Probe]   +050: 02 1F 10 00 00 00 42 6F 78 00 00 00 00 00 00 3A 
2026-08-13 18:58:54.339 -05:00 [INF] [BalambGarden] [Probe]   +060: 00 01 00 00 00 00 00 03 C2 34 00 00 01 76 00 00 
2026-08-13 18:58:54.339 -05:00 [INF] [BalambGarden] [Probe]   +070: 00 38 18 4B F8 03 00 00 B5 0E 00 40 00 00 00 00 
2026-08-13 18:58:54.339 -05:00 [INF] [BalambGarden] [Probe]   +080: 27 39 01 04 2D 93 1E 00 00 00 00 E0 D9 01 F9 00 
2026-08-13 18:58:54.339 -05:00 [INF] [BalambGarden] [Probe]   +090: 07 00 00 0F 00 0F 00 00 00 01 FB 21 07 00 00 2E 
2026-08-13 18:58:54.339 -05:00 [INF] [BalambGarden] [Probe]   +0A0: 00 00 00 00 00 00 00 00 00 00 00 00 00 00 00 00 
2026-08-13 18:58:54.339 -05:00 [INF] [BalambGarden] [Probe]   +0B0: AB 37 0F C4 01 00 DC 41 DE 06 51 C4 00 00 00 00 
2026-08-13 18:58:54.339 -05:00 [INF] [BalambGarden] [Probe]   +0C0: 00 00 49 B8 00 00 80 3F 00 00 80 3F 00 00 80 3F 
2026-08-13 18:58:54.339 -05:00 [INF] [BalambGarden] [Probe]   +0D0: 00 00 00 40 00 01 00 00 00 00 00 03 C2 3D 00 00 
2026-08-13 18:58:54.339 -05:00 [INF] [BalambGarden] [Probe]   +0E0: 00 00 00 00 00 00 00 00 00 00 00 00 00 00 00 00 
2026-08-13 18:58:54.339 -05:00 [INF] [BalambGarden] [Probe]   +0F0: 00 00 00 00 00 00 00 00 00 00 00 01 02 25 10 00 
2026-08-13 18:58:54.339 -05:00 [INF] [BalambGarden] [Probe]   +100: 00 00 00 00 00 00 00 00 30 BC 62 81 32 02 00 00 
2026-08-13 18:58:54.339 -05:00 [INF] [BalambGarden] [Probe]   +110: 00 00 00 00 00 00 00 03 00 00 00 00 00 00 00 00 
2026-08-13 18:58:54.339 -05:00 [INF] [BalambGarden] [Probe]   +120: 00 00 00 00 00 00 00 3F 00 00 00 00 00 00 00 00 
2026-08-13 18:58:54.339 -05:00 [INF] [BalambGarden] [Probe]   +130: 00 00 00 00 CD CC 4C 3E 00 00 00 00 00 00 00 00 
2026-08-13 18:58:54.339 -05:00 [INF] [BalambGarden] [Probe]   +140: 37 8E 0F C4 CB CC DC 41 60 EC 50 C4 00 00 00 00 
2026-08-13 18:58:54.339 -05:00 [INF] [BalambGarden] [Probe]   +150: 00 00 00 00 C2 3F 00 00 10 39 67 6C 32 02 00 00 
2026-08-13 18:58:54.339 -05:00 [INF] [BalambGarden] [Probe]   +160: 60 CB 80 B3 31 02 00 00 00 00 00 00 00 00 00 00 
2026-08-13 18:58:54.339 -05:00 [INF] [BalambGarden] [Probe]   +170: 00 00 00 00 00 00 00 3F 00 00 00 00 00 00 00 00 
2026-08-13 18:58:54.339 -05:00 [INF] [BalambGarden] [Probe]   +180: 00 00 00 00 CD CC 4C 3E 00 00 00 00 00 00 00 00 
2026-08-13 18:58:54.339 -05:00 [INF] [BalambGarden] [Probe]   +190: 00 CE 00 00 02 3D 18 4E 00 00 18 4F 18 4F 18 4F 
2026-08-13 18:58:54.339 -05:00 [INF] [BalambGarden] [Probe]   +1A0: 70 48 94 A5 31 02 00 00 00 00 00 00 00 00 00 00 
2026-08-13 18:58:54.339 -05:00 [INF] [BalambGarden] [Probe]   +1B0: 00 00 00 00 27 39 01 04 01 00 00 00 00 00 00 36 
2026-08-13 18:58:54.339 -05:00 [INF] [BalambGarden] [Probe]   +1C0: 01 01 00 00 00 00 00 03 C2 41 00 00 01 04 00 00 
2026-08-13 18:58:54.339 -05:00 [INF] [BalambGarden] [Probe]   +1D0: 02 3E 18 72 18 71 00 00 00 00 00 00 00 00 00 00 
2026-08-13 18:58:54.339 -05:00 [INF] [BalambGarden] [Probe]   +1E0: 27 75 1F AA 1F AB 00 01 02 27 10 00 00 00 42 6F 
2026-08-13 18:58:54.339 -05:00 [INF] [BalambGarden] [Probe]   +1F0: 78 20 53 74 65 70 00 00 00 00 00 36 00 01 00 00 
2026-08-13 18:58:54.339 -05:00 [INF] [BalambGarden] [Probe]   +200: 00 00 00 03 C2 42 00 00 01 05 00 00 02 3F 18 74 
2026-08-13 18:58:54.339 -05:00 [INF] [BalambGarden] [Probe]   +210: C0 91 49 7E F6 7F 00 00 00 00 00 00 27 76 1F AC 
2026-08-13 18:58:54.339 -05:00 [INF] [BalambGarden] [Probe] bed entity=40000EBA index=485 pos=<-574.4, 27.5, -833.3> dist=4.53y addr=231A5391AE0
2026-08-13 18:58:54.339 -05:00 [INF] [BalambGarden] [Probe]   +000: C0 91 49 7E F6 7F 00 00 01 00 10 00 00 00 41 6C 
2026-08-13 18:58:54.339 -05:00 [INF] [BalambGarden] [Probe]   +010: 00 00 00 00 00 00 00 00 00 00 00 00 00 00 00 00 
2026-08-13 18:58:54.339 -05:00 [INF] [BalambGarden] [Probe]   +020: 00 00 00 00 00 00 00 00 00 00 00 03 C2 92 00 00 
2026-08-13 18:58:54.339 -05:00 [INF] [BalambGarden] [Probe]   +030: EE 80 B4 00 6B 20 47 6C 61 64 65 20 50 61 72 74 
2026-08-13 18:58:54.339 -05:00 [INF] [BalambGarden] [Probe]   +040: 69 74 69 6F 6E 00 20 5F 20 5E 02 8A 02 46 10 00 
2026-08-13 18:58:54.339 -05:00 [INF] [BalambGarden] [Probe]   +050: 00 00 4C 6F 70 20 48 6F 70 00 00 00 00 00 00 36 
2026-08-13 18:58:54.339 -05:00 [INF] [BalambGarden] [Probe]   +060: 00 01 00 00 00 00 00 03 C2 93 00 00 01 CB 00 00 
2026-08-13 18:58:54.339 -05:00 [INF] [BalambGarden] [Probe]   +070: 00 9F 1F AD FD 03 00 00 BA 0E 00 40 00 00 00 00 
2026-08-13 18:58:54.339 -05:00 [INF] [BalambGarden] [Probe]   +080: 21 39 02 07 2D 93 1E 00 00 00 00 E0 E5 01 F9 00 
2026-08-13 18:58:54.339 -05:00 [INF] [BalambGarden] [Probe]   +090: 07 00 00 0F 00 0F 00 00 00 01 FB 21 07 00 00 00 
2026-08-13 18:58:54.339 -05:00 [INF] [BalambGarden] [Probe]   +0A0: 00 00 00 00 C2 94 00 00 01 D5 00 00 02 A0 1F B1 
2026-08-13 18:58:54.339 -05:00 [INF] [BalambGarden] [Probe]   +0B0: CC 96 0F C4 01 00 DC 41 D6 50 50 C4 00 00 00 00 
2026-08-13 18:58:54.339 -05:00 [INF] [BalambGarden] [Probe]   +0C0: 00 00 49 B8 00 00 80 3F 00 00 80 3F 00 00 80 3F 
2026-08-13 18:58:54.339 -05:00 [INF] [BalambGarden] [Probe]   +0D0: 00 00 00 40 6E 00 00 00 00 00 00 36 00 01 00 00 
2026-08-13 18:58:54.339 -05:00 [INF] [BalambGarden] [Probe]   +0E0: 00 00 00 00 00 00 00 00 00 00 00 00 00 00 00 00 
2026-08-13 18:58:54.339 -05:00 [INF] [BalambGarden] [Probe]   +0F0: 00 00 00 00 00 00 00 00 00 00 00 00 2E E7 20 59 
2026-08-13 18:58:54.339 -05:00 [INF] [BalambGarden] [Probe]   +100: 00 00 00 00 00 00 00 00 F0 28 BF AA 31 02 00 00 
2026-08-13 18:58:54.339 -05:00 [INF] [BalambGarden] [Probe]   +110: 00 00 00 00 00 00 00 32 00 00 00 00 00 00 00 00 
2026-08-13 18:58:54.339 -05:00 [INF] [BalambGarden] [Probe]   +120: 00 00 00 00 00 00 00 3F 00 00 00 00 00 00 00 00 
2026-08-13 18:58:54.339 -05:00 [INF] [BalambGarden] [Probe]   +130: 00 00 00 00 CD CC 4C 3E 00 00 00 00 00 00 00 00 
2026-08-13 18:58:54.339 -05:00 [INF] [BalambGarden] [Probe]   +140: C5 78 0F C4 CB CC DC 41 5B 89 50 C4 00 00 00 00 
2026-08-13 18:58:54.339 -05:00 [INF] [BalambGarden] [Probe]   +150: 00 00 00 00 00 00 00 03 70 66 67 6C 32 02 00 00 
2026-08-13 18:58:54.339 -05:00 [INF] [BalambGarden] [Probe]   +160: 60 CB 80 B3 31 02 00 00 00 00 00 00 00 00 00 00 
2026-08-13 18:58:54.339 -05:00 [INF] [BalambGarden] [Probe]   +170: 00 00 00 00 00 00 00 3F 00 00 00 00 00 00 00 00 
2026-08-13 18:58:54.339 -05:00 [INF] [BalambGarden] [Probe]   +180: 00 00 00 00 CD CC 4C 3E 00 00 00 00 00 00 00 00 
2026-08-13 18:58:54.339 -05:00 [INF] [BalambGarden] [Probe]   +190: 00 01 00 00 00 00 00 03 C2 98 00 00 01 D9 00 00 
2026-08-13 18:58:54.339 -05:00 [INF] [BalambGarden] [Probe]   +1A0: 70 48 94 A5 31 02 00 00 00 00 00 00 00 00 00 00 
2026-08-13 18:58:54.339 -05:00 [INF] [BalambGarden] [Probe]   +1B0: 00 00 00 00 21 39 02 07 01 00 00 00 00 00 48 75 
2026-08-13 18:58:54.339 -05:00 [INF] [BalambGarden] [Probe]   +1C0: 01 62 6C 65 20 54 72 69 75 6D 70 68 00 00 00 00 
2026-08-13 18:58:54.339 -05:00 [INF] [BalambGarden] [Probe]   +1D0: E0 1A 39 A5 31 02 00 00 00 00 00 00 C2 99 00 00 
2026-08-13 18:58:54.339 -05:00 [INF] [BalambGarden] [Probe]   +1E0: 01 DA 00 00 02 A5 1F B0 00 00 00 00 00 00 00 00 
2026-08-13 18:58:54.339 -05:00 [INF] [BalambGarden] [Probe]   +1F0: 00 00 00 00 0C 2E 20 63 20 62 02 8A 01 00 10 00 
2026-08-13 18:58:54.339 -05:00 [INF] [BalambGarden] [Probe]   +200: 00 00 56 69 63 74 6F 72 79 20 52 65 76 65 61 6C 
2026-08-13 18:58:54.339 -05:00 [INF] [BalambGarden] [Probe]   +210: C0 91 49 7E F6 7F 00 00 00 01 00 00 00 00 00 03 
2026-08-13 18:58:54.339 -05:00 [INF] [BalambGarden] [Probe] bed entity=40000EBD index=482 pos=<-574.4, 27.5, -833.3> dist=4.53y addr=231A53914B0
2026-08-13 18:58:54.339 -05:00 [INF] [BalambGarden] [Probe]   +000: C0 91 49 7E F6 7F 00 00 00 00 00 00 00 00 00 01 
2026-08-13 18:58:54.339 -05:00 [INF] [BalambGarden] [Probe]   +010: 00 00 00 00 00 00 00 00 00 00 00 00 00 00 00 00 
2026-08-13 18:58:54.339 -05:00 [INF] [BalambGarden] [Probe]   +020: 00 00 00 00 00 00 00 00 00 00 00 00 00 00 1F 82 
2026-08-13 18:58:54.339 -05:00 [INF] [BalambGarden] [Probe]   +030: EE 80 B4 00 74 20 42 65 61 76 65 72 20 42 75 72 
2026-08-13 18:58:54.339 -05:00 [INF] [BalambGarden] [Probe]   +040: 67 65 72 20 53 65 74 00 00 00 00 00 00 00 00 36 
2026-08-13 18:58:54.339 -05:00 [INF] [BalambGarden] [Probe]   +050: 00 01 00 00 00 00 00 03 C2 7F 00 00 01 B5 00 00 
2026-08-13 18:58:54.339 -05:00 [INF] [BalambGarden] [Probe]   +060: 02 86 1F 7B 00 00 00 00 00 00 00 00 00 00 00 00 
2026-08-13 18:58:54.339 -05:00 [INF] [BalambGarden] [Probe]   +070: 00 93 20 2B 00 04 00 00 BD 0E 00 40 00 00 00 00 
2026-08-13 18:58:54.339 -05:00 [INF] [BalambGarden] [Probe]   +080: 21 39 02 04 2D 93 1E 00 00 00 00 E0 E2 01 F9 00 
2026-08-13 18:58:54.339 -05:00 [INF] [BalambGarden] [Probe]   +090: 07 00 00 0F 00 0F 00 00 00 01 FB 21 07 80 1F 8B 
2026-08-13 18:58:54.339 -05:00 [INF] [BalambGarden] [Probe]   +0A0: 00 00 00 00 1F 8C 1F 8C 00 00 00 00 0B BD 20 2D 
2026-08-13 18:58:54.339 -05:00 [INF] [BalambGarden] [Probe]   +0B0: CC 96 0F C4 01 00 DC 41 D6 50 50 C4 00 00 00 00 
2026-08-13 18:58:54.339 -05:00 [INF] [BalambGarden] [Probe]   +0C0: 00 00 49 B8 00 00 80 3F 00 00 80 3F 00 00 80 3F 
2026-08-13 18:58:54.339 -05:00 [INF] [BalambGarden] [Probe]   +0D0: 00 00 00 40 02 88 1F 49 00 00 1F 4A 1F 4A 1F 4A 
2026-08-13 18:58:54.339 -05:00 [INF] [BalambGarden] [Probe]   +0E0: 00 00 00 00 00 00 00 00 00 00 00 00 00 00 00 00 
2026-08-13 18:58:54.339 -05:00 [INF] [BalambGarden] [Probe]   +0F0: 00 00 00 00 00 00 00 00 00 00 6B 69 6E 20 43 6F 
2026-08-13 18:58:54.339 -05:00 [INF] [BalambGarden] [Probe]   +100: 00 00 00 00 00 00 00 00 F0 3D BF AA 31 02 00 00 
2026-08-13 18:58:54.339 -05:00 [INF] [BalambGarden] [Probe]   +110: 00 00 00 00 C2 81 00 00 00 00 00 00 00 00 00 00 
2026-08-13 18:58:54.339 -05:00 [INF] [BalambGarden] [Probe]   +120: 00 00 00 00 00 00 00 3F 00 00 00 00 00 00 00 00 
2026-08-13 18:58:54.339 -05:00 [INF] [BalambGarden] [Probe]   +130: 00 00 00 00 CD CC 4C 3E 00 00 00 00 00 00 00 00 
2026-08-13 18:58:54.339 -05:00 [INF] [BalambGarden] [Probe]   +140: 58 ED 0F C4 CB CC DC 41 58 36 50 C4 00 00 00 00 
2026-08-13 18:58:54.339 -05:00 [INF] [BalambGarden] [Probe]   +150: 00 00 00 00 01 BB 00 00 C0 4F 67 6C 32 02 00 00 
2026-08-13 18:58:54.339 -05:00 [INF] [BalambGarden] [Probe]   +160: 60 CB 80 B3 31 02 00 00 00 00 00 00 00 00 00 00 
2026-08-13 18:58:54.339 -05:00 [INF] [BalambGarden] [Probe]   +170: 00 00 00 00 00 00 00 3F 00 00 00 00 00 00 00 00 
2026-08-13 18:58:54.339 -05:00 [INF] [BalambGarden] [Probe]   +180: 00 00 00 00 CD CC 4C 3E 00 00 00 00 00 00 00 00 
2026-08-13 18:58:54.339 -05:00 [INF] [BalambGarden] [Probe]   +190: C0 83 00 00 01 BC 00 00 02 8B 1F 91 00 00 00 00 
2026-08-13 18:58:54.339 -05:00 [INF] [BalambGarden] [Probe]   +1A0: 70 48 94 A5 31 02 00 00 00 00 00 00 00 00 00 00 
2026-08-13 18:58:54.339 -05:00 [INF] [BalambGarden] [Probe]   +1B0: 00 00 00 00 21 39 02 04 01 00 00 65 20 4C 61 64 
2026-08-13 18:58:54.339 -05:00 [INF] [BalambGarden] [Probe]   +1C0: 01 65 73 27 20 44 61 6E 63 65 00 00 00 00 00 36 
2026-08-13 18:58:54.339 -05:00 [INF] [BalambGarden] [Probe]   +1D0: 00 01 00 00 00 00 00 03 C2 84 00 00 01 BD 00 00 
2026-08-13 18:58:54.339 -05:00 [INF] [BalambGarden] [Probe]   +1E0: 02 8C 1F 92 00 00 1F 93 1F 93 1F 93 00 00 00 00 
2026-08-13 18:58:54.339 -05:00 [INF] [BalambGarden] [Probe]   +1F0: 17 D7 20 39 20 38 02 76 01 00 17 00 00 00 4C 69 
2026-08-13 18:58:54.339 -05:00 [INF] [BalambGarden] [Probe]   +200: 6E 6B 70 65 61 72 6C 00 00 00 00 3A 00 01 00 00 
2026-08-13 18:58:54.339 -05:00 [INF] [BalambGarden] [Probe]   +210: C0 91 49 7E F6 7F 00 00 12 4E 00 00 02 8D 1F 9E 
2026-08-13 18:58:54.339 -05:00 [INF] [BalambGarden] [Probe] bed entity=40000EBE index=481 pos=<-574.4, 27.5, -833.3> dist=4.53y addr=231A53912A0
2026-08-13 18:58:54.339 -05:00 [INF] [BalambGarden] [Probe]   +000: C0 91 49 7E F6 7F 00 00 00 00 00 03 C2 78 00 00 
2026-08-13 18:58:54.339 -05:00 [INF] [BalambGarden] [Probe]   +010: 00 00 00 00 00 00 00 00 00 00 00 00 00 00 00 00 
2026-08-13 18:58:54.339 -05:00 [INF] [BalambGarden] [Probe]   +020: 00 00 00 00 00 00 00 00 20 1A 02 62 01 00 17 00 
2026-08-13 18:58:54.339 -05:00 [INF] [BalambGarden] [Probe]   +030: EE 80 B4 00 6B 20 47 6C 61 64 65 20 50 61 72 74 
2026-08-13 18:58:54.339 -05:00 [INF] [BalambGarden] [Probe]   +040: 69 74 69 6F 6E 00 00 03 C1 75 00 00 00 00 00 00 
2026-08-13 18:58:54.339 -05:00 [INF] [BalambGarden] [Probe]   +050: 02 7D 1F 73 00 00 1F 73 1F 73 1F 73 1F 73 00 00 
2026-08-13 18:58:54.339 -05:00 [INF] [BalambGarden] [Probe]   +060: 4E 26 20 1D 20 1C 02 62 03 00 07 00 00 00 43 6F 
2026-08-13 18:58:54.339 -05:00 [INF] [BalambGarden] [Probe]   +070: 00 74 65 6E 01 04 00 00 BE 0E 00 40 00 00 00 00 
2026-08-13 18:58:54.339 -05:00 [INF] [BalambGarden] [Probe]   +080: 21 39 02 03 2D 93 1E 00 00 00 00 E0 E1 01 F9 00 
2026-08-13 18:58:54.339 -05:00 [INF] [BalambGarden] [Probe]   +090: 07 00 00 0F 00 0F 00 00 00 01 FB 21 07 40 20 1F 
2026-08-13 18:58:54.339 -05:00 [INF] [BalambGarden] [Probe]   +0A0: 00 00 00 00 01 00 90 00 00 00 53 68 65 61 74 68 
2026-08-13 18:58:54.339 -05:00 [INF] [BalambGarden] [Probe]   +0B0: CC 96 0F C4 01 00 DC 41 D6 50 50 C4 00 00 00 00 
2026-08-13 18:58:54.339 -05:00 [INF] [BalambGarden] [Probe]   +0C0: 00 00 49 B8 00 00 80 3F 00 00 80 3F 00 00 80 3F 
2026-08-13 18:58:54.339 -05:00 [INF] [BalambGarden] [Probe]   +0D0: 00 00 00 40 00 00 00 00 00 00 00 00 00 00 00 00 
2026-08-13 18:58:54.339 -05:00 [INF] [BalambGarden] [Probe]   +0E0: 00 00 00 00 00 00 00 00 00 00 00 00 00 00 00 00 
2026-08-13 18:58:54.339 -05:00 [INF] [BalambGarden] [Probe]   +0F0: 00 00 00 00 00 00 00 00 00 00 00 00 00 00 00 36 
2026-08-13 18:58:54.339 -05:00 [INF] [BalambGarden] [Probe]   +100: 00 00 00 00 00 00 00 00 30 2E BF AA 31 02 00 00 
2026-08-13 18:58:54.339 -05:00 [INF] [BalambGarden] [Probe]   +110: 00 00 00 00 00 00 1F 80 00 00 00 00 00 00 00 00 
2026-08-13 18:58:54.339 -05:00 [INF] [BalambGarden] [Probe]   +120: 00 00 00 00 00 00 00 3F 00 00 00 00 00 00 00 00 
2026-08-13 18:58:54.339 -05:00 [INF] [BalambGarden] [Probe]   +130: 00 00 00 00 CD CC 4C 3E 00 00 00 00 00 00 00 00 
2026-08-13 18:58:54.339 -05:00 [INF] [BalambGarden] [Probe]   +140: D3 B4 0F C4 CB CC DC 41 51 18 50 C4 00 00 00 00 
2026-08-13 18:58:54.339 -05:00 [INF] [BalambGarden] [Probe]   +150: 00 00 00 00 1F 7D 1F 7D 10 65 67 6C 32 02 00 00 
2026-08-13 18:58:54.339 -05:00 [INF] [BalambGarden] [Probe]   +160: 60 CB 80 B3 31 02 00 00 00 00 00 00 00 00 00 00 
2026-08-13 18:58:54.339 -05:00 [INF] [BalambGarden] [Probe]   +170: 00 00 00 00 00 00 00 3F 00 00 00 00 00 00 00 00 
2026-08-13 18:58:54.339 -05:00 [INF] [BalambGarden] [Probe]   +180: 00 00 00 00 CD CC 4C 3E 00 00 00 00 00 00 00 00 
2026-08-13 18:58:54.339 -05:00 [INF] [BalambGarden] [Probe]   +190: 10 85 00 00 00 00 00 00 00 00 00 00 2C F3 20 27 
2026-08-13 18:58:54.339 -05:00 [INF] [BalambGarden] [Probe]   +1A0: 70 48 94 A5 31 02 00 00 00 00 00 00 00 00 00 00 
2026-08-13 18:58:54.339 -05:00 [INF] [BalambGarden] [Probe]   +1B0: 00 00 00 00 21 39 02 03 01 00 00 36 00 01 00 00 
2026-08-13 18:58:54.339 -05:00 [INF] [BalambGarden] [Probe]   +1C0: 01 00 00 03 C2 7C 00 00 01 B2 00 00 02 83 1F 88 
2026-08-13 18:58:54.339 -05:00 [INF] [BalambGarden] [Probe]   +1D0: A0 12 39 A5 31 02 00 00 00 00 00 00 2C F4 20 29 
2026-08-13 18:58:54.339 -05:00 [INF] [BalambGarden] [Probe]   +1E0: 20 28 02 62 02 41 10 00 00 00 53 68 6F 77 20 4C 
2026-08-13 18:58:54.339 -05:00 [INF] [BalambGarden] [Probe]   +1F0: 65 66 74 00 00 00 00 2E 00 01 00 00 00 00 00 00 
2026-08-13 18:58:54.339 -05:00 [INF] [BalambGarden] [Probe]   +200: 00 00 00 00 00 00 00 00 00 00 1F 7F 1F 7E 00 00 
2026-08-13 18:58:54.339 -05:00 [INF] [BalambGarden] [Probe]   +210: C0 91 49 7E F6 7F 00 00 00 00 00 00 00 00 00 01 
2026-08-13 18:58:54.339 -05:00 [INF] [BalambGarden] [Probe] bed entity=40000EBF index=480 pos=<-574.4, 27.5, -833.3> dist=4.53y addr=231A5391090
2026-08-13 18:58:54.339 -05:00 [INF] [BalambGarden] [Probe]   +000: C0 91 49 7E F6 7F 00 00 0C 24 20 0C 20 0D 00 01 
2026-08-13 18:58:54.339 -05:00 [INF] [BalambGarden] [Probe]   +010: 00 00 00 00 00 00 00 00 00 00 00 00 00 00 00 00 
2026-08-13 18:58:54.339 -05:00 [INF] [BalambGarden] [Probe]   +020: 00 00 00 00 00 00 00 00 00 00 00 3A 00 01 00 00 
2026-08-13 18:58:54.339 -05:00 [INF] [BalambGarden] [Probe]   +030: EE 80 B4 00 55 6E 65 6E 64 69 6E 67 20 4A 6F 75 
2026-08-13 18:58:54.339 -05:00 [INF] [BalambGarden] [Probe]   +040: 72 6E 65 79 00 00 00 00 00 00 00 00 0C 25 20 0E 
2026-08-13 18:58:54.339 -05:00 [INF] [BalambGarden] [Probe]   +050: 20 0F 00 01 01 00 10 00 00 00 50 61 69 6E 74 20 
2026-08-13 18:58:54.339 -05:00 [INF] [BalambGarden] [Probe]   +060: 49 74 20 42 6C 75 65 00 00 00 00 3A 00 01 00 00 
2026-08-13 18:58:54.339 -05:00 [INF] [BalambGarden] [Probe]   +070: 00 00 00 03 02 04 00 00 BF 0E 00 40 00 00 00 00 
2026-08-13 18:58:54.339 -05:00 [INF] [BalambGarden] [Probe]   +080: 21 39 02 02 2D 93 1E 00 00 00 00 E0 E0 01 F9 00 
2026-08-13 18:58:54.339 -05:00 [INF] [BalambGarden] [Probe]   +090: 07 00 00 0F 00 0F 00 00 00 01 FB 21 07 60 20 53 
2026-08-13 18:58:54.339 -05:00 [INF] [BalambGarden] [Probe]   +0A0: 00 00 00 00 00 00 00 00 00 00 00 36 00 01 00 00 
2026-08-13 18:58:54.339 -05:00 [INF] [BalambGarden] [Probe]   +0B0: CC 96 0F C4 01 00 DC 41 D6 50 50 C4 00 00 00 00 
2026-08-13 18:58:54.339 -05:00 [INF] [BalambGarden] [Probe]   +0C0: 00 00 49 B8 00 00 80 3F 00 00 80 3F 00 00 80 3F 
2026-08-13 18:58:54.339 -05:00 [INF] [BalambGarden] [Probe]   +0D0: 00 00 00 40 01 00 10 00 00 00 50 61 6E 74 6F 6D 
2026-08-13 18:58:54.339 -05:00 [INF] [BalambGarden] [Probe]   +0E0: 00 00 00 00 00 00 00 00 00 00 00 00 00 00 00 00 
2026-08-13 18:58:54.339 -05:00 [INF] [BalambGarden] [Probe]   +0F0: 00 00 00 00 00 00 00 00 00 00 1F 6C 00 00 1F 6E 
2026-08-13 18:58:54.339 -05:00 [INF] [BalambGarden] [Probe]   +100: 00 00 00 00 00 00 00 00 70 10 BF AA 31 02 00 00 
2026-08-13 18:58:54.339 -05:00 [INF] [BalambGarden] [Probe]   +110: 00 00 00 00 00 00 56 65 00 00 00 00 00 00 00 00 
2026-08-13 18:58:54.339 -05:00 [INF] [BalambGarden] [Probe]   +120: 00 00 00 00 00 00 00 3F 00 00 00 00 00 00 00 00 
2026-08-13 18:58:54.339 -05:00 [INF] [BalambGarden] [Probe]   +130: 00 00 00 00 CD CC 4C 3E 00 00 00 00 00 00 00 00 
2026-08-13 18:58:54.339 -05:00 [INF] [BalambGarden] [Probe]   +140: 4E 7C 0F C4 CB CC DC 41 4A FA 4F C4 00 00 00 00 
2026-08-13 18:58:54.339 -05:00 [INF] [BalambGarden] [Probe]   +150: 00 00 00 00 00 00 00 36 60 59 67 6C 32 02 00 00 
2026-08-13 18:58:54.339 -05:00 [INF] [BalambGarden] [Probe]   +160: 60 CB 80 B3 31 02 00 00 00 00 00 00 00 00 00 00 
2026-08-13 18:58:54.339 -05:00 [INF] [BalambGarden] [Probe]   +170: 00 00 00 00 00 00 00 3F 00 00 00 00 00 00 00 00 
2026-08-13 18:58:54.339 -05:00 [INF] [BalambGarden] [Probe]   +180: 00 00 00 00 CD CC 4C 3E 00 00 00 00 00 00 00 00 
2026-08-13 18:58:54.339 -05:00 [INF] [BalambGarden] [Probe]   +190: 00 00 00 3A 00 01 00 00 00 00 00 03 C2 77 00 00 
2026-08-13 18:58:54.339 -05:00 [INF] [BalambGarden] [Probe]   +1A0: 70 48 94 A5 31 02 00 00 00 00 00 00 00 00 00 00 
2026-08-13 18:58:54.339 -05:00 [INF] [BalambGarden] [Probe]   +1B0: 00 00 00 00 21 39 02 02 01 00 00 62 01 00 17 00 
2026-08-13 18:58:54.339 -05:00 [INF] [BalambGarden] [Probe]   +1C0: 01 00 43 6C 75 74 63 68 20 48 65 61 64 00 00 00 
2026-08-13 18:58:54.339 -05:00 [INF] [BalambGarden] [Probe]   +1D0: 00 00 00 3A 00 01 00 00 00 00 00 03 C2 76 00 00 
2026-08-13 18:58:54.339 -05:00 [INF] [BalambGarden] [Probe]   +1E0: 01 AC 00 00 02 7B 1F 4B 00 00 1F 4C 1F 4C 1F 4C 
2026-08-13 18:58:54.339 -05:00 [INF] [BalambGarden] [Probe]   +1F0: 00 00 00 00 17 9E 20 2F 20 2E 02 6C 01 00 17 00 
2026-08-13 18:58:54.339 -05:00 [INF] [BalambGarden] [Probe]   +200: 00 00 45 61 74 20 43 68 6F 63 6F 6C 61 74 65 00 
2026-08-13 18:58:54.339 -05:00 [INF] [BalambGarden] [Probe]   +210: C0 91 49 7E F6 7F 00 00 00 00 00 03 C2 78 00 00 
2026-08-13 18:58:54.339 -05:00 [INF] [BalambGarden] [Probe] bed entity=40000EC0 index=479 pos=<-574.4, 27.5, -833.3> dist=4.53y addr=231A5390E80
2026-08-13 18:58:54.339 -05:00 [INF] [BalambGarden] [Probe]   +000: C0 91 49 7E F6 7F 00 00 00 00 00 00 00 00 1C ED 
2026-08-13 18:58:54.339 -05:00 [INF] [BalambGarden] [Probe]   +010: 00 00 00 00 00 00 00 00 00 00 00 00 00 00 00 00 
2026-08-13 18:58:54.339 -05:00 [INF] [BalambGarden] [Probe]   +020: 00 00 00 00 00 00 00 00 00 00 43 68 61 6E 67 65 
2026-08-13 18:58:54.339 -05:00 [INF] [BalambGarden] [Probe]   +030: EE 80 B4 00 61 6E 79 20 43 68 65 73 74 00 00 00 
2026-08-13 18:58:54.339 -05:00 [INF] [BalambGarden] [Probe]   +040: 00 00 00 00 00 00 00 00 00 00 00 00 00 00 1C EF 
2026-08-13 18:58:54.339 -05:00 [INF] [BalambGarden] [Probe]   +050: 1C EE 00 00 00 00 00 00 00 00 00 00 00 00 00 00 
2026-08-13 18:58:54.339 -05:00 [INF] [BalambGarden] [Probe]   +060: 00 00 00 01 04 00 00 00 00 00 43 68 61 6E 67 65 
2026-08-13 18:58:54.339 -05:00 [INF] [BalambGarden] [Probe]   +070: 00 50 6F 73 03 04 00 00 C0 0E 00 40 00 00 00 00 
2026-08-13 18:58:54.339 -05:00 [INF] [BalambGarden] [Probe]   +080: 21 39 02 01 2D 93 1E 00 00 00 00 E0 DF 01 F9 00 
2026-08-13 18:58:54.339 -05:00 [INF] [BalambGarden] [Probe]   +090: 07 00 00 0F 00 0F 00 00 00 01 FB 21 07 98 1F FE 
2026-08-13 18:58:54.339 -05:00 [INF] [BalambGarden] [Probe]   +0A0: 00 00 00 00 01 00 17 00 00 00 45 61 74 20 52 69 
2026-08-13 18:58:54.339 -05:00 [INF] [BalambGarden] [Probe]   +0B0: CC 96 0F C4 01 00 DC 41 D6 50 50 C4 00 00 00 00 
2026-08-13 18:58:54.339 -05:00 [INF] [BalambGarden] [Probe]   +0C0: 00 00 49 B8 00 00 80 3F 00 00 80 3F 00 00 80 3F 
2026-08-13 18:58:54.339 -05:00 [INF] [BalambGarden] [Probe]   +0D0: 00 00 00 40 1F 48 1F 48 00 00 00 00 17 9A 20 00 
2026-08-13 18:58:54.339 -05:00 [INF] [BalambGarden] [Probe]   +0E0: 00 00 00 00 00 00 00 00 00 00 00 00 00 00 00 00 
2026-08-13 18:58:54.339 -05:00 [INF] [BalambGarden] [Probe]   +0F0: 00 00 00 00 00 00 00 00 00 00 00 00 00 00 00 03 
2026-08-13 18:58:54.339 -05:00 [INF] [BalambGarden] [Probe]   +100: 00 00 00 00 00 00 00 00 B0 23 BF AA 31 02 00 00 
2026-08-13 18:58:54.339 -05:00 [INF] [BalambGarden] [Probe]   +110: 00 00 00 00 00 00 00 00 00 00 00 00 00 00 00 00 
2026-08-13 18:58:54.339 -05:00 [INF] [BalambGarden] [Probe]   +120: 00 00 00 00 00 00 00 3F 00 00 00 00 00 00 00 00 
2026-08-13 18:58:54.339 -05:00 [INF] [BalambGarden] [Probe]   +130: 00 00 00 00 CD CC 4C 3E 00 00 00 00 00 00 00 00 
2026-08-13 18:58:54.339 -05:00 [INF] [BalambGarden] [Probe]   +140: 47 5E 0F C4 CB CC DC 41 CF 32 50 C4 00 00 00 00 
2026-08-13 18:58:54.339 -05:00 [INF] [BalambGarden] [Probe]   +150: 00 00 00 00 00 00 00 00 30 48 67 6C 32 02 00 00 
2026-08-13 18:58:54.339 -05:00 [INF] [BalambGarden] [Probe]   +160: 60 CB 80 B3 31 02 00 00 00 00 00 00 00 00 00 00 
2026-08-13 18:58:54.339 -05:00 [INF] [BalambGarden] [Probe]   +170: 00 00 00 00 00 00 00 3F 00 00 00 00 00 00 00 00 
2026-08-13 18:58:54.339 -05:00 [INF] [BalambGarden] [Probe]   +180: 00 00 00 00 CD CC 4C 3E 00 00 00 00 00 00 00 00 
2026-08-13 18:58:54.339 -05:00 [INF] [BalambGarden] [Probe]   +190: 00 00 00 00 0C 22 20 06 20 07 00 01 01 00 10 00 
2026-08-13 18:58:54.339 -05:00 [INF] [BalambGarden] [Probe]   +1A0: 70 48 94 A5 31 02 00 00 00 00 00 00 00 00 00 00 
2026-08-13 18:58:54.339 -05:00 [INF] [BalambGarden] [Probe]   +1B0: 00 00 00 00 21 39 02 01 01 00 00 00 00 00 00 03 
2026-08-13 18:58:54.339 -05:00 [INF] [BalambGarden] [Probe]   +1C0: 01 6E 00 00 01 A2 00 00 02 72 1F 52 00 00 00 00 
2026-08-13 18:58:54.339 -05:00 [INF] [BalambGarden] [Probe]   +1D0: 00 00 00 00 00 00 00 00 0C 23 20 0A 20 0B 00 01 
2026-08-13 18:58:54.339 -05:00 [INF] [BalambGarden] [Probe]   +1E0: 01 00 10 00 00 00 50 61 69 6E 74 20 49 74 20 52 
2026-08-13 18:58:54.339 -05:00 [INF] [BalambGarden] [Probe]   +1F0: 65 64 00 00 00 00 00 3E 00 01 00 00 00 00 00 03 
2026-08-13 18:58:54.339 -05:00 [INF] [BalambGarden] [Probe]   +200: C2 6F 00 00 01 A2 00 00 02 73 1F 53 00 00 00 00 
2026-08-13 18:58:54.339 -05:00 [INF] [BalambGarden] [Probe]   +210: C0 91 49 7E F6 7F 00 00 0C 24 20 0C 20 0D 00 01 
2026-08-13 18:58:54.339 -05:00 [INF] [BalambGarden] [Probe] bed entity=40000EC1 index=478 pos=<-574.4, 27.5, -833.3> dist=4.53y addr=231A5390C70
2026-08-13 18:58:54.339 -05:00 [INF] [BalambGarden] [Probe]   +000: C0 91 49 7E F6 7F 00 00 1F ED 00 01 01 00 17 00 
2026-08-13 18:58:54.339 -05:00 [INF] [BalambGarden] [Probe]   +010: 00 00 00 00 00 00 00 00 00 00 00 00 00 00 00 00 
2026-08-13 18:58:54.339 -05:00 [INF] [BalambGarden] [Probe]   +020: 00 00 00 00 00 00 00 00 C2 61 00 00 01 0F 00 00 
2026-08-13 18:58:54.339 -05:00 [INF] [BalambGarden] [Probe]   +030: EE 80 B4 00 74 20 47 75 62 61 6C 20 46 6C 6F 6F 
2026-08-13 18:58:54.339 -05:00 [INF] [BalambGarden] [Probe]   +040: 72 20 4C 61 6D 70 00 01 02 38 10 00 00 00 57 61 
2026-08-13 18:58:54.339 -05:00 [INF] [BalambGarden] [Probe]   +050: 73 73 68 6F 69 00 00 00 00 00 00 3A 00 01 00 00 
2026-08-13 18:58:54.339 -05:00 [INF] [BalambGarden] [Probe]   +060: 00 00 00 03 C2 62 00 00 01 10 00 00 02 64 1C DE 
2026-08-13 18:58:54.339 -05:00 [INF] [BalambGarden] [Probe]   +070: 00 00 00 00 04 04 00 00 C1 0E 00 40 00 00 00 00 
2026-08-13 18:58:54.339 -05:00 [INF] [BalambGarden] [Probe]   +080: 21 39 02 00 2D 93 1E 00 00 00 00 E0 DE 01 F9 00 
2026-08-13 18:58:54.339 -05:00 [INF] [BalambGarden] [Probe]   +090: 07 00 00 0F 00 0F 00 00 00 01 FB 21 07 00 00 00 
2026-08-13 18:58:54.339 -05:00 [INF] [BalambGarden] [Probe]   +0A0: 00 00 00 00 C2 63 00 00 01 11 00 00 02 65 1C F1 
2026-08-13 18:58:54.339 -05:00 [INF] [BalambGarden] [Probe]   +0B0: CC 96 0F C4 01 00 DC 41 D6 50 50 C4 00 00 00 00 
2026-08-13 18:58:54.339 -05:00 [INF] [BalambGarden] [Probe]   +0C0: 00 00 49 B8 00 00 80 3F 00 00 80 3F 00 00 80 3F 
2026-08-13 18:58:54.339 -05:00 [INF] [BalambGarden] [Probe]   +0D0: 00 00 00 40 65 00 00 00 00 00 00 36 00 01 00 00 
2026-08-13 18:58:54.339 -05:00 [INF] [BalambGarden] [Probe]   +0E0: 00 00 00 00 00 00 00 00 00 00 00 00 00 00 00 00 
2026-08-13 18:58:54.339 -05:00 [INF] [BalambGarden] [Probe]   +0F0: 00 00 00 00 00 00 00 00 00 00 00 00 17 D5 1F F4 
2026-08-13 18:58:54.339 -05:00 [INF] [BalambGarden] [Probe]   +100: 00 00 00 00 00 00 00 00 30 3C BF AA 31 02 00 00 
2026-08-13 18:58:54.339 -05:00 [INF] [BalambGarden] [Probe]   +110: 00 00 00 00 00 00 00 32 00 00 00 00 00 00 00 00 
2026-08-13 18:58:54.339 -05:00 [INF] [BalambGarden] [Probe]   +120: 00 00 00 00 00 00 00 3F 00 00 00 00 00 00 00 00 
2026-08-13 18:58:54.339 -05:00 [INF] [BalambGarden] [Probe]   +130: 00 00 00 00 CD CC 4C 3E 00 00 00 00 00 00 00 00 
2026-08-13 18:58:54.339 -05:00 [INF] [BalambGarden] [Probe]   +140: 40 40 0F C4 CB CC DC 41 54 6B 50 C4 00 00 00 00 
2026-08-13 18:58:54.339 -05:00 [INF] [BalambGarden] [Probe]   +150: 00 00 00 00 00 00 00 03 10 5A 67 6C 32 02 00 00 
2026-08-13 18:58:54.339 -05:00 [INF] [BalambGarden] [Probe]   +160: 60 CB 80 B3 31 02 00 00 00 00 00 00 00 00 00 00 
2026-08-13 18:58:54.339 -05:00 [INF] [BalambGarden] [Probe]   +170: 00 00 00 00 00 00 00 3F 00 00 00 00 00 00 00 00 
2026-08-13 18:58:54.339 -05:00 [INF] [BalambGarden] [Probe]   +180: 00 00 00 00 CD CC 4C 3E 00 00 00 00 00 00 00 00 
2026-08-13 18:58:54.339 -05:00 [INF] [BalambGarden] [Probe]   +190: 00 01 00 00 00 00 00 03 C2 67 00 00 01 16 00 00 
2026-08-13 18:58:54.339 -05:00 [INF] [BalambGarden] [Probe]   +1A0: 70 48 94 A5 31 02 00 00 00 00 00 00 00 00 00 00 
2026-08-13 18:58:54.339 -05:00 [INF] [BalambGarden] [Probe]   +1B0: 00 00 00 00 21 39 02 00 01 00 00 00 00 00 42 65 
2026-08-13 18:58:54.339 -05:00 [INF] [BalambGarden] [Probe]   +1C0: 01 27 73 20 4B 6E 65 65 73 00 00 00 00 00 00 36 
2026-08-13 18:58:54.339 -05:00 [INF] [BalambGarden] [Probe]   +1D0: 00 01 00 00 00 00 00 03 C2 68 00 00 01 12 00 00 
2026-08-13 18:58:54.339 -05:00 [INF] [BalambGarden] [Probe]   +1E0: 02 6A 1C FB 1C FA 00 00 00 00 00 00 00 00 00 00 
2026-08-13 18:58:54.339 -05:00 [INF] [BalambGarden] [Probe]   +1F0: 27 80 1F FC 1F FD 00 01 02 3D 10 00 00 00 4C 61 
2026-08-13 18:58:54.339 -05:00 [INF] [BalambGarden] [Probe]   +200: 6C 69 20 48 6F 70 00 00 00 00 00 3A 00 01 00 00 
2026-08-13 18:58:54.339 -05:00 [INF] [BalambGarden] [Probe]   +210: C0 91 49 7E F6 7F 00 00 00 00 00 00 00 00 1C ED 
2026-08-13 18:58:54.339 -05:00 [INF] [BalambGarden] [Probe] bed entity=40000EBC index=483 pos=<-574.4, 27.5, -833.3> dist=4.53y addr=231A53916C0
2026-08-13 18:58:54.339 -05:00 [INF] [BalambGarden] [Probe]   +000: C0 91 49 7E F6 7F 00 00 12 4E 00 00 02 8D 1F 9E 
2026-08-13 18:58:54.339 -05:00 [INF] [BalambGarden] [Probe]   +010: 00 00 00 00 00 00 00 00 00 00 00 00 00 00 00 00 
2026-08-13 18:58:54.339 -05:00 [INF] [BalambGarden] [Probe]   +020: 00 00 00 00 00 00 00 00 00 00 45 61 72 20 57 69 
2026-08-13 18:58:54.339 -05:00 [INF] [BalambGarden] [Probe]   +030: EE 80 B4 00 6B 20 47 6C 61 64 65 20 50 61 72 74 
2026-08-13 18:58:54.339 -05:00 [INF] [BalambGarden] [Probe]   +040: 69 74 69 6F 6E 00 00 00 00 00 00 00 00 00 1F 84 
2026-08-13 18:58:54.339 -05:00 [INF] [BalambGarden] [Probe]   +050: 1F 83 00 00 00 00 00 00 00 00 00 00 00 00 00 00 
2026-08-13 18:58:54.339 -05:00 [INF] [BalambGarden] [Probe]   +060: 00 00 00 01 04 00 00 00 00 00 00 00 00 00 00 2E 
2026-08-13 18:58:54.339 -05:00 [INF] [BalambGarden] [Probe]   +070: 00 01 00 00 FF 03 00 00 BC 0E 00 40 00 00 00 00 
2026-08-13 18:58:54.339 -05:00 [INF] [BalambGarden] [Probe]   +080: 21 39 02 05 2D 93 1E 00 00 00 00 E0 E3 01 F9 00 
2026-08-13 18:58:54.339 -05:00 [INF] [BalambGarden] [Probe]   +090: 07 00 00 0F 00 0F 00 00 00 01 FB 21 07 00 00 00 
2026-08-13 18:58:54.339 -05:00 [INF] [BalambGarden] [Probe]   +0A0: 00 00 00 00 00 01 00 00 00 00 00 00 00 00 00 00 
2026-08-13 18:58:54.339 -05:00 [INF] [BalambGarden] [Probe]   +0B0: CC 96 0F C4 01 00 DC 41 D6 50 50 C4 00 00 00 00 
2026-08-13 18:58:54.339 -05:00 [INF] [BalambGarden] [Probe]   +0C0: 00 00 49 B8 00 00 80 3F 00 00 80 3F 00 00 80 3F 
2026-08-13 18:58:54.339 -05:00 [INF] [BalambGarden] [Probe]   +0D0: 00 00 00 40 00 00 00 36 00 01 00 00 00 00 00 03 
2026-08-13 18:58:54.339 -05:00 [INF] [BalambGarden] [Probe]   +0E0: 00 00 00 00 00 00 00 00 00 00 00 00 00 00 00 00 
2026-08-13 18:58:54.339 -05:00 [INF] [BalambGarden] [Probe]   +0F0: 00 00 00 00 00 00 00 00 00 00 20 3D 20 3C 02 76 
2026-08-13 18:58:54.339 -05:00 [INF] [BalambGarden] [Probe]   +100: 00 00 00 00 00 00 00 00 F0 2F BF AA 31 02 00 00 
2026-08-13 18:58:54.339 -05:00 [INF] [BalambGarden] [Probe]   +110: 00 00 00 00 00 01 00 00 00 00 00 00 00 00 00 00 
2026-08-13 18:58:54.339 -05:00 [INF] [BalambGarden] [Probe]   +120: 00 00 00 00 00 00 00 3F 00 00 00 00 00 00 00 00 
2026-08-13 18:58:54.339 -05:00 [INF] [BalambGarden] [Probe]   +130: 00 00 00 00 CD CC 4C 3E 00 00 00 00 00 00 00 00 
2026-08-13 18:58:54.339 -05:00 [INF] [BalambGarden] [Probe]   +140: 51 CF 0F C4 CB CC DC 41 DD 6E 50 C4 00 00 00 00 
2026-08-13 18:58:54.339 -05:00 [INF] [BalambGarden] [Probe]   +150: 00 00 00 00 00 00 00 3E 90 54 67 6C 32 02 00 00 
2026-08-13 18:58:54.339 -05:00 [INF] [BalambGarden] [Probe]   +160: 60 CB 80 B3 31 02 00 00 00 00 00 00 00 00 00 00 
2026-08-13 18:58:54.339 -05:00 [INF] [BalambGarden] [Probe]   +170: 00 00 00 00 00 00 00 3F 00 00 00 00 00 00 00 00 
2026-08-13 18:58:54.339 -05:00 [INF] [BalambGarden] [Probe]   +180: 00 00 00 00 CD CC 4C 3E 00 00 00 00 00 00 00 00 
2026-08-13 18:58:54.339 -05:00 [INF] [BalambGarden] [Probe]   +190: 60 79 20 31 00 00 00 00 00 00 00 3E 00 01 00 00 
2026-08-13 18:58:54.339 -05:00 [INF] [BalambGarden] [Probe]   +1A0: 70 48 94 A5 31 02 00 00 00 00 00 00 00 00 00 00 
2026-08-13 18:58:54.339 -05:00 [INF] [BalambGarden] [Probe]   +1B0: 00 00 00 00 21 39 02 05 01 00 00 00 0C 2A 20 43 
2026-08-13 18:58:54.339 -05:00 [INF] [BalambGarden] [Probe]   +1C0: 01 42 02 80 01 00 10 00 00 00 4A 75 6D 70 20 66 
2026-08-13 18:58:54.339 -05:00 [INF] [BalambGarden] [Probe]   +1D0: C0 16 39 A5 31 02 00 00 00 00 00 00 00 00 00 3E 
2026-08-13 18:58:54.339 -05:00 [INF] [BalambGarden] [Probe]   +1E0: 00 01 00 00 00 00 00 03 C2 8A 00 00 01 C4 00 00 
2026-08-13 18:58:54.339 -05:00 [INF] [BalambGarden] [Probe]   +1F0: 02 95 1F A2 00 00 00 00 00 00 00 00 00 00 00 00 
2026-08-13 18:58:54.339 -05:00 [INF] [BalambGarden] [Probe]   +200: 0C 2B 20 45 20 44 02 80 01 00 10 00 00 00 4A 75 
2026-08-13 18:58:54.339 -05:00 [INF] [BalambGarden] [Probe]   +210: C0 91 49 7E F6 7F 00 00 6F 79 20 33 00 00 00 00 
2026-08-13 18:58:54.339 -05:00 [INF] [BalambGarden] [Probe] bed entity=40000EBB index=484 pos=<-574.4, 27.5, -833.3> dist=4.53y addr=231A53918D0
2026-08-13 18:58:54.339 -05:00 [INF] [BalambGarden] [Probe]   +000: C0 91 49 7E F6 7F 00 00 6F 79 20 33 00 00 00 00 
2026-08-13 18:58:54.339 -05:00 [INF] [BalambGarden] [Probe]   +010: 00 00 00 00 00 00 00 00 00 00 00 00 00 00 00 00 
2026-08-13 18:58:54.339 -05:00 [INF] [BalambGarden] [Probe]   +020: 00 00 00 00 00 00 00 00 00 00 00 00 00 00 00 00 
2026-08-13 18:58:54.339 -05:00 [INF] [BalambGarden] [Probe]   +030: EE 80 B4 00 61 67 65 20 42 6F 6F 6B 20 53 74 61 
2026-08-13 18:58:54.339 -05:00 [INF] [BalambGarden] [Probe]   +040: 6E 64 00 75 6D 70 20 66 6F 72 20 4A 6F 79 20 34 
2026-08-13 18:58:54.339 -05:00 [INF] [BalambGarden] [Probe]   +050: 00 00 00 00 00 00 00 3E 00 01 00 00 00 00 00 03 
2026-08-13 18:58:54.339 -05:00 [INF] [BalambGarden] [Probe]   +060: C2 8C 00 00 01 C4 00 00 02 97 1F A4 00 00 00 00 
2026-08-13 18:58:54.339 -05:00 [INF] [BalambGarden] [Probe]   +070: 00 00 00 00 FE 03 00 00 BB 0E 00 40 00 00 00 00 
2026-08-13 18:58:54.339 -05:00 [INF] [BalambGarden] [Probe]   +080: 21 39 02 06 2D 93 1E 00 00 00 00 E0 E4 01 F9 00 
2026-08-13 18:58:54.339 -05:00 [INF] [BalambGarden] [Probe]   +090: 07 00 00 0F 00 0F 00 00 00 01 FB 21 07 00 00 00 
2026-08-13 18:58:54.339 -05:00 [INF] [BalambGarden] [Probe]   +0A0: 00 00 00 00 C2 8D 00 00 01 C5 00 00 02 98 1F 9C 
2026-08-13 18:58:54.339 -05:00 [INF] [BalambGarden] [Probe]   +0B0: CC 96 0F C4 01 00 DC 41 D6 50 50 C4 00 00 00 00 
2026-08-13 18:58:54.339 -05:00 [INF] [BalambGarden] [Probe]   +0C0: 00 00 49 B8 00 00 80 3F 00 00 80 3F 00 00 80 3F 
2026-08-13 18:58:54.339 -05:00 [INF] [BalambGarden] [Probe]   +0D0: 00 00 00 40 61 72 74 00 00 00 00 3E 00 01 00 00 
2026-08-13 18:58:54.339 -05:00 [INF] [BalambGarden] [Probe]   +0E0: 00 00 00 00 00 00 00 00 00 00 00 00 00 00 00 00 
2026-08-13 18:58:54.339 -05:00 [INF] [BalambGarden] [Probe]   +0F0: 00 00 00 00 00 00 00 00 00 00 00 00 27 27 20 4D 
2026-08-13 18:58:54.339 -05:00 [INF] [BalambGarden] [Probe]   +100: 00 00 00 00 00 00 00 00 F0 4B BF AA 31 02 00 00 
2026-08-13 18:58:54.339 -05:00 [INF] [BalambGarden] [Probe]   +110: 00 00 00 00 42 72 69 67 00 00 00 00 00 00 00 00 
2026-08-13 18:58:54.339 -05:00 [INF] [BalambGarden] [Probe]   +120: 00 00 00 00 00 00 00 3F 00 00 00 00 00 00 00 00 
2026-08-13 18:58:54.339 -05:00 [INF] [BalambGarden] [Probe]   +130: 00 00 00 00 CD CC 4C 3E 00 00 00 00 00 00 00 00 
2026-08-13 18:58:54.339 -05:00 [INF] [BalambGarden] [Probe]   +140: 4A B1 0F C4 CB CC DC 41 62 A7 50 C4 00 00 00 00 
2026-08-13 18:58:54.339 -05:00 [INF] [BalambGarden] [Probe]   +150: 00 00 00 00 57 61 76 65 70 50 67 6C 32 02 00 00 
2026-08-13 18:58:54.339 -05:00 [INF] [BalambGarden] [Probe]   +160: 60 CB 80 B3 31 02 00 00 00 00 00 00 00 00 00 00 
2026-08-13 18:58:54.339 -05:00 [INF] [BalambGarden] [Probe]   +170: 00 00 00 00 00 00 00 3F 00 00 00 00 00 00 00 00 
2026-08-13 18:58:54.339 -05:00 [INF] [BalambGarden] [Probe]   +180: 00 00 00 00 CD CC 4C 3E 00 00 00 00 00 00 00 00 
2026-08-13 18:58:54.339 -05:00 [INF] [BalambGarden] [Probe]   +190: 00 45 10 00 00 00 43 68 65 65 72 20 4A 75 6D 70 
2026-08-13 18:58:54.339 -05:00 [INF] [BalambGarden] [Probe]   +1A0: 70 48 94 A5 31 02 00 00 00 00 00 00 00 00 00 00 
2026-08-13 18:58:54.339 -05:00 [INF] [BalambGarden] [Probe]   +1B0: 00 00 00 00 21 39 02 06 01 00 00 00 02 9C 1F A8 
2026-08-13 18:58:54.339 -05:00 [INF] [BalambGarden] [Probe]   +1C0: 01 00 00 00 00 00 00 00 00 00 00 00 0C 28 20 53 
2026-08-13 18:58:54.339 -05:00 [INF] [BalambGarden] [Probe]   +1D0: 20 52 02 80 01 00 10 00 00 00 41 6C 6C 20 53 61 
2026-08-13 18:58:54.339 -05:00 [INF] [BalambGarden] [Probe]   +1E0: 69 6E 74 73 27 20 43 68 61 72 6D 00 00 00 00 3E 
2026-08-13 18:58:54.339 -05:00 [INF] [BalambGarden] [Probe]   +1F0: 00 01 00 00 00 00 00 03 C2 91 00 00 01 C9 00 00 
2026-08-13 18:58:54.339 -05:00 [INF] [BalambGarden] [Probe]   +200: 00 00 1F A9 00 00 00 00 00 00 00 00 00 00 00 00 
2026-08-13 18:58:54.339 -05:00 [INF] [BalambGarden] [Probe]   +210: C0 91 49 7E F6 7F 00 00 01 00 10 00 00 00 41 6C 
2026-08-13 18:58:54.339 -05:00 [INF] [BalambGarden] [Probe] bed entity=40000EC6 index=467 pos=<-571.4, 27.5, -838.9> dist=5.16y addr=231A538F5C0
2026-08-13 18:58:54.339 -05:00 [INF] [BalambGarden] [Probe]   +000: C0 91 49 7E F6 7F 00 00 6C 79 00 00 00 00 00 36 
2026-08-13 18:58:54.339 -05:00 [INF] [BalambGarden] [Probe]   +010: 00 00 00 00 00 00 00 00 00 00 00 00 00 00 00 00 
2026-08-13 18:58:54.339 -05:00 [INF] [BalambGarden] [Probe]   +020: 00 00 00 00 00 00 00 00 0E B7 0E B7 00 00 0E B8 
2026-08-13 18:58:54.339 -05:00 [INF] [BalambGarden] [Probe]   +030: EE 80 B4 00 72 20 53 61 62 6F 74 65 6E 64 65 72 
2026-08-13 18:58:54.339 -05:00 [INF] [BalambGarden] [Probe]   +040: 20 54 72 6F 70 68 79 00 00 00 00 2E 00 01 00 00 
2026-08-13 18:58:54.339 -05:00 [INF] [BalambGarden] [Probe]   +050: 00 00 00 00 00 00 00 00 00 00 00 00 00 00 00 00 
2026-08-13 18:58:54.339 -05:00 [INF] [BalambGarden] [Probe]   +060: 00 00 00 00 00 00 00 00 00 00 00 00 00 00 00 00 
2026-08-13 18:58:54.339 -05:00 [INF] [BalambGarden] [Probe]   +070: 00 00 00 00 07 04 00 00 C6 0E 00 40 00 00 00 00 
2026-08-13 18:58:54.339 -05:00 [INF] [BalambGarden] [Probe]   +080: 0D 39 00 06 2D 93 1E 00 00 00 00 E0 D3 01 F9 00 
2026-08-13 18:58:54.339 -05:00 [INF] [BalambGarden] [Probe]   +090: 07 00 00 0F 00 0F 00 00 00 01 FB 21 07 00 00 00 
2026-08-13 18:58:54.339 -05:00 [INF] [BalambGarden] [Probe]   +0A0: 00 00 00 00 00 00 00 01 04 01 00 00 00 00 00 00 
2026-08-13 18:58:54.339 -05:00 [INF] [BalambGarden] [Probe]   +0B0: CF D6 0E C4 01 00 DC 41 6A BB 51 C4 00 00 00 00 
2026-08-13 18:58:54.339 -05:00 [INF] [BalambGarden] [Probe]   +0C0: 00 00 49 B8 00 00 80 3F 00 00 80 3F 00 00 80 3F 
2026-08-13 18:58:54.339 -05:00 [INF] [BalambGarden] [Probe]   +0D0: 00 00 00 40 27 17 00 C5 01 28 00 01 02 0A 10 00 
2026-08-13 18:58:54.339 -05:00 [INF] [BalambGarden] [Probe]   +0E0: 00 00 00 00 00 00 00 00 00 00 00 00 00 00 00 00 
2026-08-13 18:58:54.339 -05:00 [INF] [BalambGarden] [Probe]   +0F0: 00 00 00 00 00 00 00 00 00 00 00 00 00 00 00 03 
2026-08-13 18:58:54.339 -05:00 [INF] [BalambGarden] [Probe]   +100: 00 00 00 00 00 00 00 00 70 9E 62 81 32 02 00 00 
2026-08-13 18:58:54.339 -05:00 [INF] [BalambGarden] [Probe]   +110: 00 00 00 00 00 00 00 00 00 00 00 00 00 00 00 00 
2026-08-13 18:58:54.339 -05:00 [INF] [BalambGarden] [Probe]   +120: 00 00 00 00 00 00 00 3F 00 00 00 00 00 00 00 00 
2026-08-13 18:58:54.339 -05:00 [INF] [BalambGarden] [Probe]   +130: 00 00 00 00 CD CC 4C 3E 00 00 00 00 00 00 00 00 
2026-08-13 18:58:54.339 -05:00 [INF] [BalambGarden] [Probe]   +140: 4D F1 0E C4 CB CC DC 41 F6 11 52 C4 00 00 00 00 
2026-08-13 18:58:54.339 -05:00 [INF] [BalambGarden] [Probe]   +150: 00 00 00 00 00 00 00 00 70 5B 67 6C 32 02 00 00 
2026-08-13 18:58:54.339 -05:00 [INF] [BalambGarden] [Probe]   +160: 60 CB 80 B3 31 02 00 00 00 00 00 00 00 00 00 00 
2026-08-13 18:58:54.339 -05:00 [INF] [BalambGarden] [Probe]   +170: 00 00 00 00 00 00 00 3F 00 00 00 00 00 00 00 00 
2026-08-13 18:58:54.339 -05:00 [INF] [BalambGarden] [Probe]   +180: 00 00 00 00 CD CC 4C 3E 00 00 00 00 00 00 00 00 
2026-08-13 18:58:54.339 -05:00 [INF] [BalambGarden] [Probe]   +190: 00 00 00 00 00 00 00 00 0B B9 00 99 00 FD 00 01 
2026-08-13 18:58:54.339 -05:00 [INF] [BalambGarden] [Probe]   +1A0: 70 48 94 A5 31 02 00 00 00 00 00 00 00 00 00 00 
2026-08-13 18:58:54.339 -05:00 [INF] [BalambGarden] [Probe]   +1B0: 00 00 00 00 0D 39 00 06 01 00 00 00 00 00 00 03 
2026-08-13 18:58:54.339 -05:00 [INF] [BalambGarden] [Probe]   +1C0: 01 0E 00 00 01 32 00 00 02 0B 0E C3 00 00 00 00 
2026-08-13 18:58:54.339 -05:00 [INF] [BalambGarden] [Probe]   +1D0: 00 00 00 00 00 00 00 00 0B BA 00 9A 00 FE 00 01 
2026-08-13 18:58:54.339 -05:00 [INF] [BalambGarden] [Probe]   +1E0: 01 00 50 00 00 00 56 69 63 74 6F 72 79 00 00 00 
2026-08-13 18:58:54.339 -05:00 [INF] [BalambGarden] [Probe]   +1F0: 00 00 00 36 00 01 00 00 00 00 00 03 C2 0F 00 00 
2026-08-13 18:58:54.339 -05:00 [INF] [BalambGarden] [Probe]   +200: 01 34 00 00 02 0C 12 48 00 00 00 00 00 00 00 00 
2026-08-13 18:58:54.339 -05:00 [INF] [BalambGarden] [Probe]   +210: C0 91 49 7E F6 7F 00 00 00 FF 00 01 01 00 10 00 
2026-08-13 18:58:54.339 -05:00 [INF] [BalambGarden] [Probe] bed entity=40000ECB index=462 pos=<-571.4, 27.5, -838.9> dist=5.16y addr=231A538EB70
2026-08-13 18:58:54.339 -05:00 [INF] [BalambGarden] [Probe]   +000: C0 91 49 7E F6 7F 00 00 61 63 65 00 00 00 00 32 
2026-08-13 18:58:54.339 -05:00 [INF] [BalambGarden] [Probe]   +010: 00 00 00 00 00 00 00 00 00 00 00 00 00 00 00 00 
2026-08-13 18:58:54.339 -05:00 [INF] [BalambGarden] [Probe]   +020: 00 00 00 00 00 00 00 00 02 5D 02 5D 02 5D 00 00 
2026-08-13 18:58:54.339 -05:00 [INF] [BalambGarden] [Probe]   +030: EE 80 B4 00 6B 20 47 6C 61 64 65 20 50 61 72 74 
2026-08-13 18:58:54.339 -05:00 [INF] [BalambGarden] [Probe]   +040: 69 74 69 6F 6E 00 79 20 4C 61 6D 70 00 00 00 03 
2026-08-13 18:58:54.339 -05:00 [INF] [BalambGarden] [Probe]   +050: C1 57 00 00 00 00 00 00 01 D7 02 5E 00 00 02 5E 
2026-08-13 18:58:54.339 -05:00 [INF] [BalambGarden] [Probe]   +060: 02 5E 02 5E 02 5E 00 00 4E 23 00 A3 01 07 00 01 
2026-08-13 18:58:54.339 -05:00 [INF] [BalambGarden] [Probe]   +070: 00 00 07 00 0C 04 00 00 CB 0E 00 40 00 00 00 00 
2026-08-13 18:58:54.339 -05:00 [INF] [BalambGarden] [Probe]   +080: 0D 39 00 01 2D 93 1E 00 00 00 00 E0 CE 01 F9 00 
2026-08-13 18:58:54.339 -05:00 [INF] [BalambGarden] [Probe]   +090: 07 00 00 0F 00 0F 00 00 00 01 FB 21 07 58 00 00 
2026-08-13 18:58:54.339 -05:00 [INF] [BalambGarden] [Probe]   +0A0: 00 00 00 00 01 08 00 01 03 00 07 00 00 00 53 6D 
2026-08-13 18:58:54.339 -05:00 [INF] [BalambGarden] [Probe]   +0B0: CF D6 0E C4 01 00 DC 41 6A BB 51 C4 00 00 00 00 
2026-08-13 18:58:54.339 -05:00 [INF] [BalambGarden] [Probe]   +0C0: 00 00 49 B8 00 00 80 3F 00 00 80 3F 00 00 80 3F 
2026-08-13 18:58:54.339 -05:00 [INF] [BalambGarden] [Probe]   +0D0: 00 00 00 40 02 60 00 00 4E 28 00 A5 01 09 00 01 
2026-08-13 18:58:54.339 -05:00 [INF] [BalambGarden] [Probe]   +0E0: 00 00 00 00 00 00 00 00 00 00 00 00 00 00 00 00 
2026-08-13 18:58:54.339 -05:00 [INF] [BalambGarden] [Probe]   +0F0: 00 00 00 00 00 00 00 00 00 00 00 00 00 00 00 00 
2026-08-13 18:58:54.339 -05:00 [INF] [BalambGarden] [Probe]   +100: 00 00 00 00 00 00 00 00 70 C1 62 81 32 02 00 00 
2026-08-13 18:58:54.339 -05:00 [INF] [BalambGarden] [Probe]   +110: 00 00 00 00 01 0A 00 01 00 00 00 00 00 00 00 00 
2026-08-13 18:58:54.339 -05:00 [INF] [BalambGarden] [Probe]   +120: 00 00 00 00 00 00 00 3F 00 00 00 00 00 00 00 00 
2026-08-13 18:58:54.339 -05:00 [INF] [BalambGarden] [Probe]   +130: 00 00 00 00 CD CC 4C 3E 00 00 00 00 00 00 00 00 
2026-08-13 18:58:54.339 -05:00 [INF] [BalambGarden] [Probe]   +140: 4A 9E 0E C4 CB CC DC 41 63 9D 51 C4 00 00 00 00 
2026-08-13 18:58:54.339 -05:00 [INF] [BalambGarden] [Probe]   +150: 00 00 00 00 03 00 07 00 00 4D 67 6C 32 02 00 00 
2026-08-13 18:58:54.339 -05:00 [INF] [BalambGarden] [Probe]   +160: 60 CB 80 B3 31 02 00 00 00 00 00 00 00 00 00 00 
2026-08-13 18:58:54.339 -05:00 [INF] [BalambGarden] [Probe]   +170: 00 00 00 00 00 00 00 3F 00 00 00 00 00 00 00 00 
2026-08-13 18:58:54.339 -05:00 [INF] [BalambGarden] [Probe]   +180: 00 00 00 00 CD CC 4C 3E 00 00 00 00 00 00 00 00 
2026-08-13 18:58:54.339 -05:00 [INF] [BalambGarden] [Probe]   +190: 00 00 53 63 61 72 65 64 00 00 00 00 00 00 00 36 
2026-08-13 18:58:54.339 -05:00 [INF] [BalambGarden] [Probe]   +1A0: 70 48 94 A5 31 02 00 00 00 00 00 00 00 00 00 00 
2026-08-13 18:58:54.339 -05:00 [INF] [BalambGarden] [Probe]   +1B0: 00 00 00 00 0D 39 00 01 01 00 00 67 02 67 00 00 
2026-08-13 18:58:54.339 -05:00 [INF] [BalambGarden] [Probe]   +1C0: 01 2C 00 A9 01 0D 00 01 03 00 07 00 00 00 41 6D 
2026-08-13 18:58:54.339 -05:00 [INF] [BalambGarden] [Probe]   +1D0: 70 EB 38 A5 31 02 00 00 00 00 00 00 00 01 00 00 
2026-08-13 18:58:54.339 -05:00 [INF] [BalambGarden] [Probe]   +1E0: 00 00 00 03 C1 5E 00 00 00 00 00 00 01 DE 02 68 
2026-08-13 18:58:54.339 -05:00 [INF] [BalambGarden] [Probe]   +1F0: 00 00 02 68 02 68 02 68 02 68 00 00 4E 2D 00 AA 
2026-08-13 18:58:54.339 -05:00 [INF] [BalambGarden] [Probe]   +200: 01 0E 00 01 03 00 07 00 00 00 4F 75 63 68 00 00 
2026-08-13 18:58:54.339 -05:00 [INF] [BalambGarden] [Probe]   +210: C0 91 49 7E F6 7F 00 00 00 00 00 03 C1 5F 00 00 
2026-08-13 18:58:54.339 -05:00 [INF] [BalambGarden] [Probe] bed entity=40000ECA index=463 pos=<-571.4, 27.5, -838.9> dist=5.16y addr=231A538ED80
2026-08-13 18:58:54.339 -05:00 [INF] [BalambGarden] [Probe]   +000: C0 91 49 7E F6 7F 00 00 00 00 00 03 C1 5F 00 00 
2026-08-13 18:58:54.339 -05:00 [INF] [BalambGarden] [Probe]   +010: 00 00 00 00 00 00 00 00 00 00 00 00 00 00 00 00 
2026-08-13 18:58:54.339 -05:00 [INF] [BalambGarden] [Probe]   +020: 00 00 00 00 00 00 00 00 01 0F 00 01 03 00 07 00 
2026-08-13 18:58:54.339 -05:00 [INF] [BalambGarden] [Probe]   +030: EE 80 B4 00 6B 20 47 6C 61 64 65 20 50 61 72 74 
2026-08-13 18:58:54.339 -05:00 [INF] [BalambGarden] [Probe]   +040: 69 74 69 6F 6E 00 00 03 C1 60 00 00 00 00 00 00 
2026-08-13 18:58:54.339 -05:00 [INF] [BalambGarden] [Probe]   +050: 01 E0 02 6B 00 00 02 6B 02 6B 02 6B 02 6B 00 00 
2026-08-13 18:58:54.339 -05:00 [INF] [BalambGarden] [Probe]   +060: 4E 2F 00 AC 01 10 00 01 03 00 07 00 00 00 41 6C 
2026-08-13 18:58:54.339 -05:00 [INF] [BalambGarden] [Probe]   +070: 00 72 74 00 0B 04 00 00 CA 0E 00 40 00 00 00 00 
2026-08-13 18:58:54.339 -05:00 [INF] [BalambGarden] [Probe]   +080: 0D 39 00 02 2D 93 1E 00 00 00 00 E0 CF 01 F9 00 
2026-08-13 18:58:54.339 -05:00 [INF] [BalambGarden] [Probe]   +090: 07 00 00 0F 00 0F 00 00 00 01 FB 21 07 10 00 01 
2026-08-13 18:58:54.339 -05:00 [INF] [BalambGarden] [Probe]   +0A0: 00 00 00 00 00 00 57 6F 72 72 69 65 64 00 00 00 
2026-08-13 18:58:54.339 -05:00 [INF] [BalambGarden] [Probe]   +0B0: CF D6 0E C4 01 00 DC 41 6A BB 51 C4 00 00 00 00 
2026-08-13 18:58:54.339 -05:00 [INF] [BalambGarden] [Probe]   +0C0: 00 00 49 B8 00 00 80 3F 00 00 80 3F 00 00 80 3F 
2026-08-13 18:58:54.339 -05:00 [INF] [BalambGarden] [Probe]   +0D0: 00 00 00 40 4E 37 1F 9A 1F 9B 00 01 03 00 07 00 
2026-08-13 18:58:54.339 -05:00 [INF] [BalambGarden] [Probe]   +0E0: 00 00 00 00 00 00 00 00 00 00 00 00 00 00 00 00 
2026-08-13 18:58:54.339 -05:00 [INF] [BalambGarden] [Probe]   +0F0: 00 00 00 00 00 00 00 00 00 00 00 00 01 85 00 00 
2026-08-13 18:58:54.339 -05:00 [INF] [BalambGarden] [Probe]   +100: 00 00 00 00 00 00 00 00 30 C3 62 81 32 02 00 00 
2026-08-13 18:58:54.339 -05:00 [INF] [BalambGarden] [Probe]   +110: 00 00 00 00 1F 9D 00 01 00 00 00 00 00 00 00 00 
2026-08-13 18:58:54.339 -05:00 [INF] [BalambGarden] [Probe]   +120: 00 00 00 00 00 00 00 3F 00 00 00 00 00 00 00 00 
2026-08-13 18:58:54.339 -05:00 [INF] [BalambGarden] [Probe]   +130: 00 00 00 00 CD CC 4C 3E 00 00 00 00 00 00 00 00 
2026-08-13 18:58:54.339 -05:00 [INF] [BalambGarden] [Probe]   +140: 51 BC 0E C4 CB CC DC 41 DE 64 51 C4 00 00 00 00 
2026-08-13 18:58:54.339 -05:00 [INF] [BalambGarden] [Probe]   +150: 00 00 00 00 03 00 07 00 50 4C 67 6C 32 02 00 00 
2026-08-13 18:58:54.339 -05:00 [INF] [BalambGarden] [Probe]   +160: 60 CB 80 B3 31 02 00 00 00 00 00 00 00 00 00 00 
2026-08-13 18:58:54.339 -05:00 [INF] [BalambGarden] [Probe]   +170: 00 00 00 00 00 00 00 3F 00 00 00 00 00 00 00 00 
2026-08-13 18:58:54.339 -05:00 [INF] [BalambGarden] [Probe]   +180: 00 00 00 00 CD CC 4C 3E 00 00 00 00 00 00 00 00 
2026-08-13 18:58:54.339 -05:00 [INF] [BalambGarden] [Probe]   +190: 00 00 07 00 00 00 53 63 6F 66 66 00 00 00 00 32 
2026-08-13 18:58:54.339 -05:00 [INF] [BalambGarden] [Probe]   +1A0: 70 48 94 A5 31 02 00 00 00 00 00 00 00 00 00 00 
2026-08-13 18:58:54.339 -05:00 [INF] [BalambGarden] [Probe]   +1B0: 00 00 00 00 0D 39 00 02 01 00 00 00 00 00 00 00 
2026-08-13 18:58:54.339 -05:00 [INF] [BalambGarden] [Probe]   +1C0: 01 EE 00 B4 01 18 00 01 01 00 10 00 00 00 54 68 
2026-08-13 18:58:54.339 -05:00 [INF] [BalambGarden] [Probe]   +1D0: 80 ED 38 A5 31 02 00 00 00 00 00 00 00 00 00 03 
2026-08-13 18:58:54.339 -05:00 [INF] [BalambGarden] [Probe]   +1E0: C1 EA 00 00 00 18 00 00 00 00 02 E7 00 00 00 00 
2026-08-13 18:58:54.339 -05:00 [INF] [BalambGarden] [Probe]   +1F0: 00 00 00 00 00 00 00 00 00 00 00 95 00 F9 00 01 
2026-08-13 18:58:54.339 -05:00 [INF] [BalambGarden] [Probe]   +200: 01 00 10 00 00 00 53 6E 6F 77 62 61 6C 6C 00 00 
2026-08-13 18:58:54.339 -05:00 [INF] [BalambGarden] [Probe]   +210: C0 91 49 7E F6 7F 00 00 00 00 00 03 C1 EA 00 00 
2026-08-13 18:58:54.339 -05:00 [INF] [BalambGarden] [Probe] bed entity=40000EC9 index=464 pos=<-571.4, 27.5, -838.9> dist=5.16y addr=231A538EF90
2026-08-13 18:58:54.339 -05:00 [INF] [BalambGarden] [Probe]   +000: C0 91 49 7E F6 7F 00 00 00 00 00 03 C1 EA 00 00 
2026-08-13 18:58:54.339 -05:00 [INF] [BalambGarden] [Probe]   +010: 00 00 00 00 00 00 00 00 00 00 00 00 00 00 00 00 
2026-08-13 18:58:54.339 -05:00 [INF] [BalambGarden] [Probe]   +020: 00 00 00 00 00 00 00 00 00 F9 00 01 01 00 00 00 
2026-08-13 18:58:54.339 -05:00 [INF] [BalambGarden] [Probe]   +030: EE 80 B4 00 72 20 4F 74 74 65 72 20 4C 61 6E 74 
2026-08-13 18:58:54.339 -05:00 [INF] [BalambGarden] [Probe]   +040: 65 72 6E 00 00 00 00 03 C2 35 00 00 00 00 00 00 
2026-08-13 18:58:54.339 -05:00 [INF] [BalambGarden] [Probe]   +050: 00 00 02 49 02 48 00 00 00 00 00 00 02 49 00 00 
2026-08-13 18:58:54.339 -05:00 [INF] [BalambGarden] [Probe]   +060: 00 00 00 00 00 00 00 01 02 03 00 00 00 00 53 6C 
2026-08-13 18:58:54.339 -05:00 [INF] [BalambGarden] [Probe]   +070: 00 65 70 00 0A 04 00 00 C9 0E 00 40 00 00 00 00 
2026-08-13 18:58:54.339 -05:00 [INF] [BalambGarden] [Probe]   +080: 0D 39 00 03 2D 93 1E 00 00 00 00 E0 D0 01 F9 00 
2026-08-13 18:58:54.339 -05:00 [INF] [BalambGarden] [Probe]   +090: 07 00 00 0F 00 0F 00 00 00 01 FB 21 07 00 00 01 
2026-08-13 18:58:54.339 -05:00 [INF] [BalambGarden] [Probe]   +0A0: 00 00 00 00 00 00 00 00 00 00 00 3A 00 01 00 00 
2026-08-13 18:58:54.339 -05:00 [INF] [BalambGarden] [Probe]   +0B0: CF D6 0E C4 01 00 DC 41 6A BB 51 C4 00 00 00 00 
2026-08-13 18:58:54.339 -05:00 [INF] [BalambGarden] [Probe]   +0C0: 00 00 49 B8 00 00 80 3F 00 00 80 3F 00 00 80 3F 
2026-08-13 18:58:54.339 -05:00 [INF] [BalambGarden] [Probe]   +0D0: 00 00 00 40 02 00 00 00 00 00 43 68 61 6E 67 65 
2026-08-13 18:58:54.339 -05:00 [INF] [BalambGarden] [Probe]   +0E0: 00 00 00 00 00 00 00 00 00 00 00 00 00 00 00 00 
2026-08-13 18:58:54.339 -05:00 [INF] [BalambGarden] [Probe]   +0F0: 00 00 00 00 00 00 00 00 00 00 00 00 00 00 0C 34 
2026-08-13 18:58:54.339 -05:00 [INF] [BalambGarden] [Probe]   +100: 00 00 00 00 00 00 00 00 F0 B6 62 81 32 02 00 00 
2026-08-13 18:58:54.339 -05:00 [INF] [BalambGarden] [Probe]   +110: 00 00 00 00 04 00 00 00 00 00 00 00 00 00 00 00 
2026-08-13 18:58:54.339 -05:00 [INF] [BalambGarden] [Probe]   +120: 00 00 00 00 00 00 00 3F 00 00 00 00 00 00 00 00 
2026-08-13 18:58:54.339 -05:00 [INF] [BalambGarden] [Probe]   +130: 00 00 00 00 CD CC 4C 3E 00 00 00 00 00 00 00 00 
2026-08-13 18:58:54.339 -05:00 [INF] [BalambGarden] [Probe]   +140: D6 F4 0E C4 CB CC DC 41 E5 82 51 C4 00 00 00 00 
2026-08-13 18:58:54.339 -05:00 [INF] [BalambGarden] [Probe]   +150: 00 00 00 00 00 01 00 00 40 55 67 6C 32 02 00 00 
2026-08-13 18:58:54.339 -05:00 [INF] [BalambGarden] [Probe]   +160: 60 CB 80 B3 31 02 00 00 00 00 00 00 00 00 00 00 
2026-08-13 18:58:54.339 -05:00 [INF] [BalambGarden] [Probe]   +170: 00 00 00 00 00 00 00 3F 00 00 00 00 00 00 00 00 
2026-08-13 18:58:54.339 -05:00 [INF] [BalambGarden] [Probe]   +180: 00 00 00 00 CD CC 4C 3E 00 00 00 00 00 00 00 00 
2026-08-13 18:58:54.339 -05:00 [INF] [BalambGarden] [Probe]   +190: 00 00 00 00 00 00 00 00 00 00 00 00 00 00 00 00 
2026-08-13 18:58:54.339 -05:00 [INF] [BalambGarden] [Probe]   +1A0: 70 48 94 A5 31 02 00 00 00 00 00 00 00 00 00 00 
2026-08-13 18:58:54.339 -05:00 [INF] [BalambGarden] [Probe]   +1B0: 00 00 00 00 0D 39 00 03 01 00 00 2E 00 01 00 00 
2026-08-13 18:58:54.339 -05:00 [INF] [BalambGarden] [Probe]   +1C0: 01 00 00 00 00 00 00 00 00 00 00 00 00 00 0C 3C 
2026-08-13 18:58:54.339 -05:00 [INF] [BalambGarden] [Probe]   +1D0: 0C 3B 00 00 0C 3C 00 00 00 00 00 00 00 00 00 00 
2026-08-13 18:58:54.339 -05:00 [INF] [BalambGarden] [Probe]   +1E0: 00 00 00 01 04 02 00 00 00 00 00 00 00 00 00 2E 
2026-08-13 18:58:54.339 -05:00 [INF] [BalambGarden] [Probe]   +1F0: 00 01 00 00 00 00 00 00 00 00 00 00 00 00 00 00 
2026-08-13 18:58:54.339 -05:00 [INF] [BalambGarden] [Probe]   +200: 00 00 0C 3E 0C 3D 00 00 0C 3E 00 00 00 00 00 00 
2026-08-13 18:58:54.339 -05:00 [INF] [BalambGarden] [Probe]   +210: C0 91 49 7E F6 7F 00 00 04 02 00 00 00 00 00 00 
2026-08-13 18:58:54.339 -05:00 [INF] [BalambGarden] [Probe] dump cap (20) reached - move closer to the beds you care about
2026-08-13 18:58:54.339 -05:00 [INF] [BalambGarden] [Probe] dumped 20 bed objects (220 bytes each)
2026-08-13 18:58:55.099 -05:00 [INF] [BalambGarden] [Probe] furniture vector: 601 entries, object array count: 200
2026-08-13 18:58:55.099 -05:00 [INF] [BalambGarden] [Probe] furniture idx=87 id=56 stain=0 pos=<-572.9, 27.5, -836.1> dist=3.6y
2026-08-13 18:58:55.099 -05:00 [INF] [BalambGarden] [Probe] furniture idx=83 id=56 stain=0 pos=<-574.4, 27.5, -833.3> dist=4.5y
2026-08-13 18:58:55.099 -05:00 [INF] [BalambGarden] [Probe] furniture idx=88 id=56 stain=0 pos=<-571.4, 27.5, -838.9> dist=5.2y
2026-08-13 18:58:55.099 -05:00 [INF] [BalambGarden] [Probe] furniture idx=85 id=256 stain=0 pos=<-581.9, 27.5, -842.2> dist=7.4y
2026-08-13 18:58:55.099 -05:00 [INF] [BalambGarden] [Probe] furniture idx=90 id=79 stain=0 pos=<-569.2, 27.5, -840.5> dist=7.8y
2026-08-13 18:58:55.099 -05:00 [INF] [BalambGarden] [Probe] furniture idx=82 id=46 stain=0 pos=<-577.3, 27.5, -829.0> dist=8.5y
2026-08-13 18:58:55.099 -05:00 [INF] [BalambGarden] [Probe] furniture idx=91 id=257 stain=58 pos=<-570.6, 27.5, -844.6> dist=9.2y
2026-08-13 18:58:55.099 -05:00 [INF] [BalambGarden] [Probe] furniture idx=92 id=62 stain=0 pos=<-570.6, 27.5, -844.6> dist=9.2y
2026-08-13 18:58:55.099 -05:00 [INF] [BalambGarden] [Probe] furniture idx=93 id=235 stain=0 pos=<-574.6, 27.5, -848.3> dist=11.1y
2026-08-13 18:58:55.099 -05:00 [INF] [BalambGarden] [Probe] furniture idx=81 id=79 stain=0 pos=<-578.6, 27.5, -825.9> dist=11.7y
2026-08-13 18:58:55.099 -05:00 [INF] [BalambGarden] [Probe] furniture idx=80 id=211 stain=0 pos=<-578.6, 27.5, -825.7> dist=11.9y
2026-08-13 18:58:55.099 -05:00 [INF] [BalambGarden] [Probe] furniture idx=89 id=324 stain=0 pos=<-581.8, 27.5, -847.9> dist=11.9y
2026-08-13 18:58:55.099 -05:00 [INF] [BalambGarden] [Probe] furniture idx=96 id=137 stain=0 pos=<-568.5, 27.5, -846.7> dist=12.2y
2026-08-13 18:58:55.099 -05:00 [INF] [BalambGarden] [Probe] furniture idx=94 id=79 stain=0 pos=<-575.7, 27.5, -850.9> dist=13.5y
2026-08-13 18:58:55.099 -05:00 [INF] [BalambGarden] [Probe] furniture idx=86 id=22 stain=0 pos=<-586.6, 27.5, -846.6> dist=13.8y
2026-08-13 18:58:55.099 -05:00 [INF] [BalambGarden] [Probe] furniture idx=79 id=211 stain=0 pos=<-581.5, 27.5, -820.4> dist=17.8y
2026-08-13 18:58:55.099 -05:00 [INF] [BalambGarden] [Probe] furniture idx=78 id=79 stain=0 pos=<-581.6, 27.5, -820.2> dist=18.0y
2026-08-13 18:58:55.099 -05:00 [INF] [BalambGarden] [Probe] furniture idx=76 id=248 stain=0 pos=<-593.6, 27.5, -822.7> dist=22.7y
2026-08-13 18:58:55.099 -05:00 [INF] [BalambGarden] [Probe] furniture idx=75 id=145 stain=0 pos=<-591.6, 27.5, -819.4> dist=23.6y
2026-08-13 18:58:55.099 -05:00 [INF] [BalambGarden] [Probe] furniture idx=73 id=235 stain=0 pos=<-592.1, 27.5, -817.4> dist=25.5y
2026-08-13 18:58:55.099 -05:00 [INF] [BalambGarden] [Probe] furniture idx=77 id=235 stain=0 pos=<-584.4, 27.5, -812.9> dist=25.7y
2026-08-13 18:58:55.099 -05:00 [INF] [BalambGarden] [Probe] furniture idx=74 id=10 stain=0 pos=<-600.2, 27.5, -823.5> dist=27.7y
2026-08-13 18:58:55.099 -05:00 [INF] [BalambGarden] [Probe] furniture idx=98 id=123 stain=0 pos=<-606.8, 27.5, -866.8> dist=42.5y
2026-08-13 18:58:55.099 -05:00 [INF] [BalambGarden] [Probe] furniture idx=95 id=115 stain=0 pos=<-557.6, 34.5, -812.9> dist=31.6y
2026-08-13 18:58:55.099 -05:00 [INF] [BalambGarden] [Probe] furniture idx=99 id=22 stain=0 pos=<-549.2, 34.5, -804.7> dist=43.0y
2026-08-13 18:58:55.099 -05:00 [INF] [BalambGarden] [Probe] furniture within 45y: 25
2026-08-13 18:58:55.099 -05:00 [INF] [BalambGarden] [Probe] datamap key=62 bytes: 41 00 04 00 00 10 2C 00 04 00 00 51 41 00 04 00 00 00 41 00 04 00 00 00 2C 00 04 00 00 A7 24 00 04 00 00 69 2C 00 04 00 00 00 41 00 04 00 00 00 
2026-08-13 18:58:55.099 -05:00 [INF] [BalambGarden] [Probe] key=62 decoded (8/8 occupied):
2026-08-13 18:58:55.099 -05:00 [INF] [BalambGarden] [Probe] datamap key=110 bytes: 41 00 01 00 00 10 11 00 01 00 00 51 41 00 01 00 00 00 11 00 01 00 00 00 41 00 01 00 00 A7 11 00 01 00 00 69 41 00 01 00 00 00 11 00 01 00 00 00 
2026-08-13 18:58:55.099 -05:00 [INF] [BalambGarden] [Probe] key=110 decoded (8/8 occupied):
2026-08-13 18:58:55.099 -05:00 [INF] [BalambGarden] [Probe] datamap key=116 bytes: 41 00 03 00 00 10 11 00 03 00 00 51 41 00 03 00 00 00 11 00 03 00 00 00 41 00 03 00 00 A7 11 00 03 00 00 69 41 00 03 00 00 00 11 00 03 00 00 00 
2026-08-13 18:58:55.099 -05:00 [INF] [BalambGarden] [Probe] key=116 decoded (8/8 occupied):
2026-08-13 18:58:55.099 -05:00 [INF] [BalambGarden] [Probe] datamap key=117 bytes: 41 00 03 00 00 10 11 00 03 00 00 51 41 00 03 00 00 00 11 00 03 00 00 00 41 00 03 00 00 A7 11 00 03 00 00 69 41 00 03 00 00 00 11 00 03 00 00 00 
2026-08-13 18:58:55.099 -05:00 [INF] [BalambGarden] [Probe] key=117 decoded (8/8 occupied):
2026-08-13 18:58:55.099 -05:00 [INF] [BalambGarden] [Probe] datamap key=285 bytes: 2B 00 03 00 00 00 30 00 01 00 00 00 2B 00 03 00 00 00 30 00 01 00 00 00 2B 00 03 00 00 02 30 00 01 00 00 00 2B 00 03 00 00 CD 30 00 01 00 00 00 
2026-08-13 18:58:55.099 -05:00 [INF] [BalambGarden] [Probe] key=285 decoded (8/8 occupied):
2026-08-13 18:58:55.099 -05:00 [INF] [BalambGarden] [Probe] datamap key=286 bytes: 09 00 01 00 00 00 31 00 03 00 00 00 09 00 01 00 00 00 31 00 03 00 00 00 09 00 01 00 00 02 31 00 03 00 00 00 09 00 01 00 00 CD 31 00 03 00 00 00 
2026-08-13 18:58:55.099 -05:00 [INF] [BalambGarden] [Probe] key=286 decoded (8/8 occupied):
2026-08-13 18:58:55.099 -05:00 [INF] [BalambGarden] [Probe] datamap key=290 bytes: 24 00 01 00 00 00 2E 00 01 00 00 00 24 00 01 00 00 00 2E 00 01 00 00 00 24 00 01 00 00 02 2E 00 01 00 00 00 24 00 01 00 00 CD 2E 00 01 00 00 00 
2026-08-13 18:58:55.099 -05:00 [INF] [BalambGarden] [Probe] key=290 decoded (8/8 occupied):
2026-08-13 18:58:55.099 -05:00 [INF] [BalambGarden] [Probe] datamap key=365 bytes: 41 00 04 00 00 00 41 00 04 00 00 00 2F 00 04 00 00 00 41 00 04 00 00 00 2F 00 04 00 00 02 41 00 04 00 00 00 41 00 04 00 00 CD 2F 00 04 00 00 00 
2026-08-13 18:58:55.099 -05:00 [INF] [BalambGarden] [Probe] key=365 decoded (8/8 occupied):
2026-08-13 18:58:55.099 -05:00 [INF] [BalambGarden] [Probe] datamap key=402 bytes: 00 00 00 00 00 00 00 00 00 00 00 00 00 00 00 00 00 00 00 00 00 00 00 00 00 00 00 00 00 02 00 00 00 00 00 00 00 00 00 00 00 CD 00 00 00 00 00 00 
2026-08-13 18:58:55.099 -05:00 [INF] [BalambGarden] [Probe] datamap key=447 bytes: 48 00 04 00 00 00 48 00 04 00 00 00 48 00 04 00 00 00 47 00 04 00 00 00 47 00 04 00 00 02 48 00 04 00 00 00 48 00 04 00 00 CD 48 00 04 00 00 00 
2026-08-13 18:58:55.099 -05:00 [INF] [BalambGarden] [Probe] key=447 decoded (8/8 occupied):
2026-08-13 18:58:55.099 -05:00 [INF] [BalambGarden] [Probe] datamap key=581 bytes: 00 00 00 00 00 00 00 00 00 00 00 00 00 00 00 00 00 00 00 00 00 00 00 00 00 00 00 00 00 02 00 00 00 00 00 00 00 00 00 00 00 CD 00 00 00 00 00 00 
2026-08-13 18:58:55.099 -05:00 [INF] [BalambGarden] [Probe] datamap key=661 bytes: 00 00 00 00 00 00 00 00 00 00 00 00 00 00 00 00 00 00 00 00 00 00 00 00 00 00 00 00 00 02 00 00 00 00 00 00 00 00 00 00 00 CD 00 00 00 00 00 00 
2026-08-13 18:58:55.099 -05:00 [INF] [BalambGarden] [Probe] datamap key=759 bytes: 4D 00 04 00 00 00 4D 00 04 00 00 00 4D 00 04 00 00 00 4D 00 04 00 00 00 4D 00 04 00 00 02 4D 00 04 00 00 00 4D 00 04 00 00 CD 4D 00 04 00 00 00 
2026-08-13 18:58:55.099 -05:00 [INF] [BalambGarden] [Probe] key=759 decoded (8/8 occupied):
2026-08-13 18:58:55.099 -05:00 [INF] [BalambGarden] [Probe] datamap key=760 bytes: 4D 00 04 00 00 00 4D 00 04 00 00 00 4D 00 04 00 00 00 4D 00 04 00 00 00 4D 00 04 00 00 02 4D 00 04 00 00 00 4D 00 04 00 00 CD 4D 00 04 00 00 00 
2026-08-13 18:58:55.099 -05:00 [INF] [BalambGarden] [Probe] key=760 decoded (8/8 occupied):
2026-08-13 18:58:55.099 -05:00 [INF] [BalambGarden] [Probe] datamap key=891 bytes: 24 00 03 00 00 00 2C 00 01 00 00 00 24 00 03 00 00 00 2C 00 01 00 00 00 24 00 03 00 00 02 2C 00 01 00 00 00 24 00 03 00 00 CD 2C 00 01 00 00 00 
2026-08-13 18:58:55.099 -05:00 [INF] [BalambGarden] [Probe] key=891 decoded (8/8 occupied):
2026-08-13 18:58:55.099 -05:00 [INF] [BalambGarden] [Probe] datamap key=969 bytes: 00 00 00 00 00 00 00 00 00 00 00 00 00 00 00 00 00 00 00 00 00 00 00 00 00 00 00 00 00 02 00 00 00 00 00 00 00 00 00 00 00 CD 00 00 00 00 00 00 
2026-08-13 18:58:55.099 -05:00 [INF] [BalambGarden] [Probe] datamap key=1020 bytes: 00 00 00 00 00 00 00 00 00 00 00 00 00 00 00 00 00 00 00 00 00 00 00 00 00 00 00 00 00 02 00 00 00 00 00 00 00 00 00 00 00 CD 00 00 00 00 00 00 
2026-08-13 18:58:55.099 -05:00 [INF] [BalambGarden] [Probe] datamap key=1067 bytes: 47 00 04 00 00 00 47 00 04 00 00 00 47 00 04 00 00 00 47 00 04 00 00 00 47 00 04 00 00 02 47 00 04 00 00 00 47 00 04 00 00 CD 47 00 04 00 00 00 
2026-08-13 18:58:55.099 -05:00 [INF] [BalambGarden] [Probe] key=1067 decoded (8/8 occupied):
2026-08-13 18:58:55.099 -05:00 [INF] [BalambGarden] [Probe] datamap key=1150 bytes: 1D 00 04 00 00 00 00 00 00 00 00 00 1D 00 04 00 00 00 00 00 00 00 00 00 1D 00 04 00 00 02 00 00 00 00 00 00 1D 00 04 00 00 CD 00 00 00 00 00 00 
2026-08-13 18:58:55.099 -05:00 [INF] [BalambGarden] [Probe] key=1150 decoded (4/8 occupied):
2026-08-13 18:58:55.099 -05:00 [INF] [BalambGarden] [Probe] datamap key=1180 bytes: 00 00 00 00 00 00 00 00 00 00 00 00 00 00 00 00 00 00 00 00 00 00 00 00 00 00 00 00 00 02 00 00 00 00 00 00 00 00 00 00 00 CD 00 00 00 00 00 00 
2026-08-13 18:58:55.099 -05:00 [INF] [BalambGarden] [Probe] datamap key=1231 bytes: 00 00 00 00 00 00 00 00 00 00 00 00 00 00 00 00 00 00 00 00 00 00 00 00 00 00 00 00 00 02 00 00 00 00 00 00 00 00 00 00 00 CD 00 00 00 00 00 00 
2026-08-13 18:58:55.099 -05:00 [INF] [BalambGarden] [Probe] datamap key=1293 bytes: 31 00 01 00 00 00 11 00 01 00 00 00 31 00 01 00 00 00 11 00 01 00 00 00 31 00 01 00 00 02 11 00 01 00 00 00 31 00 01 00 00 CD 11 00 01 00 00 00 
2026-08-13 18:58:55.099 -05:00 [INF] [BalambGarden] [Probe] key=1293 decoded (8/8 occupied):
2026-08-13 18:58:55.099 -05:00 [INF] [BalambGarden] [Probe] datamap key=1313 bytes: 31 00 01 00 00 00 11 00 02 00 00 00 31 00 01 00 00 00 11 00 02 00 00 00 31 00 01 00 00 02 11 00 02 00 00 00 31 00 01 00 00 CD 11 00 02 00 00 00 
2026-08-13 18:58:55.099 -05:00 [INF] [BalambGarden] [Probe] key=1313 decoded (8/8 occupied):
2026-08-13 18:58:55.099 -05:00 [INF] [BalambGarden] [Probe] datamap key=1319 bytes: 31 00 01 00 00 00 11 00 02 00 00 00 31 00 01 00 00 00 11 00 02 00 00 00 31 00 01 00 00 02 11 00 02 00 00 00 31 00 01 00 00 CD 11 00 02 00 00 00 
2026-08-13 18:58:55.099 -05:00 [INF] [BalambGarden] [Probe] key=1319 decoded (8/8 occupied):
2026-08-13 18:58:55.099 -05:00 [INF] [BalambGarden] [Probe] datamap entries logged: 24
2026-08-13 18:58:55.099 -05:00 [INF] [BalambGarden] [Probe] bed gimmick=0x05013927 low=0x27 (39) dist=3.6y pos=<-572.9, 27.5, -836.1>
2026-08-13 18:58:55.099 -05:00 [INF] [BalambGarden] [Probe] bed gimmick=0x06013927 low=0x27 (39) dist=3.6y pos=<-572.9, 27.5, -836.1>
2026-08-13 18:58:55.099 -05:00 [INF] [BalambGarden] [Probe] bed gimmick=0x07013927 low=0x27 (39) dist=3.6y pos=<-572.9, 27.5, -836.1>
2026-08-13 18:58:55.099 -05:00 [INF] [BalambGarden] [Probe] bed gimmick=0x03013927 low=0x27 (39) dist=3.6y pos=<-572.9, 27.5, -836.1>
2026-08-13 18:58:55.099 -05:00 [INF] [BalambGarden] [Probe] bed gimmick=0x02013927 low=0x27 (39) dist=3.6y pos=<-572.9, 27.5, -836.1>
2026-08-13 18:58:55.099 -05:00 [INF] [BalambGarden] [Probe] bed gimmick=0x01013927 low=0x27 (39) dist=3.6y pos=<-572.9, 27.5, -836.1>
2026-08-13 18:58:55.099 -05:00 [INF] [BalambGarden] [Probe] bed gimmick=0x00013927 low=0x27 (39) dist=3.6y pos=<-572.9, 27.5, -836.1>
2026-08-13 18:58:55.099 -05:00 [INF] [BalambGarden] [Probe] bed gimmick=0x04013927 low=0x27 (39) dist=3.6y pos=<-572.9, 27.5, -836.1>
2026-08-13 18:58:55.099 -05:00 [INF] [BalambGarden] [Probe] bed gimmick=0x07023921 low=0x21 (33) dist=4.5y pos=<-574.4, 27.5, -833.3>
2026-08-13 18:58:55.099 -05:00 [INF] [BalambGarden] [Probe] bed gimmick=0x04023921 low=0x21 (33) dist=4.5y pos=<-574.4, 27.5, -833.3>
2026-08-13 18:58:55.099 -05:00 [INF] [BalambGarden] [Probe] bed gimmick=0x03023921 low=0x21 (33) dist=4.5y pos=<-574.4, 27.5, -833.3>
2026-08-13 18:58:55.099 -05:00 [INF] [BalambGarden] [Probe] bed gimmick=0x02023921 low=0x21 (33) dist=4.5y pos=<-574.4, 27.5, -833.3>
2026-08-13 18:58:55.099 -05:00 [INF] [BalambGarden] [Probe] bed gimmick=0x01023921 low=0x21 (33) dist=4.5y pos=<-574.4, 27.5, -833.3>
2026-08-13 18:58:55.099 -05:00 [INF] [BalambGarden] [Probe] bed gimmick=0x00023921 low=0x21 (33) dist=4.5y pos=<-574.4, 27.5, -833.3>
2026-08-13 18:58:55.099 -05:00 [INF] [BalambGarden] [Probe] bed gimmick=0x05023921 low=0x21 (33) dist=4.5y pos=<-574.4, 27.5, -833.3>
2026-08-13 18:58:55.099 -05:00 [INF] [BalambGarden] [Probe] bed gimmick=0x06023921 low=0x21 (33) dist=4.5y pos=<-574.4, 27.5, -833.3>
2026-08-13 18:58:55.099 -05:00 [INF] [BalambGarden] [Probe] bed gimmick=0x0600390D low=0x0D (13) dist=5.2y pos=<-571.4, 27.5, -838.9>
2026-08-13 18:58:55.099 -05:00 [INF] [BalambGarden] [Probe] bed gimmick=0x0100390D low=0x0D (13) dist=5.2y pos=<-571.4, 27.5, -838.9>
2026-08-13 18:58:55.099 -05:00 [INF] [BalambGarden] [Probe] bed gimmick=0x0200390D low=0x0D (13) dist=5.2y pos=<-571.4, 27.5, -838.9>
2026-08-13 18:58:55.099 -05:00 [INF] [BalambGarden] [Probe] bed gimmick=0x0300390D low=0x0D (13) dist=5.2y pos=<-571.4, 27.5, -838.9>
2026-08-13 18:58:55.099 -05:00 [INF] [BalambGarden] [Probe] bed gimmick=0x0400390D low=0x0D (13) dist=5.2y pos=<-571.4, 27.5, -838.9>
2026-08-13 18:58:55.099 -05:00 [INF] [BalambGarden] [Probe] bed gimmick=0x0500390D low=0x0D (13) dist=5.2y pos=<-571.4, 27.5, -838.9>
2026-08-13 18:58:55.099 -05:00 [INF] [BalambGarden] [Probe] bed gimmick=0x0000390D low=0x0D (13) dist=5.2y pos=<-571.4, 27.5, -838.9>
2026-08-13 18:58:55.099 -05:00 [INF] [BalambGarden] [Probe] bed gimmick=0x0700390D low=0x0D (13) dist=5.2y pos=<-571.4, 27.5, -838.9>
2026-08-13 19:12:39.697 -05:00 [INF] [BalambGarden] [Probe] bed entity=40024C01 index=459 pos=<-9.8, 0.0, 4.2> dist=1.09y addr=231A538E540
2026-08-13 19:12:39.697 -05:00 [INF] [BalambGarden] [Probe]   +000: B0 73 61 7E F6 7F 00 00 00 00 02 50 02 50 02 50 
2026-08-13 19:12:39.697 -05:00 [INF] [BalambGarden] [Probe]   +010: C6 E1 1C C1 00 00 00 35 0E 83 86 40 00 00 00 00 
2026-08-13 19:12:39.697 -05:00 [INF] [BalambGarden] [Probe]   +020: 44 CD 16 C0 00 00 00 00 20 55 70 00 00 00 00 3A 
2026-08-13 19:12:39.697 -05:00 [INF] [BalambGarden] [Probe]   +030: 4F 61 73 69 73 20 46 6C 6F 77 65 72 70 6F 74 00 
2026-08-13 19:12:39.697 -05:00 [INF] [BalambGarden] [Probe]   +040: 6B 20 53 74 61 6E 64 00 02 E8 02 E8 00 00 00 00 
2026-08-13 19:12:39.697 -05:00 [INF] [BalambGarden] [Probe]   +050: 13 F2 00 8F 00 F3 00 01 01 00 17 00 00 00 45 78 
2026-08-13 19:12:39.697 -05:00 [INF] [BalambGarden] [Probe]   +060: 61 6D 69 6E 65 20 53 65 6C 66 00 00 00 00 00 32 
2026-08-13 19:12:39.697 -05:00 [INF] [BalambGarden] [Probe]   +070: 00 01 00 00 76 08 00 00 01 4C 02 40 00 00 00 00 
2026-08-13 19:12:39.697 -05:00 [INF] [BalambGarden] [Probe]   +080: 00 00 00 00 BD 01 03 00 00 00 00 E0 CB 01 F9 00 
2026-08-13 19:12:39.697 -05:00 [INF] [BalambGarden] [Probe]   +090: 0C 00 00 0F 00 0F 00 00 00 01 FB 21 00 00 50 6F 
2026-08-13 19:12:39.697 -05:00 [INF] [BalambGarden] [Probe]   +0A0: 00 00 00 00 00 00 00 36 00 01 00 00 00 00 00 03 
2026-08-13 19:12:39.697 -05:00 [INF] [BalambGarden] [Probe]   +0B0: C6 E1 1C C1 00 00 00 35 0E 83 86 40 00 00 00 00 
2026-08-13 19:12:39.697 -05:00 [INF] [BalambGarden] [Probe]   +0C0: 44 CD 16 C0 00 00 80 3F 00 00 80 3F 00 00 80 3F 
2026-08-13 19:12:39.697 -05:00 [INF] [BalambGarden] [Probe]   +0D0: 00 00 00 3F 00 00 42 6C 6F 77 20 4B 69 73 73 00 
2026-08-13 19:12:39.697 -05:00 [INF] [BalambGarden] [Probe]   +0E0: 00 00 00 00 00 00 00 00 00 00 00 00 00 00 00 00 
2026-08-13 19:12:39.697 -05:00 [INF] [BalambGarden] [Probe]   +0F0: 00 00 00 00 00 00 00 00 00 00 00 00 00 00 00 00 
2026-08-13 19:12:39.697 -05:00 [INF] [BalambGarden] [Probe]   +100: 00 00 00 00 00 00 00 00 30 21 4D F5 20 02 00 00 
2026-08-13 19:12:39.697 -05:00 [INF] [BalambGarden] [Probe]   +110: 00 00 00 00 6F 76 65 6C 00 00 00 00 00 00 00 00 
2026-08-13 19:12:39.697 -05:00 [INF] [BalambGarden] [Probe]   +120: 00 00 00 00 E6 FC 07 3F 00 00 00 00 00 00 00 00 
2026-08-13 19:12:39.697 -05:00 [INF] [BalambGarden] [Probe]   +130: 00 00 00 00 FD 2C 43 3E 00 00 00 00 00 00 00 00 
2026-08-13 19:12:39.697 -05:00 [INF] [BalambGarden] [Probe]   +140: C6 E1 1C C1 00 00 00 35 0E 83 86 40 00 00 00 00 
2026-08-13 19:12:39.697 -05:00 [INF] [BalambGarden] [Probe]   +150: 00 00 00 00 00 00 00 3A E0 CB E0 0D 32 02 00 00 
2026-08-13 19:12:39.697 -05:00 [INF] [BalambGarden] [Probe]   +160: 50 13 6B F9 31 02 00 00 00 00 00 00 00 00 00 00 
2026-08-13 19:12:39.697 -05:00 [INF] [BalambGarden] [Probe]   +170: 00 00 00 00 E6 FC 07 3F 00 00 00 00 00 00 00 00 
2026-08-13 19:12:39.697 -05:00 [INF] [BalambGarden] [Probe]   +180: 00 00 00 00 FD 2C 43 3E 00 00 00 00 00 00 00 00 
2026-08-13 19:12:39.697 -05:00 [INF] [BalambGarden] [Probe]   +190: 60 64 00 00 00 00 00 32 00 01 00 00 00 00 00 03 
2026-08-13 19:12:39.697 -05:00 [INF] [BalambGarden] [Probe]   +1A0: 50 76 61 7E F6 7F 00 00 BD 01 03 00 00 00 81 00 
2026-08-13 19:12:39.697 -05:00 [INF] [BalambGarden] [Probe]   +1B0: 00 01 00 00 02 1F 00 00 01 00 00 00 00 00 00 01 
2026-08-13 19:12:39.697 -05:00 [INF] [BalambGarden] [Probe]   +1C0: 01 02 20 00 00 00 53 69 74 00 00 00 00 00 00 36 
2026-08-13 19:12:39.697 -05:00 [INF] [BalambGarden] [Probe]   +1D0: 40 E5 38 A5 31 02 00 00 00 00 00 00 00 00 00 00 
2026-08-13 19:12:39.697 -05:00 [INF] [BalambGarden] [Probe]   +1E0: 00 00 02 84 00 00 00 00 02 84 00 00 00 00 00 00 
2026-08-13 19:12:39.697 -05:00 [INF] [BalambGarden] [Probe]   +1F0: 00 00 00 00 00 00 00 01 02 02 08 00 00 00 53 74 
2026-08-13 19:12:39.697 -05:00 [INF] [BalambGarden] [Probe]   +200: 61 6E 64 20 55 70 00 00 00 00 00 3A 00 01 00 00 
2026-08-13 19:12:39.697 -05:00 [INF] [BalambGarden] [Probe]   +210: B0 28 60 7E F6 7F 00 00 00 00 00 00 01 C5 02 8E 
2026-08-13 19:12:39.697 -05:00 [INF] [BalambGarden] [Probe] bed entity=40024C02 index=458 pos=<-9.0, 0.0, 3.0> dist=1.38y addr=231A538E330
2026-08-13 19:12:39.697 -05:00 [INF] [BalambGarden] [Probe]   +000: B0 73 61 7E F6 7F 00 00 00 00 00 00 01 B3 02 DB 
2026-08-13 19:12:39.697 -05:00 [INF] [BalambGarden] [Probe]   +010: 00 00 00 00 00 00 00 00 00 00 00 00 00 00 00 00 
2026-08-13 19:12:39.697 -05:00 [INF] [BalambGarden] [Probe]   +020: 00 00 00 00 00 00 00 00 00 00 52 61 6C 6C 79 00 
2026-08-13 19:12:39.697 -05:00 [INF] [BalambGarden] [Probe]   +030: 4F 61 73 69 73 20 46 6C 6F 77 65 72 70 6F 74 00 
2026-08-13 19:12:39.697 -05:00 [INF] [BalambGarden] [Probe]   +040: 00 00 00 00 01 B4 02 DC 00 00 02 F1 02 F1 02 F1 
2026-08-13 19:12:39.697 -05:00 [INF] [BalambGarden] [Probe]   +050: 00 00 00 00 03 ED 00 86 00 EA 00 01 01 00 17 00 
2026-08-13 19:12:39.697 -05:00 [INF] [BalambGarden] [Probe]   +060: 00 00 53 6F 6F 74 68 65 00 00 00 00 00 00 00 36 
2026-08-13 19:12:39.697 -05:00 [INF] [BalambGarden] [Probe]   +070: 00 01 00 00 77 08 00 00 02 4C 02 40 00 00 00 00 
2026-08-13 19:12:39.697 -05:00 [INF] [BalambGarden] [Probe]   +080: 00 00 00 00 BD 01 03 00 00 00 00 E0 CA 01 F9 00 
2026-08-13 19:12:39.697 -05:00 [INF] [BalambGarden] [Probe]   +090: 0C 00 00 0F 00 0F 00 00 00 01 FB 21 00 00 53 74 
2026-08-13 19:12:39.697 -05:00 [INF] [BalambGarden] [Probe]   +0A0: 00 00 00 00 72 00 00 00 00 00 00 36 00 01 00 00 
2026-08-13 19:12:39.697 -05:00 [INF] [BalambGarden] [Probe]   +0B0: A5 02 10 C1 00 13 83 3A 89 01 40 40 00 00 00 00 
2026-08-13 19:12:39.697 -05:00 [INF] [BalambGarden] [Probe]   +0C0: 5B 0B 06 C0 00 00 80 3F 00 00 80 3F 00 00 80 3F 
2026-08-13 19:12:39.697 -05:00 [INF] [BalambGarden] [Probe]   +0D0: 00 00 00 3F 01 00 17 00 00 00 53 74 72 65 74 63 
2026-08-13 19:12:39.697 -05:00 [INF] [BalambGarden] [Probe]   +0E0: 00 00 00 00 00 00 00 00 00 00 00 00 00 00 00 00 
2026-08-13 19:12:39.697 -05:00 [INF] [BalambGarden] [Probe]   +0F0: 00 00 00 00 00 00 00 00 00 00 02 DF 00 00 00 00 
2026-08-13 19:12:39.697 -05:00 [INF] [BalambGarden] [Probe]   +100: 00 00 00 00 00 00 00 00 30 13 4D F5 20 02 00 00 
2026-08-13 19:12:39.697 -05:00 [INF] [BalambGarden] [Probe]   +110: 00 00 00 00 00 00 53 75 00 00 00 00 00 00 00 00 
2026-08-13 19:12:39.697 -05:00 [INF] [BalambGarden] [Probe]   +120: 00 00 00 00 E6 FC 07 3F 00 00 00 00 00 00 00 00 
2026-08-13 19:12:39.697 -05:00 [INF] [BalambGarden] [Probe]   +130: 00 00 00 00 FD 2C 43 3E 00 00 00 00 00 00 00 00 
2026-08-13 19:12:39.697 -05:00 [INF] [BalambGarden] [Probe]   +140: A5 02 10 C1 00 13 83 3A 89 01 40 40 00 00 00 00 
2026-08-13 19:12:39.697 -05:00 [INF] [BalambGarden] [Probe]   +150: 00 00 00 00 00 00 00 32 A0 D9 E0 0D 32 02 00 00 
2026-08-13 19:12:39.697 -05:00 [INF] [BalambGarden] [Probe]   +160: 50 13 6B F9 31 02 00 00 00 00 00 00 00 00 00 00 
2026-08-13 19:12:39.697 -05:00 [INF] [BalambGarden] [Probe]   +170: 00 00 00 00 E6 FC 07 3F 00 00 00 00 00 00 00 00 
2026-08-13 19:12:39.697 -05:00 [INF] [BalambGarden] [Probe]   +180: 00 00 00 00 FD 2C 43 3E 00 00 00 00 00 00 00 00 
2026-08-13 19:12:39.697 -05:00 [INF] [BalambGarden] [Probe]   +190: 00 01 00 00 00 00 00 03 C1 E1 00 00 00 00 00 00 
2026-08-13 19:12:39.697 -05:00 [INF] [BalambGarden] [Probe]   +1A0: 50 76 61 7E F6 7F 00 00 BD 01 03 00 00 00 80 00 
2026-08-13 19:12:39.697 -05:00 [INF] [BalambGarden] [Probe]   +1B0: 00 01 00 00 02 1F 00 01 01 00 00 00 00 00 57 65 
2026-08-13 19:12:39.697 -05:00 [INF] [BalambGarden] [Probe]   +1C0: 01 63 6F 6D 65 00 00 00 00 00 00 32 00 01 00 00 
2026-08-13 19:12:39.697 -05:00 [INF] [BalambGarden] [Probe]   +1D0: 30 E3 38 A5 31 02 00 00 00 00 00 00 01 BB 02 E3 
2026-08-13 19:12:39.697 -05:00 [INF] [BalambGarden] [Probe]   +1E0: 00 00 02 9F 02 9F 02 9F 00 00 00 00 07 D0 00 8D 
2026-08-13 19:12:39.697 -05:00 [INF] [BalambGarden] [Probe]   +1F0: 00 F1 00 01 01 00 17 00 00 00 59 65 73 00 00 00 
2026-08-13 19:12:39.697 -05:00 [INF] [BalambGarden] [Probe]   +200: 00 00 00 36 00 01 00 00 00 00 00 03 C1 E3 00 00 
2026-08-13 19:12:39.697 -05:00 [INF] [BalambGarden] [Probe]   +210: B0 73 61 7E F6 7F 00 00 00 00 02 50 02 50 02 50 
2026-08-13 19:12:39.697 -05:00 [INF] [BalambGarden] [Probe] bed entity=40024C03 index=452 pos=<-9.0, 0.0, 3.0> dist=1.38y addr=231A538D6D0
2026-08-13 19:12:39.697 -05:00 [INF] [BalambGarden] [Probe]   +000: B0 73 61 7E F6 7F 00 00 00 00 00 B7 00 00 35 20 
2026-08-13 19:12:39.697 -05:00 [INF] [BalambGarden] [Probe]   +010: 00 00 00 00 00 00 00 00 00 00 00 00 00 00 00 00 
2026-08-13 19:12:39.697 -05:00 [INF] [BalambGarden] [Probe]   +020: 00 00 00 00 00 00 00 00 00 00 00 BB 00 00 36 1C 
2026-08-13 19:12:39.697 -05:00 [INF] [BalambGarden] [Probe]   +030: 4F 61 73 69 73 20 46 6C 6F 77 65 72 70 6F 74 00 
2026-08-13 19:12:39.697 -05:00 [INF] [BalambGarden] [Probe]   +040: 00 6B 66 69 72 65 00 CC 00 00 00 BF 00 00 37 08 
2026-08-13 19:12:39.697 -05:00 [INF] [BalambGarden] [Probe]   +050: 00 00 00 C0 00 00 37 44 00 00 00 C1 00 00 37 80 
2026-08-13 19:12:39.697 -05:00 [INF] [BalambGarden] [Probe]   +060: 00 00 00 C2 00 00 37 C0 00 00 00 C3 00 00 37 FC 
2026-08-13 19:12:39.697 -05:00 [INF] [BalambGarden] [Probe]   +070: 00 00 00 C4 78 08 00 00 03 4C 02 40 00 00 00 00 
2026-08-13 19:12:39.697 -05:00 [INF] [BalambGarden] [Probe]   +080: 00 00 00 00 BD 01 03 00 00 00 00 E0 C4 01 F9 00 
2026-08-13 19:12:39.697 -05:00 [INF] [BalambGarden] [Probe]   +090: 0C 00 00 0F 00 0F 00 00 00 01 FB 21 00 00 39 78 
2026-08-13 19:12:39.697 -05:00 [INF] [BalambGarden] [Probe]   +0A0: 00 00 00 00 00 00 39 B8 00 00 00 CB 00 00 39 F0 
2026-08-13 19:12:39.697 -05:00 [INF] [BalambGarden] [Probe]   +0B0: 6C 02 10 C1 00 12 83 3A 56 FE 3F 40 00 00 00 00 
2026-08-13 19:12:39.697 -05:00 [INF] [BalambGarden] [Probe]   +0C0: 5B 0B 06 C0 00 00 80 3F 00 00 80 3F 00 00 80 3F 
2026-08-13 19:12:39.697 -05:00 [INF] [BalambGarden] [Probe]   +0D0: 00 00 00 3F 00 00 3B 14 00 00 00 D1 00 00 3B 50 
2026-08-13 19:12:39.697 -05:00 [INF] [BalambGarden] [Probe]   +0E0: 00 00 00 00 00 00 00 00 00 00 00 00 00 00 00 00 
2026-08-13 19:12:39.697 -05:00 [INF] [BalambGarden] [Probe]   +0F0: 00 00 00 00 00 00 00 00 00 00 00 D5 00 00 3C 48 
2026-08-13 19:12:39.697 -05:00 [INF] [BalambGarden] [Probe]   +100: 00 00 00 00 00 00 00 00 B0 FA 4C F5 20 02 00 00 
2026-08-13 19:12:39.697 -05:00 [INF] [BalambGarden] [Probe]   +110: 00 00 00 00 00 00 3C FC 00 00 00 00 00 00 00 00 
2026-08-13 19:12:39.697 -05:00 [INF] [BalambGarden] [Probe]   +120: 00 00 00 00 E6 FC 07 3F 00 00 00 00 00 00 00 00 
2026-08-13 19:12:39.697 -05:00 [INF] [BalambGarden] [Probe]   +130: 00 00 00 00 FD 2C 43 3E 00 00 00 00 00 00 00 00 
2026-08-13 19:12:39.697 -05:00 [INF] [BalambGarden] [Probe]   +140: 6C 02 10 C1 00 12 83 3A 56 FE 3F 40 00 00 00 00 
2026-08-13 19:12:39.697 -05:00 [INF] [BalambGarden] [Probe]   +150: 00 00 00 00 00 00 3E F0 D0 BE E0 0D 32 02 00 00 
2026-08-13 19:12:39.697 -05:00 [INF] [BalambGarden] [Probe]   +160: 50 13 6B F9 31 02 00 00 00 00 00 00 00 00 00 00 
2026-08-13 19:12:39.697 -05:00 [INF] [BalambGarden] [Probe]   +170: 00 00 00 00 E6 FC 07 3F 00 00 00 00 00 00 00 00 
2026-08-13 19:12:39.697 -05:00 [INF] [BalambGarden] [Probe]   +180: 00 00 00 00 FD 2C 43 3E 00 00 00 00 00 00 00 00 
2026-08-13 19:12:39.697 -05:00 [INF] [BalambGarden] [Probe]   +190: 00 00 00 E8 00 00 40 E4 00 00 00 E9 00 00 41 20 
2026-08-13 19:12:39.697 -05:00 [INF] [BalambGarden] [Probe]   +1A0: 50 76 61 7E F6 7F 00 00 BD 01 03 00 00 00 7F 00 
2026-08-13 19:12:39.697 -05:00 [INF] [BalambGarden] [Probe]   +1B0: 00 01 00 00 11 20 02 05 01 00 00 ED 00 00 42 18 
2026-08-13 19:12:39.697 -05:00 [INF] [BalambGarden] [Probe]   +1C0: 01 00 00 EE 00 00 42 5C 00 00 00 EF 00 00 42 9C 
2026-08-13 19:12:39.697 -05:00 [INF] [BalambGarden] [Probe]   +1D0: D0 D6 38 A5 31 02 00 00 00 00 00 00 00 00 43 18 
2026-08-13 19:12:39.697 -05:00 [INF] [BalambGarden] [Probe]   +1E0: 00 00 00 F2 00 00 43 58 00 00 00 F3 00 00 43 94 
2026-08-13 19:12:39.697 -05:00 [INF] [BalambGarden] [Probe]   +1F0: 00 00 00 F4 00 00 43 C8 00 00 00 F5 00 00 43 FC 
2026-08-13 19:12:39.697 -05:00 [INF] [BalambGarden] [Probe]   +200: 00 00 00 F6 00 00 44 38 00 00 00 F7 00 00 44 70 
2026-08-13 19:12:39.697 -05:00 [INF] [BalambGarden] [Probe]   +210: B0 28 60 7E F6 7F 00 00 00 00 00 F9 00 00 44 F4 
2026-08-13 19:12:39.697 -05:00 [INF] [BalambGarden] [Probe] bed entity=40024BF4 index=453 pos=<-8.8, 0.0, 2.0> dist=2.00y addr=231A538D8E0
2026-08-13 19:12:39.697 -05:00 [INF] [BalambGarden] [Probe]   +000: B0 28 60 7E F6 7F 00 00 00 00 00 F9 00 00 44 F4 
2026-08-13 19:12:39.697 -05:00 [INF] [BalambGarden] [Probe]   +010: 00 00 00 00 00 00 00 00 00 00 00 00 00 00 00 00 
2026-08-13 19:12:39.697 -05:00 [INF] [BalambGarden] [Probe]   +020: 00 00 00 00 00 00 00 00 00 00 00 FD 00 00 45 F8 
2026-08-13 19:12:39.697 -05:00 [INF] [BalambGarden] [Probe]   +030: 43 72 79 73 74 61 6C 20 42 65 6C 6C 00 20 43 6F 
2026-08-13 19:12:39.697 -05:00 [INF] [BalambGarden] [Probe]   +040: 6F 6B 66 69 72 65 00 94 00 00 01 01 00 00 46 D0 
2026-08-13 19:12:39.697 -05:00 [INF] [BalambGarden] [Probe]   +050: 00 00 01 02 00 00 47 14 00 00 01 03 00 00 47 58 
2026-08-13 19:12:39.697 -05:00 [INF] [BalambGarden] [Probe]   +060: 00 00 01 04 00 00 47 9C 00 00 01 05 00 00 47 E0 
2026-08-13 19:12:39.697 -05:00 [INF] [BalambGarden] [Probe]   +070: 00 00 01 06 93 08 00 00 F4 4B 02 40 00 00 00 00 
2026-08-13 19:12:39.697 -05:00 [INF] [BalambGarden] [Probe]   +080: 00 00 00 00 72 01 03 00 00 00 00 E0 C5 01 F9 00 
2026-08-13 19:12:39.697 -05:00 [INF] [BalambGarden] [Probe]   +090: 0C 00 00 0F 00 0F 00 00 00 01 FB 21 00 00 49 78 
2026-08-13 19:12:39.697 -05:00 [INF] [BalambGarden] [Probe]   +0A0: 00 00 00 00 00 00 49 BC 00 00 01 0D 00 00 4A 00 
2026-08-13 19:12:39.697 -05:00 [INF] [BalambGarden] [Probe]   +0B0: CE CC 0C C1 00 00 00 34 02 00 00 40 00 00 00 00 
2026-08-13 19:12:39.697 -05:00 [INF] [BalambGarden] [Probe]   +0C0: 36 12 C9 BF 00 00 80 3F 00 00 80 3F 00 00 80 3F 
2026-08-13 19:12:39.697 -05:00 [INF] [BalambGarden] [Probe]   +0D0: 00 00 00 3F 00 00 4B 2C 00 00 01 13 00 00 4B 6C 
2026-08-13 19:12:39.697 -05:00 [INF] [BalambGarden] [Probe]   +0E0: 00 00 00 00 00 00 00 00 00 00 00 00 00 00 00 00 
2026-08-13 19:12:39.697 -05:00 [INF] [BalambGarden] [Probe]   +0F0: 00 00 00 00 00 00 00 00 00 00 01 17 00 00 4C 70 
2026-08-13 19:12:39.697 -05:00 [INF] [BalambGarden] [Probe]   +100: 00 00 00 00 00 00 00 00 70 03 4D F5 20 02 00 00 
2026-08-13 19:12:39.697 -05:00 [INF] [BalambGarden] [Probe]   +110: 00 00 00 00 00 00 4D 24 00 00 00 00 00 00 00 00 
2026-08-13 19:12:39.697 -05:00 [INF] [BalambGarden] [Probe]   +120: 00 00 00 00 33 33 B3 3F 00 00 00 00 00 00 00 00 
2026-08-13 19:12:39.697 -05:00 [INF] [BalambGarden] [Probe]   +130: 00 00 00 00 00 00 80 3F 00 00 00 00 00 00 00 00 
2026-08-13 19:12:39.697 -05:00 [INF] [BalambGarden] [Probe]   +140: CE CC 0C C1 00 00 00 34 02 00 00 40 00 00 00 00 
2026-08-13 19:12:39.697 -05:00 [INF] [BalambGarden] [Probe]   +150: 00 00 00 00 00 00 4F 10 20 DF E0 0D 32 02 00 00 
2026-08-13 19:12:39.697 -05:00 [INF] [BalambGarden] [Probe]   +160: 80 FC 6A F9 31 02 00 00 00 00 00 00 00 00 00 00 
2026-08-13 19:12:39.697 -05:00 [INF] [BalambGarden] [Probe]   +170: 00 00 00 00 33 33 B3 3F 00 00 00 00 00 00 00 00 
2026-08-13 19:12:39.697 -05:00 [INF] [BalambGarden] [Probe]   +180: 00 00 00 00 00 00 80 3F 00 00 00 00 00 00 00 00 
2026-08-13 19:12:39.697 -05:00 [INF] [BalambGarden] [Probe]   +190: 00 00 01 2A 00 00 50 DC 00 00 01 2B 00 00 51 1C 
2026-08-13 19:12:39.697 -05:00 [INF] [BalambGarden] [Probe]   +1A0: 50 2B 60 7E F6 7F 00 00 72 01 03 00 00 00 D6 00 
2026-08-13 19:12:39.697 -05:00 [INF] [BalambGarden] [Probe]   +1B0: 00 01 00 00 10 20 01 01 01 00 00 2F 00 00 52 20 
2026-08-13 19:12:39.697 -05:00 [INF] [BalambGarden] [Probe]   +1C0: 01 00 01 30 00 00 52 60 00 00 01 31 00 00 52 9C 
2026-08-13 19:12:39.697 -05:00 [INF] [BalambGarden] [Probe]   +1D0: E0 D8 38 A5 31 02 00 00 00 00 00 00 00 00 53 1C 
2026-08-13 19:12:39.697 -05:00 [INF] [BalambGarden] [Probe]   +1E0: 00 00 01 34 00 00 53 54 00 00 01 35 00 00 53 94 
2026-08-13 19:12:39.697 -05:00 [INF] [BalambGarden] [Probe]   +1F0: 00 00 01 36 00 00 53 CC 00 00 01 37 00 00 54 10 
2026-08-13 19:12:39.697 -05:00 [INF] [BalambGarden] [Probe]   +200: 00 00 01 38 00 00 54 58 00 00 01 39 00 00 54 94 
2026-08-13 19:12:39.697 -05:00 [INF] [BalambGarden] [Probe]   +210: B0 73 61 7E F6 7F 00 00 00 00 01 3B 00 00 55 18 
2026-08-13 19:12:39.697 -05:00 [INF] [BalambGarden] [Probe] bed entity=40024C04 index=454 pos=<-9.0, 0.0, 5.2> dist=2.37y addr=231A538DAF0
2026-08-13 19:12:39.697 -05:00 [INF] [BalambGarden] [Probe]   +000: B0 73 61 7E F6 7F 00 00 00 00 01 3B 00 00 55 18 
2026-08-13 19:12:39.697 -05:00 [INF] [BalambGarden] [Probe]   +010: 00 00 00 00 00 00 00 00 00 00 00 00 00 00 00 00 
2026-08-13 19:12:39.697 -05:00 [INF] [BalambGarden] [Probe]   +020: 00 00 00 00 00 00 00 00 00 00 01 3F 00 00 56 24 
2026-08-13 19:12:39.697 -05:00 [INF] [BalambGarden] [Probe]   +030: 4F 61 73 69 73 20 46 6C 6F 77 65 72 70 6F 74 00 
2026-08-13 19:12:39.697 -05:00 [INF] [BalambGarden] [Probe]   +040: 6F 6B 66 69 72 65 00 EC 00 00 01 43 00 00 57 34 
2026-08-13 19:12:39.697 -05:00 [INF] [BalambGarden] [Probe]   +050: 00 00 01 44 00 00 57 78 00 00 01 45 00 00 57 C0 
2026-08-13 19:12:39.697 -05:00 [INF] [BalambGarden] [Probe]   +060: 00 00 01 46 00 00 57 F4 00 00 01 47 00 00 58 30 
2026-08-13 19:12:39.697 -05:00 [INF] [BalambGarden] [Probe]   +070: 00 00 01 48 79 08 00 00 04 4C 02 40 00 00 00 00 
2026-08-13 19:12:39.697 -05:00 [INF] [BalambGarden] [Probe]   +080: 00 00 00 00 BD 01 03 00 00 00 00 E0 C6 01 F9 00 
2026-08-13 19:12:39.697 -05:00 [INF] [BalambGarden] [Probe]   +090: 0C 00 00 0F 00 0F 00 00 00 01 FB 21 00 00 59 9C 
2026-08-13 19:12:39.697 -05:00 [INF] [BalambGarden] [Probe]   +0A0: 00 00 00 00 00 01 00 00 00 00 00 00 00 00 00 00 
2026-08-13 19:12:39.697 -05:00 [INF] [BalambGarden] [Probe]   +0B0: DD 04 10 C1 00 13 83 3A B7 66 A6 40 00 00 00 00 
2026-08-13 19:12:39.697 -05:00 [INF] [BalambGarden] [Probe]   +0C0: 44 CD 16 C0 00 00 80 3F 00 00 80 3F 00 00 80 3F 
2026-08-13 19:12:39.697 -05:00 [INF] [BalambGarden] [Probe]   +0D0: 00 00 00 3F 00 00 00 36 00 01 00 00 00 00 00 03 
2026-08-13 19:12:39.697 -05:00 [INF] [BalambGarden] [Probe]   +0E0: 00 00 00 00 00 00 00 00 00 00 00 00 00 00 00 00 
2026-08-13 19:12:39.697 -05:00 [INF] [BalambGarden] [Probe]   +0F0: 00 00 00 00 00 00 00 00 00 00 00 64 00 C8 00 01 
2026-08-13 19:12:39.697 -05:00 [INF] [BalambGarden] [Probe]   +100: 00 00 00 00 00 00 00 00 30 05 4D F5 20 02 00 00 
2026-08-13 19:12:39.697 -05:00 [INF] [BalambGarden] [Probe]   +110: 00 00 00 00 00 01 00 00 00 00 00 00 00 00 00 00 
2026-08-13 19:12:39.697 -05:00 [INF] [BalambGarden] [Probe]   +120: 00 00 00 00 E6 FC 07 3F 00 00 00 00 00 00 00 00 
2026-08-13 19:12:39.697 -05:00 [INF] [BalambGarden] [Probe]   +130: 00 00 00 00 FD 2C 43 3E 00 00 00 00 00 00 00 00 
2026-08-13 19:12:39.697 -05:00 [INF] [BalambGarden] [Probe]   +140: DD 04 10 C1 00 13 83 3A B7 66 A6 40 00 00 00 00 
2026-08-13 19:12:39.697 -05:00 [INF] [BalambGarden] [Probe]   +150: 00 00 00 00 C1 BB 00 00 00 C5 E0 0D 32 02 00 00 
2026-08-13 19:12:39.697 -05:00 [INF] [BalambGarden] [Probe]   +160: 50 13 6B F9 31 02 00 00 00 00 00 00 00 00 00 00 
2026-08-13 19:12:39.697 -05:00 [INF] [BalambGarden] [Probe]   +170: 00 00 00 00 E6 FC 07 3F 00 00 00 00 00 00 00 00 
2026-08-13 19:12:39.697 -05:00 [INF] [BalambGarden] [Probe]   +180: 00 00 00 00 FD 2C 43 3E 00 00 00 00 00 00 00 00 
2026-08-13 19:12:39.697 -05:00 [INF] [BalambGarden] [Probe]   +190: C0 BC 00 00 00 00 00 00 01 95 02 B5 00 00 00 00 
2026-08-13 19:12:39.697 -05:00 [INF] [BalambGarden] [Probe]   +1A0: 50 76 61 7E F6 7F 00 00 BD 01 03 00 00 00 7E 00 
2026-08-13 19:12:39.697 -05:00 [INF] [BalambGarden] [Probe]   +1B0: 00 01 00 00 0A 20 00 03 01 00 00 00 00 00 00 32 
2026-08-13 19:12:39.697 -05:00 [INF] [BalambGarden] [Probe]   +1C0: 01 01 00 00 00 00 00 03 C1 BD 00 00 00 00 00 00 
2026-08-13 19:12:39.697 -05:00 [INF] [BalambGarden] [Probe]   +1D0: F0 DA 38 A5 31 02 00 00 00 00 00 00 00 00 00 00 
2026-08-13 19:12:39.697 -05:00 [INF] [BalambGarden] [Probe]   +1E0: 00 01 00 68 00 CC 00 01 01 00 10 00 00 00 42 6F 
2026-08-13 19:12:39.697 -05:00 [INF] [BalambGarden] [Probe]   +1F0: 77 00 00 00 00 00 00 32 00 01 00 00 00 00 00 03 
2026-08-13 19:12:39.697 -05:00 [INF] [BalambGarden] [Probe]   +200: C1 BE 00 00 00 00 00 00 01 97 02 B7 00 00 02 A3 
2026-08-13 19:12:39.697 -05:00 [INF] [BalambGarden] [Probe]   +210: B0 28 60 7E F6 7F 00 00 07 D4 00 69 00 CD 00 01 
2026-08-13 19:12:39.697 -05:00 [INF] [BalambGarden] [Probe] bed entity=40024C14 index=457 pos=<-8.9, 0.0, 0.3> dist=3.34y addr=231A538E120
2026-08-13 19:12:39.697 -05:00 [INF] [BalambGarden] [Probe]   +000: B0 28 60 7E F6 7F 00 00 00 00 00 03 C1 D1 00 00 
2026-08-13 19:12:39.697 -05:00 [INF] [BalambGarden] [Probe]   +010: 00 00 00 00 00 00 00 00 00 00 00 00 00 00 00 00 
2026-08-13 19:12:39.697 -05:00 [INF] [BalambGarden] [Probe]   +020: 00 00 00 00 00 00 00 00 00 E0 00 01 01 00 17 00 
2026-08-13 19:12:39.697 -05:00 [INF] [BalambGarden] [Probe]   +030: 41 72 6D 6F 69 72 65 00 76 65 73 6F 75 6C 20 46 
2026-08-13 19:12:39.697 -05:00 [INF] [BalambGarden] [Probe]   +040: 6F 75 6E 74 00 00 00 00 00 00 00 00 01 AB 02 CF 
2026-08-13 19:12:39.697 -05:00 [INF] [BalambGarden] [Probe]   +050: 00 00 00 00 00 00 00 00 00 00 00 00 13 8E 00 7D 
2026-08-13 19:12:39.697 -05:00 [INF] [BalambGarden] [Probe]   +060: 00 E1 00 01 01 00 10 00 00 00 50 61 6E 69 63 00 
2026-08-13 19:12:39.697 -05:00 [INF] [BalambGarden] [Probe]   +070: 00 00 00 32 86 08 00 00 14 4C 02 40 00 00 00 00 
2026-08-13 19:12:39.697 -05:00 [INF] [BalambGarden] [Probe]   +080: 00 00 00 00 32 01 03 00 00 00 00 E0 C9 01 F9 00 
2026-08-13 19:12:39.697 -05:00 [INF] [BalambGarden] [Probe]   +090: 0C 00 00 0F 00 0F 00 00 00 01 FB 21 00 00 17 00 
2026-08-13 19:12:39.697 -05:00 [INF] [BalambGarden] [Probe]   +0A0: 00 00 00 00 69 6E 74 00 00 00 00 32 00 01 00 00 
2026-08-13 19:12:39.697 -05:00 [INF] [BalambGarden] [Probe]   +0B0: E2 BA 0D C1 00 00 00 00 38 3C 8B 3E 00 00 00 00 
2026-08-13 19:12:39.697 -05:00 [INF] [BalambGarden] [Probe]   +0C0: 36 12 C9 BF 00 00 80 3F 00 00 80 3F 00 00 80 3F 
2026-08-13 19:12:39.697 -05:00 [INF] [BalambGarden] [Probe]   +0D0: 00 00 00 3F 01 00 17 00 00 00 50 6F 6B 65 00 00 
2026-08-13 19:12:39.697 -05:00 [INF] [BalambGarden] [Probe]   +0E0: 00 00 00 00 00 00 00 00 00 00 00 00 00 00 00 00 
2026-08-13 19:12:39.697 -05:00 [INF] [BalambGarden] [Probe]   +0F0: 00 00 00 00 00 00 00 00 00 00 02 ED 02 ED 02 ED 
2026-08-13 19:12:39.697 -05:00 [INF] [BalambGarden] [Probe]   +100: 00 00 00 00 00 00 00 00 70 0A 4D F5 20 02 00 00 
2026-08-13 19:12:39.697 -05:00 [INF] [BalambGarden] [Probe]   +110: 00 00 00 00 6E 67 72 61 00 00 00 00 00 00 00 00 
2026-08-13 19:12:39.697 -05:00 [INF] [BalambGarden] [Probe]   +120: 00 00 00 00 AE BA CA 3F 00 00 00 00 00 00 00 00 
2026-08-13 19:12:39.697 -05:00 [INF] [BalambGarden] [Probe]   +130: 00 00 00 00 77 87 37 3F 00 00 00 00 00 00 00 00 
2026-08-13 19:12:39.697 -05:00 [INF] [BalambGarden] [Probe]   +140: E2 BA 0D C1 00 00 00 00 38 3C 8B 3E 00 00 00 00 
2026-08-13 19:12:39.697 -05:00 [INF] [BalambGarden] [Probe]   +150: 00 00 00 00 79 63 68 00 40 CD E0 0D 32 02 00 00 
2026-08-13 19:12:39.697 -05:00 [INF] [BalambGarden] [Probe]   +160: 70 1C 6B F9 31 02 00 00 00 00 00 00 00 00 00 00 
2026-08-13 19:12:39.697 -05:00 [INF] [BalambGarden] [Probe]   +170: 00 00 00 00 AE BA CA 3F 00 00 00 00 00 00 00 00 
2026-08-13 19:12:39.697 -05:00 [INF] [BalambGarden] [Probe]   +180: 00 00 00 00 77 87 37 3F 00 00 00 00 00 00 00 00 
2026-08-13 19:12:39.697 -05:00 [INF] [BalambGarden] [Probe]   +190: 00 00 00 00 00 00 00 36 00 01 00 00 00 00 00 03 
2026-08-13 19:12:39.697 -05:00 [INF] [BalambGarden] [Probe]   +1A0: 50 2B 60 7E F6 7F 00 00 32 01 03 00 00 00 20 00 
2026-08-13 19:12:39.697 -05:00 [INF] [BalambGarden] [Probe]   +1B0: 46 01 00 00 02 1F 00 03 01 00 00 83 00 E7 00 01 
2026-08-13 19:12:39.697 -05:00 [INF] [BalambGarden] [Probe]   +1C0: 01 00 17 00 00 00 53 68 6F 63 6B 65 64 00 00 00 
2026-08-13 19:12:39.697 -05:00 [INF] [BalambGarden] [Probe]   +1D0: 20 E1 38 A5 31 02 00 00 00 00 00 00 C1 D9 00 00 
2026-08-13 19:12:39.697 -05:00 [INF] [BalambGarden] [Probe]   +1E0: 00 00 00 00 01 B2 02 DA 00 00 02 F0 02 F0 02 F0 
2026-08-13 19:12:39.697 -05:00 [INF] [BalambGarden] [Probe]   +1F0: 00 00 00 00 13 96 00 84 00 E8 00 01 01 00 17 00 
2026-08-13 19:12:39.697 -05:00 [INF] [BalambGarden] [Probe]   +200: 00 00 53 68 72 75 67 00 00 00 00 32 00 01 00 00 
2026-08-13 19:12:39.697 -05:00 [INF] [BalambGarden] [Probe]   +210: B0 73 61 7E F6 7F 00 00 00 00 00 00 01 B3 02 DB 
2026-08-13 19:12:39.697 -05:00 [INF] [BalambGarden] [Probe] bed entity=40024C16 index=460 pos=<-8.8, 0.0, 6.3> dist=3.42y addr=231A538E750
2026-08-13 19:12:39.697 -05:00 [INF] [BalambGarden] [Probe]   +000: B0 28 60 7E F6 7F 00 00 00 00 00 00 01 C5 02 8E 
2026-08-13 19:12:39.697 -05:00 [INF] [BalambGarden] [Probe]   +010: 00 00 00 00 00 00 00 00 00 00 00 00 00 00 00 00 
2026-08-13 19:12:39.697 -05:00 [INF] [BalambGarden] [Probe]   +020: 00 00 00 00 00 00 00 00 00 00 53 69 74 20 6F 6E 
2026-08-13 19:12:39.697 -05:00 [INF] [BalambGarden] [Probe]   +030: 43 6F 6D 70 61 6E 79 20 43 68 65 73 74 00 69 6F 
2026-08-13 19:12:39.697 -05:00 [INF] [BalambGarden] [Probe]   +040: 6E 00 00 03 C1 EE 00 00 00 00 00 00 00 00 02 8F 
2026-08-13 19:12:39.697 -05:00 [INF] [BalambGarden] [Probe]   +050: 00 00 02 8F 00 00 00 00 00 00 00 00 00 00 00 00 
2026-08-13 19:12:39.697 -05:00 [INF] [BalambGarden] [Probe]   +060: 00 00 00 01 02 01 08 00 00 00 53 74 61 6E 64 20 
2026-08-13 19:12:39.697 -05:00 [INF] [BalambGarden] [Probe]   +070: 00 70 00 00 88 08 00 00 16 4C 02 40 00 00 00 00 
2026-08-13 19:12:39.697 -05:00 [INF] [BalambGarden] [Probe]   +080: 00 00 00 00 13 00 03 00 00 00 00 E0 CC 01 F9 00 
2026-08-13 19:12:39.697 -05:00 [INF] [BalambGarden] [Probe]   +090: 0C 00 00 0F 00 0F 00 00 00 01 FB 21 00 00 00 01 
2026-08-13 19:12:39.697 -05:00 [INF] [BalambGarden] [Probe]   +0A0: 00 00 00 00 00 00 41 69 72 20 51 75 6F 74 65 73 
2026-08-13 19:12:39.697 -05:00 [INF] [BalambGarden] [Probe]   +0B0: 1D 48 0D C1 00 00 00 00 12 1B CA 40 00 00 00 00 
2026-08-13 19:12:39.697 -05:00 [INF] [BalambGarden] [Probe]   +0C0: 36 12 C9 BF 00 00 80 3F 00 00 80 3F 00 00 80 3F 
2026-08-13 19:12:39.697 -05:00 [INF] [BalambGarden] [Probe]   +0D0: 00 00 00 3F 00 00 00 00 00 0A 00 91 00 F5 00 01 
2026-08-13 19:12:39.697 -05:00 [INF] [BalambGarden] [Probe]   +0E0: 00 00 00 00 00 00 00 00 00 00 00 00 00 00 00 00 
2026-08-13 19:12:39.697 -05:00 [INF] [BalambGarden] [Probe]   +0F0: 00 00 00 00 00 00 00 00 00 00 00 00 00 00 00 03 
2026-08-13 19:12:39.697 -05:00 [INF] [BalambGarden] [Probe]   +100: 00 00 00 00 00 00 00 00 B0 16 4D F5 20 02 00 00 
2026-08-13 19:12:39.697 -05:00 [INF] [BalambGarden] [Probe]   +110: 00 00 00 00 00 00 00 00 00 00 00 00 00 00 00 00 
2026-08-13 19:12:39.697 -05:00 [INF] [BalambGarden] [Probe]   +120: 00 00 00 00 00 00 10 40 00 00 00 00 00 00 00 00 
2026-08-13 19:12:39.697 -05:00 [INF] [BalambGarden] [Probe]   +130: 00 00 00 00 58 E3 8A 3F 00 00 00 00 00 00 00 00 
2026-08-13 19:12:39.697 -05:00 [INF] [BalambGarden] [Probe]   +140: 1D 48 0D C1 00 00 00 00 12 1B CA 40 00 00 00 00 
2026-08-13 19:12:39.697 -05:00 [INF] [BalambGarden] [Probe]   +150: 2C EC 00 00 00 00 00 00 20 C9 E0 0D 32 02 00 00 
2026-08-13 19:12:39.697 -05:00 [INF] [BalambGarden] [Probe]   +160: A0 05 6B F9 31 02 00 00 00 00 00 00 00 00 00 00 
2026-08-13 19:12:39.697 -05:00 [INF] [BalambGarden] [Probe]   +170: 00 00 00 00 00 00 10 40 00 00 00 00 00 00 00 00 
2026-08-13 19:12:39.697 -05:00 [INF] [BalambGarden] [Probe]   +180: 00 00 00 00 58 E3 8A 3F 00 00 00 00 00 00 00 00 
2026-08-13 19:12:39.697 -05:00 [INF] [BalambGarden] [Probe]   +190: 00 00 12 CE 12 CD 12 CD 00 00 00 00 03 F1 00 B2 
2026-08-13 19:12:39.697 -05:00 [INF] [BalambGarden] [Probe]   +1A0: 50 2B 60 7E F6 7F 00 00 13 00 03 00 00 00 1D 00 
2026-08-13 19:12:39.697 -05:00 [INF] [BalambGarden] [Probe]   +1B0: 00 01 00 00 00 20 00 00 01 00 00 03 C1 FA 00 00 
2026-08-13 19:12:39.697 -05:00 [INF] [BalambGarden] [Probe]   +1C0: 01 17 00 00 01 CC 02 4B 00 00 00 00 00 00 00 00 
2026-08-13 19:12:39.697 -05:00 [INF] [BalambGarden] [Probe]   +1D0: 00 00 00 00 00 0B 00 B3 01 17 00 01 01 00 10 00 
2026-08-13 19:12:39.697 -05:00 [INF] [BalambGarden] [Probe]   +1E0: 00 00 49 6D 70 65 72 69 61 6C 20 53 61 6C 75 74 
2026-08-13 19:12:39.697 -05:00 [INF] [BalambGarden] [Probe]   +1F0: 65 00 00 00 00 00 00 32 00 01 00 00 00 00 00 03 
2026-08-13 19:12:39.697 -05:00 [INF] [BalambGarden] [Probe]   +200: C1 F9 00 00 00 00 00 00 01 CD 00 00 00 00 00 00 
2026-08-13 19:12:39.697 -05:00 [INF] [BalambGarden] [Probe]   +210: B0 28 60 7E F6 7F 00 00 4E 1F 00 00 00 00 00 01 
2026-08-13 19:12:39.697 -05:00 [INF] [BalambGarden] [Probe] bed entity=40024C1A index=455 pos=<-9.0, 0.0, 8.0> dist=4.93y addr=231A538DD00
2026-08-13 19:12:39.697 -05:00 [INF] [BalambGarden] [Probe]   +000: B0 28 60 7E F6 7F 00 00 07 D4 00 69 00 CD 00 01 
2026-08-13 19:12:39.697 -05:00 [INF] [BalambGarden] [Probe]   +010: 00 00 00 00 00 00 00 00 00 00 00 00 00 00 00 00 
2026-08-13 19:12:39.697 -05:00 [INF] [BalambGarden] [Probe]   +020: 00 00 00 00 00 00 00 00 C1 BF 00 00 00 00 00 00 
2026-08-13 19:12:39.697 -05:00 [INF] [BalambGarden] [Probe]   +030: 53 75 6D 6D 6F 6E 69 6E 67 20 42 65 6C 6C 00 78 
2026-08-13 19:12:39.697 -05:00 [INF] [BalambGarden] [Probe]   +040: 00 68 74 69 6E 67 00 01 01 00 17 00 00 00 43 6C 
2026-08-13 19:12:39.697 -05:00 [INF] [BalambGarden] [Probe]   +050: 61 70 00 00 00 00 00 36 00 01 00 00 00 00 00 03 
2026-08-13 19:12:39.697 -05:00 [INF] [BalambGarden] [Probe]   +060: C1 C0 00 00 00 00 00 00 01 99 02 B9 00 00 00 00 
2026-08-13 19:12:39.697 -05:00 [INF] [BalambGarden] [Probe]   +070: 00 00 00 00 8B 08 00 00 1A 4C 02 40 00 00 00 00 
2026-08-13 19:12:39.697 -05:00 [INF] [BalambGarden] [Probe]   +080: 00 00 00 00 16 00 03 00 00 00 00 E0 C7 01 F9 00 
2026-08-13 19:12:39.697 -05:00 [INF] [BalambGarden] [Probe]   +090: 0C 00 00 0F 00 0F 00 00 00 01 FB 21 00 C0 00 00 
2026-08-13 19:12:39.697 -05:00 [INF] [BalambGarden] [Probe]   +0A0: 00 00 00 00 01 9A 02 BA 00 00 02 A5 02 A5 02 A5 
2026-08-13 19:12:39.697 -05:00 [INF] [BalambGarden] [Probe]   +0B0: 00 00 10 C1 00 00 00 00 00 00 00 41 00 00 00 00 
2026-08-13 19:12:39.697 -05:00 [INF] [BalambGarden] [Probe]   +0C0: 90 15 86 BE 00 00 80 3F 00 00 80 3F 00 00 80 3F 
2026-08-13 19:12:39.697 -05:00 [INF] [BalambGarden] [Probe]   +0D0: 00 00 00 3F 00 00 00 03 C1 C2 00 00 00 00 00 00 
2026-08-13 19:12:39.697 -05:00 [INF] [BalambGarden] [Probe]   +0E0: 00 00 00 00 00 00 00 00 00 00 00 00 00 00 00 00 
2026-08-13 19:12:39.697 -05:00 [INF] [BalambGarden] [Probe]   +0F0: 00 00 00 00 00 00 00 00 00 00 17 00 00 00 43 72 
2026-08-13 19:12:39.697 -05:00 [INF] [BalambGarden] [Probe]   +100: 00 00 00 00 00 00 00 00 70 11 4D F5 20 02 00 00 
2026-08-13 19:12:39.697 -05:00 [INF] [BalambGarden] [Probe]   +110: 00 00 00 00 00 00 00 00 00 00 00 00 00 00 00 00 
2026-08-13 19:12:39.697 -05:00 [INF] [BalambGarden] [Probe]   +120: 00 00 00 00 4A 7A A2 3F 00 00 00 00 00 00 00 00 
2026-08-13 19:12:39.697 -05:00 [INF] [BalambGarden] [Probe]   +130: 00 00 00 00 00 00 80 3F 00 00 00 00 00 00 00 00 
2026-08-13 19:12:39.697 -05:00 [INF] [BalambGarden] [Probe]   +140: 00 00 10 C1 00 00 00 00 00 00 00 41 00 00 00 00 
2026-08-13 19:12:39.697 -05:00 [INF] [BalambGarden] [Probe]   +150: 09 EC 00 00 00 00 00 00 B0 C5 E0 0D 32 02 00 00 
2026-08-13 19:12:39.697 -05:00 [INF] [BalambGarden] [Probe]   +160: 00 E1 D9 A4 32 02 00 00 00 00 00 00 00 00 00 00 
2026-08-13 19:12:39.697 -05:00 [INF] [BalambGarden] [Probe]   +170: 00 00 00 00 4A 7A A2 3F 00 00 00 00 00 00 00 00 
2026-08-13 19:12:39.697 -05:00 [INF] [BalambGarden] [Probe]   +180: 00 00 00 00 00 00 80 3F 00 00 00 00 00 00 00 00 
2026-08-13 19:12:39.697 -05:00 [INF] [BalambGarden] [Probe]   +190: 00 86 02 A7 00 00 00 00 13 F3 00 70 00 D4 00 01 
2026-08-13 19:12:39.697 -05:00 [INF] [BalambGarden] [Probe]   +1A0: 50 2B 60 7E F6 7F 00 00 16 00 03 00 00 00 00 00 
2026-08-13 19:12:39.697 -05:00 [INF] [BalambGarden] [Probe]   +1B0: 46 01 00 00 00 21 00 00 00 00 00 00 00 00 00 00 
2026-08-13 19:12:39.697 -05:00 [INF] [BalambGarden] [Probe]   +1C0: 01 9F 02 C0 00 00 00 00 00 00 00 00 00 00 00 00 
2026-08-13 19:12:39.697 -05:00 [INF] [BalambGarden] [Probe]   +1D0: 13 8C 00 71 00 D5 00 01 01 00 10 00 00 00 46 75 
2026-08-13 19:12:39.697 -05:00 [INF] [BalambGarden] [Probe]   +1E0: 6D 65 00 00 00 00 00 36 00 01 00 00 00 00 00 03 
2026-08-13 19:12:39.697 -05:00 [INF] [BalambGarden] [Probe]   +1F0: C1 C7 00 00 00 00 00 00 01 A0 02 C1 00 00 02 A8 
2026-08-13 19:12:39.697 -05:00 [INF] [BalambGarden] [Probe]   +200: 02 A8 02 A8 00 00 00 00 00 06 00 72 00 D6 00 01 
2026-08-13 19:12:39.697 -05:00 [INF] [BalambGarden] [Probe]   +210: B0 73 61 7E F6 7F 00 00 6F 64 62 79 65 00 00 00 
2026-08-13 19:12:39.697 -05:00 [INF] [BalambGarden] [Probe] bed entity=40024C07 index=462 pos=<-9.0, 0.0, 10.4> dist=7.27y addr=231A538EB70
2026-08-13 19:12:39.697 -05:00 [INF] [BalambGarden] [Probe]   +000: B0 28 60 7E F6 7F 00 00 61 63 65 00 00 00 00 32 
2026-08-13 19:12:39.697 -05:00 [INF] [BalambGarden] [Probe]   +010: 00 00 00 00 00 00 00 00 00 00 00 00 00 00 00 00 
2026-08-13 19:12:39.697 -05:00 [INF] [BalambGarden] [Probe]   +020: 00 00 00 00 00 00 00 00 02 5D 02 5D 02 5D 00 00 
2026-08-13 19:12:39.697 -05:00 [INF] [BalambGarden] [Probe]   +030: 44 72 61 67 6F 6E 20 46 6C 6F 6F 72 20 4C 61 6D 
2026-08-13 19:12:39.697 -05:00 [INF] [BalambGarden] [Probe]   +040: 70 00 69 6F 6E 00 79 20 4C 61 6D 70 00 00 00 03 
2026-08-13 19:12:39.697 -05:00 [INF] [BalambGarden] [Probe]   +050: C1 57 00 00 00 00 00 00 01 D7 02 5E 00 00 02 5E 
2026-08-13 19:12:39.697 -05:00 [INF] [BalambGarden] [Probe]   +060: 02 5E 02 5E 02 5E 00 00 4E 23 00 A3 01 07 00 01 
2026-08-13 19:12:39.697 -05:00 [INF] [BalambGarden] [Probe]   +070: 00 00 07 00 7C 08 00 00 07 4C 02 40 00 00 00 00 
2026-08-13 19:12:39.697 -05:00 [INF] [BalambGarden] [Probe]   +080: 00 00 00 00 CB 01 03 00 00 00 00 E0 CE 01 F9 00 
2026-08-13 19:12:39.697 -05:00 [INF] [BalambGarden] [Probe]   +090: 0C 00 00 0F 00 0F 00 00 00 01 FB 21 00 58 00 00 
2026-08-13 19:12:39.697 -05:00 [INF] [BalambGarden] [Probe]   +0A0: 00 00 00 00 01 08 00 01 03 00 07 00 00 00 53 6D 
2026-08-13 19:12:39.697 -05:00 [INF] [BalambGarden] [Probe]   +0B0: 00 00 10 C1 00 00 00 00 66 66 26 41 00 00 00 00 
2026-08-13 19:12:39.697 -05:00 [INF] [BalambGarden] [Probe]   +0C0: 44 CD 16 C0 00 00 80 3F 00 00 80 3F 00 00 80 3F 
2026-08-13 19:12:39.697 -05:00 [INF] [BalambGarden] [Probe]   +0D0: 00 00 00 3F 02 60 00 00 4E 28 00 A5 01 09 00 01 
2026-08-13 19:12:39.697 -05:00 [INF] [BalambGarden] [Probe]   +0E0: 00 00 00 00 00 00 00 00 00 00 00 00 00 00 00 00 
2026-08-13 19:12:39.697 -05:00 [INF] [BalambGarden] [Probe]   +0F0: 00 00 00 00 00 00 00 00 00 00 00 00 00 00 00 00 
2026-08-13 19:12:39.697 -05:00 [INF] [BalambGarden] [Probe]   +100: 00 00 00 00 00 00 00 00 70 1F 4D F5 20 02 00 00 
2026-08-13 19:12:39.697 -05:00 [INF] [BalambGarden] [Probe]   +110: 00 00 00 00 01 0A 00 01 00 00 00 00 00 00 00 00 
2026-08-13 19:12:39.697 -05:00 [INF] [BalambGarden] [Probe]   +120: 00 00 00 00 7C 29 C4 3F 00 00 00 00 00 00 00 00 
2026-08-13 19:12:39.697 -05:00 [INF] [BalambGarden] [Probe]   +130: 00 00 00 00 49 F6 30 3F 00 00 00 00 00 00 00 00 
2026-08-13 19:12:39.697 -05:00 [INF] [BalambGarden] [Probe]   +140: 00 00 10 C1 00 00 00 00 66 66 26 41 00 00 00 00 
2026-08-13 19:12:39.697 -05:00 [INF] [BalambGarden] [Probe]   +150: 00 00 00 00 03 00 07 00 C0 C7 E0 0D 32 02 00 00 
2026-08-13 19:12:39.697 -05:00 [INF] [BalambGarden] [Probe]   +160: 10 01 6B F9 31 02 00 00 00 00 00 00 00 00 00 00 
2026-08-13 19:12:39.697 -05:00 [INF] [BalambGarden] [Probe]   +170: 00 00 00 00 7C 29 C4 3F 00 00 00 00 00 00 00 00 
2026-08-13 19:12:39.697 -05:00 [INF] [BalambGarden] [Probe]   +180: 00 00 00 00 49 F6 30 3F 00 00 00 00 00 00 00 00 
2026-08-13 19:12:39.697 -05:00 [INF] [BalambGarden] [Probe]   +190: 00 00 53 63 61 72 65 64 00 00 00 00 00 00 00 36 
2026-08-13 19:12:39.697 -05:00 [INF] [BalambGarden] [Probe]   +1A0: 50 2B 60 7E F6 7F 00 00 CB 01 03 00 02 00 6C 00 
2026-08-13 19:12:39.697 -05:00 [INF] [BalambGarden] [Probe]   +1B0: 00 01 00 00 02 1F 00 02 01 00 00 67 02 67 00 00 
2026-08-13 19:12:39.697 -05:00 [INF] [BalambGarden] [Probe]   +1C0: 01 2C 00 A9 01 0D 00 01 03 00 07 00 00 00 41 6D 
2026-08-13 19:12:39.697 -05:00 [INF] [BalambGarden] [Probe]   +1D0: 70 EB 38 A5 31 02 00 00 00 00 00 00 00 01 00 00 
2026-08-13 19:12:39.697 -05:00 [INF] [BalambGarden] [Probe]   +1E0: 00 00 00 03 C1 5E 00 00 00 00 00 00 01 DE 02 68 
2026-08-13 19:12:39.697 -05:00 [INF] [BalambGarden] [Probe]   +1F0: 00 00 02 68 02 68 02 68 02 68 00 00 4E 2D 00 AA 
2026-08-13 19:12:39.697 -05:00 [INF] [BalambGarden] [Probe]   +200: 01 0E 00 01 03 00 07 00 00 00 4F 75 63 68 00 00 
2026-08-13 19:12:39.697 -05:00 [INF] [BalambGarden] [Probe]   +210: B0 73 61 7E F6 7F 00 00 00 00 00 03 C1 5F 00 00 
2026-08-13 19:12:39.697 -05:00 [INF] [BalambGarden] [Probe] bed entity=40024C09 index=449 pos=<-11.6, 7.0, -0.2> dist=7.91y addr=231A538D0A0
2026-08-13 19:12:39.697 -05:00 [INF] [BalambGarden] [Probe]   +000: B0 28 60 7E F6 7F 00 00 00 00 00 00 00 00 00 00 
2026-08-13 19:12:39.697 -05:00 [INF] [BalambGarden] [Probe]   +010: 00 00 00 00 00 00 00 00 00 00 00 00 00 00 00 00 
2026-08-13 19:12:39.697 -05:00 [INF] [BalambGarden] [Probe]   +020: 00 00 00 00 00 00 00 00 00 00 00 00 00 00 00 00 
2026-08-13 19:12:39.697 -05:00 [INF] [BalambGarden] [Probe]   +030: 4D 61 6E 64 72 61 67 6F 72 61 20 46 6C 6F 6F 72 
2026-08-13 19:12:39.697 -05:00 [INF] [BalambGarden] [Probe]   +040: 20 4C 61 6D 70 00 00 00 00 00 00 00 00 00 00 00 
2026-08-13 19:12:39.697 -05:00 [INF] [BalambGarden] [Probe]   +050: 00 00 00 00 00 00 00 00 90 D0 38 A5 31 02 00 00 
2026-08-13 19:12:39.697 -05:00 [INF] [BalambGarden] [Probe]   +060: 45 58 44 46 00 02 00 00 00 00 0A 70 00 00 4F 40 
2026-08-13 19:12:39.697 -05:00 [INF] [BalambGarden] [Probe]   +070: 00 00 00 00 7D 08 00 00 09 4C 02 40 00 00 00 00 
2026-08-13 19:12:39.697 -05:00 [INF] [BalambGarden] [Probe]   +080: 00 00 00 00 71 00 03 00 00 00 00 E0 C1 01 F9 00 
2026-08-13 19:12:39.697 -05:00 [INF] [BalambGarden] [Probe]   +090: 0C 00 00 0F 00 0F 00 00 00 01 FB 21 00 00 0B 38 
2026-08-13 19:12:39.697 -05:00 [INF] [BalambGarden] [Probe]   +0A0: 00 00 00 00 00 00 0B 74 00 00 00 05 00 00 0B AC 
2026-08-13 19:12:39.697 -05:00 [INF] [BalambGarden] [Probe]   +0B0: 9B 99 39 C1 01 00 E0 40 BC CC 4C BE 00 00 00 00 
2026-08-13 19:12:39.697 -05:00 [INF] [BalambGarden] [Probe]   +0C0: 36 12 C9 BF 00 00 80 3F 00 00 80 3F 00 00 80 3F 
2026-08-13 19:12:39.697 -05:00 [INF] [BalambGarden] [Probe]   +0D0: 00 00 00 3F 00 00 0C CC 00 00 00 0B 00 00 0D 04 
2026-08-13 19:12:39.697 -05:00 [INF] [BalambGarden] [Probe]   +0E0: 00 00 00 00 00 00 00 00 00 00 00 00 00 00 00 00 
2026-08-13 19:12:39.697 -05:00 [INF] [BalambGarden] [Probe]   +0F0: 00 00 00 00 00 00 00 00 00 00 00 0F 00 00 0D E4 
2026-08-13 19:12:39.697 -05:00 [INF] [BalambGarden] [Probe]   +100: 00 00 00 00 00 00 00 00 70 FC 4C F5 20 02 00 00 
2026-08-13 19:12:39.697 -05:00 [INF] [BalambGarden] [Probe]   +110: 00 00 00 00 00 00 0E 90 00 00 00 00 00 00 00 00 
2026-08-13 19:12:39.697 -05:00 [INF] [BalambGarden] [Probe]   +120: 00 00 00 00 9A 99 99 3F 00 00 00 00 00 00 00 00 
2026-08-13 19:12:39.697 -05:00 [INF] [BalambGarden] [Probe]   +130: 00 00 00 00 33 33 33 3F 00 00 00 00 00 00 00 00 
2026-08-13 19:12:39.697 -05:00 [INF] [BalambGarden] [Probe]   +140: 9B 99 39 C1 01 00 E0 40 BC CC 4C BE 00 00 00 00 
2026-08-13 19:12:39.697 -05:00 [INF] [BalambGarden] [Probe]   +150: 00 00 00 00 00 00 10 58 80 CA E0 0D 32 02 00 00 
2026-08-13 19:12:39.697 -05:00 [INF] [BalambGarden] [Probe]   +160: 10 01 6B F9 31 02 00 00 00 00 00 00 00 00 00 00 
2026-08-13 19:12:39.697 -05:00 [INF] [BalambGarden] [Probe]   +170: 00 00 00 00 9A 99 99 3F 00 00 00 00 00 00 00 00 
2026-08-13 19:12:39.697 -05:00 [INF] [BalambGarden] [Probe]   +180: 00 00 00 00 33 33 33 3F 00 00 00 00 00 00 00 00 
2026-08-13 19:12:39.697 -05:00 [INF] [BalambGarden] [Probe]   +190: 00 00 00 22 00 00 12 28 00 00 00 23 00 00 12 60 
2026-08-13 19:12:39.697 -05:00 [INF] [BalambGarden] [Probe]   +1A0: 50 2B 60 7E F6 7F 00 00 71 00 03 00 02 00 62 00 
2026-08-13 19:12:39.697 -05:00 [INF] [BalambGarden] [Probe]   +1B0: 00 01 00 00 0B 38 00 05 01 00 00 27 00 00 13 4C 
2026-08-13 19:12:39.697 -05:00 [INF] [BalambGarden] [Probe]   +1C0: 01 00 00 28 00 00 13 84 00 00 00 29 00 00 13 BC 
2026-08-13 19:12:39.697 -05:00 [INF] [BalambGarden] [Probe]   +1D0: A0 D0 38 A5 31 02 00 00 00 00 00 00 00 00 14 30 
2026-08-13 19:12:39.697 -05:00 [INF] [BalambGarden] [Probe]   +1E0: 00 00 00 2C 00 00 14 6C 00 00 00 2D 00 00 14 AC 
2026-08-13 19:12:39.697 -05:00 [INF] [BalambGarden] [Probe]   +1F0: 00 00 00 2E 00 00 14 E4 00 00 00 2F 00 00 15 20 
2026-08-13 19:12:39.697 -05:00 [INF] [BalambGarden] [Probe]   +200: 00 00 00 30 00 00 15 5C 00 00 00 31 00 00 15 94 
2026-08-13 19:12:39.697 -05:00 [INF] [BalambGarden] [Probe]   +210: B0 28 60 7E F6 7F 00 00 00 00 00 33 00 00 16 0C 
2026-08-13 19:12:39.697 -05:00 [INF] [BalambGarden] [Probe] bed entity=40024C11 index=476 pos=<-19.4, 2.7, 2.8> dist=9.49y addr=231A5390850
2026-08-13 19:12:39.697 -05:00 [INF] [BalambGarden] [Probe]   +000: B0 28 60 7E F6 7F 00 00 02 51 18 9B 18 9A 00 00 
2026-08-13 19:12:39.697 -05:00 [INF] [BalambGarden] [Probe]   +010: 00 00 00 00 00 00 00 00 00 00 00 00 00 00 00 00 
2026-08-13 19:12:39.697 -05:00 [INF] [BalambGarden] [Probe]   +020: 00 00 00 00 00 00 00 00 65 6C 20 54 6F 65 00 00 
2026-08-13 19:12:39.697 -05:00 [INF] [BalambGarden] [Probe]   +030: 50 61 69 73 73 61 20 46 6C 6F 6F 72 20 4C 61 6D 
2026-08-13 19:12:39.697 -05:00 [INF] [BalambGarden] [Probe]   +040: 70 00 66 69 72 65 00 9D 18 9C 00 00 00 00 00 00 
2026-08-13 19:12:39.697 -05:00 [INF] [BalambGarden] [Probe]   +050: 00 00 00 00 27 7A 1F CE 1F CF 00 01 02 32 10 00 
2026-08-13 19:12:39.697 -05:00 [INF] [BalambGarden] [Probe]   +060: 00 00 47 6F 6F 62 62 75 65 20 44 6F 00 00 00 00 
2026-08-13 19:12:39.697 -05:00 [INF] [BalambGarden] [Probe]   +070: 00 00 00 36 83 08 00 00 11 4C 02 40 00 00 00 00 
2026-08-13 19:12:39.697 -05:00 [INF] [BalambGarden] [Probe]   +080: 00 00 00 00 EC 01 03 00 00 00 00 E0 DC 01 F9 00 
2026-08-13 19:12:39.697 -05:00 [INF] [BalambGarden] [Probe]   +090: 0C 00 00 0F 00 0F 00 00 00 01 FB 21 00 00 10 00 
2026-08-13 19:12:39.697 -05:00 [INF] [BalambGarden] [Probe]   +0A0: 00 00 00 00 61 74 75 69 74 79 00 00 00 00 00 36 
2026-08-13 19:12:39.697 -05:00 [INF] [BalambGarden] [Probe]   +0B0: 9C 93 9B C1 44 8B 2C 40 D4 12 30 40 00 00 00 00 
2026-08-13 19:12:39.697 -05:00 [INF] [BalambGarden] [Probe]   +0C0: C6 BD AD 3F 00 00 80 3F 00 00 80 3F 00 00 80 3F 
2026-08-13 19:12:39.697 -05:00 [INF] [BalambGarden] [Probe]   +0D0: 00 00 00 3F 1F D3 00 01 01 00 10 00 00 00 46 69 
2026-08-13 19:12:39.697 -05:00 [INF] [BalambGarden] [Probe]   +0E0: 00 00 00 00 00 00 00 00 00 00 00 00 00 00 00 00 
2026-08-13 19:12:39.697 -05:00 [INF] [BalambGarden] [Probe]   +0F0: 00 00 00 00 00 00 00 00 00 00 00 00 02 55 18 85 
2026-08-13 19:12:39.697 -05:00 [INF] [BalambGarden] [Probe]   +100: 00 00 00 00 00 00 00 00 80 87 CE A6 32 02 00 00 
2026-08-13 19:12:39.697 -05:00 [INF] [BalambGarden] [Probe]   +110: 00 00 00 00 02 33 10 00 00 00 00 00 00 00 00 00 
2026-08-13 19:12:39.697 -05:00 [INF] [BalambGarden] [Probe]   +120: 00 00 00 00 82 AA A5 3F 00 00 00 00 00 00 00 00 
2026-08-13 19:12:39.697 -05:00 [INF] [BalambGarden] [Probe]   +130: 00 00 00 00 25 74 12 3F 00 00 00 00 00 00 00 00 
2026-08-13 19:12:39.697 -05:00 [INF] [BalambGarden] [Probe]   +140: 9C 93 9B C1 44 8B 2C 40 D4 12 30 40 00 00 00 00 
2026-08-13 19:12:39.697 -05:00 [INF] [BalambGarden] [Probe]   +150: 00 00 00 00 00 00 53 65 80 EE DF 0D 32 02 00 00 
2026-08-13 19:12:39.697 -05:00 [INF] [BalambGarden] [Probe]   +160: 10 01 6B F9 31 02 00 00 00 00 00 00 00 00 00 00 
2026-08-13 19:12:39.697 -05:00 [INF] [BalambGarden] [Probe]   +170: 00 00 00 00 82 AA A5 3F 00 00 00 00 00 00 00 00 
2026-08-13 19:12:39.697 -05:00 [INF] [BalambGarden] [Probe]   +180: 00 00 00 00 25 74 12 3F 00 00 00 00 00 00 00 00 
2026-08-13 19:12:39.697 -05:00 [INF] [BalambGarden] [Probe]   +190: 10 D9 00 01 02 34 10 00 00 00 4D 61 6E 64 65 72 
2026-08-13 19:12:39.697 -05:00 [INF] [BalambGarden] [Probe]   +1A0: 50 2B 60 7E F6 7F 00 00 EC 01 03 00 02 00 25 00 
2026-08-13 19:12:39.697 -05:00 [INF] [BalambGarden] [Probe]   +1B0: 00 01 00 00 11 20 02 00 01 00 00 01 0D E7 00 00 
2026-08-13 19:12:39.697 -05:00 [INF] [BalambGarden] [Probe]   +1C0: 01 58 1C A5 00 00 1C A6 1C A6 1C A6 00 00 00 00 
2026-08-13 19:12:39.697 -05:00 [INF] [BalambGarden] [Probe]   +1D0: 00 0D 1F DA 1F DB 00 01 01 00 17 00 00 00 4C 61 
2026-08-13 19:12:39.697 -05:00 [INF] [BalambGarden] [Probe]   +1E0: 6C 69 2D 68 6F 00 00 00 00 00 00 3A 00 01 00 00 
2026-08-13 19:12:39.697 -05:00 [INF] [BalambGarden] [Probe]   +1F0: 00 00 00 03 C2 57 00 00 00 4B 00 00 02 59 18 A3 
2026-08-13 19:12:39.697 -05:00 [INF] [BalambGarden] [Probe]   +200: 18 A2 00 00 00 00 00 00 00 00 00 00 2E E5 1F DC 
2026-08-13 19:12:39.697 -05:00 [INF] [BalambGarden] [Probe]   +210: B0 73 61 7E F6 7F 00 00 00 00 53 69 6D 75 6C 61 
2026-08-13 19:12:39.697 -05:00 [INF] [BalambGarden] [Probe] bed entity=40024C12 index=469 pos=<-19.6, 2.2, 2.2> dist=9.54y addr=231A538F9E0
2026-08-13 19:12:39.697 -05:00 [INF] [BalambGarden] [Probe]   +000: B0 28 60 7E F6 7F 00 00 61 63 6B 20 52 61 6E 67 
2026-08-13 19:12:39.697 -05:00 [INF] [BalambGarden] [Probe]   +010: 00 00 00 00 00 00 00 00 00 00 00 00 00 00 00 00 
2026-08-13 19:12:39.697 -05:00 [INF] [BalambGarden] [Probe]   +020: 00 00 00 00 00 00 00 00 C2 18 00 00 01 3D 00 00 
2026-08-13 19:12:39.697 -05:00 [INF] [BalambGarden] [Probe]   +030: 53 74 61 72 20 52 75 62 79 20 4D 75 73 69 63 20 
2026-08-13 19:12:39.697 -05:00 [INF] [BalambGarden] [Probe]   +040: 42 6F 78 00 6E 00 00 01 02 11 10 00 00 00 59 65 
2026-08-13 19:12:39.697 -05:00 [INF] [BalambGarden] [Probe]   +050: 6C 6C 6F 77 20 52 61 6E 67 65 72 20 50 6F 73 65 
2026-08-13 19:12:39.697 -05:00 [INF] [BalambGarden] [Probe]   +060: 20 41 00 00 00 00 00 3A 00 01 00 00 00 00 00 03 
2026-08-13 19:12:39.697 -05:00 [INF] [BalambGarden] [Probe]   +070: 00 66 00 00 84 08 00 00 12 4C 02 40 00 00 00 00 
2026-08-13 19:12:39.697 -05:00 [INF] [BalambGarden] [Probe]   +080: 00 00 00 00 82 01 03 00 00 00 00 E0 D5 01 F9 00 
2026-08-13 19:12:39.697 -05:00 [INF] [BalambGarden] [Probe]   +090: 0C 00 00 0F 00 0F 00 00 00 01 FB 21 00 68 67 68 
2026-08-13 19:12:39.697 -05:00 [INF] [BalambGarden] [Probe]   +0A0: 00 00 00 00 00 00 00 3E 00 01 00 00 00 00 00 03 
2026-08-13 19:12:39.697 -05:00 [INF] [BalambGarden] [Probe]   +0B0: 17 B2 9C C1 86 9B 0C 40 2A 21 0F 40 00 00 00 00 
2026-08-13 19:12:39.697 -05:00 [INF] [BalambGarden] [Probe]   +0C0: AE ED BF 3F 00 00 80 3F 00 00 80 3F 00 00 80 3F 
2026-08-13 19:12:39.697 -05:00 [INF] [BalambGarden] [Probe]   +0D0: 00 00 00 3F 00 00 52 65 64 20 52 61 6E 67 65 72 
2026-08-13 19:12:39.697 -05:00 [INF] [BalambGarden] [Probe]   +0E0: 00 00 00 00 00 00 00 00 00 00 00 00 00 00 00 00 
2026-08-13 19:12:39.697 -05:00 [INF] [BalambGarden] [Probe]   +0F0: 00 00 00 00 00 00 00 00 00 00 00 00 02 18 12 BD 
2026-08-13 19:12:39.697 -05:00 [INF] [BalambGarden] [Probe]   +100: 00 00 00 00 00 00 00 00 40 74 CE A6 32 02 00 00 
2026-08-13 19:12:39.697 -05:00 [INF] [BalambGarden] [Probe]   +110: 00 00 00 00 02 13 10 00 00 00 00 00 00 00 00 00 
2026-08-13 19:12:39.697 -05:00 [INF] [BalambGarden] [Probe]   +120: 00 00 00 00 EF 13 39 3F 00 00 00 00 00 00 00 00 
2026-08-13 19:12:39.697 -05:00 [INF] [BalambGarden] [Probe]   +130: 00 00 00 00 84 A7 92 3E 00 00 00 00 00 00 00 00 
2026-08-13 19:12:39.697 -05:00 [INF] [BalambGarden] [Probe]   +140: 17 B2 9C C1 86 9B 0C 40 2A 21 0F 40 00 00 00 00 
2026-08-13 19:12:39.697 -05:00 [INF] [BalambGarden] [Probe]   +150: 00 00 00 00 27 21 1F 54 80 F9 DF 0D 32 02 00 00 
2026-08-13 19:12:39.697 -05:00 [INF] [BalambGarden] [Probe]   +160: 10 01 6B F9 31 02 00 00 00 00 00 00 00 00 00 00 
2026-08-13 19:12:39.697 -05:00 [INF] [BalambGarden] [Probe]   +170: 00 00 00 00 EF 13 39 3F 00 00 00 00 00 00 00 00 
2026-08-13 19:12:39.697 -05:00 [INF] [BalambGarden] [Probe]   +180: 00 00 00 00 84 A7 92 3E 00 00 00 00 00 00 00 00 
2026-08-13 19:12:39.697 -05:00 [INF] [BalambGarden] [Probe]   +190: 00 00 12 43 12 43 12 43 00 00 00 00 13 9D 1F 56 
2026-08-13 19:12:39.697 -05:00 [INF] [BalambGarden] [Probe]   +1A0: 50 2B 60 7E F6 7F 00 00 82 01 03 00 00 00 24 00 
2026-08-13 19:12:39.697 -05:00 [INF] [BalambGarden] [Probe]   +1B0: 00 01 00 00 00 1F 00 00 01 00 00 00 00 00 00 03 
2026-08-13 19:12:39.697 -05:00 [INF] [BalambGarden] [Probe]   +1C0: 01 1E 00 00 01 48 00 00 02 1B 12 C3 00 00 00 00 
2026-08-13 19:12:39.697 -05:00 [INF] [BalambGarden] [Probe]   +1D0: E0 F9 38 A5 31 02 00 00 00 00 00 00 1F 59 00 01 
2026-08-13 19:12:39.697 -05:00 [INF] [BalambGarden] [Probe]   +1E0: 02 00 50 00 00 00 5A 61 6E 74 65 74 73 75 6B 65 
2026-08-13 19:12:39.697 -05:00 [INF] [BalambGarden] [Probe]   +1F0: 6E 00 00 00 00 00 00 32 00 01 00 00 00 00 00 03 
2026-08-13 19:12:39.697 -05:00 [INF] [BalambGarden] [Probe]   +200: C2 1F 00 00 00 00 00 00 02 1C 12 CB 00 00 00 00 
2026-08-13 19:12:39.697 -05:00 [INF] [BalambGarden] [Probe]   +210: B0 28 60 7E F6 7F 00 00 13 BB 1F 5A 1F 5B 00 01 
2026-08-13 19:12:39.697 -05:00 [INF] [BalambGarden] [Probe] bed entity=40024C13 index=474 pos=<-19.6, 1.2, 1.3> dist=9.55y addr=231A5390430
2026-08-13 19:12:39.697 -05:00 [INF] [BalambGarden] [Probe]   +000: B0 28 60 7E F6 7F 00 00 00 00 00 00 27 76 1F AC 
2026-08-13 19:12:39.697 -05:00 [INF] [BalambGarden] [Probe]   +010: 00 00 00 00 00 00 00 00 00 00 00 00 00 00 00 00 
2026-08-13 19:12:39.697 -05:00 [INF] [BalambGarden] [Probe]   +020: 00 00 00 00 00 00 00 00 00 01 00 00 00 00 00 03 
2026-08-13 19:12:39.697 -05:00 [INF] [BalambGarden] [Probe]   +030: 53 74 61 72 20 53 61 70 70 68 69 72 65 20 4D 75 
2026-08-13 19:12:39.697 -05:00 [INF] [BalambGarden] [Probe]   +040: 73 69 63 20 42 6F 78 00 2E E4 1F AE 1F AF 00 01 
2026-08-13 19:12:39.697 -05:00 [INF] [BalambGarden] [Probe]   +050: 02 00 10 00 00 00 55 6C 74 69 6D 61 00 00 00 00 
2026-08-13 19:12:39.697 -05:00 [INF] [BalambGarden] [Probe]   +060: 00 00 00 36 00 01 00 00 00 00 00 03 C2 44 00 00 
2026-08-13 19:12:39.697 -05:00 [INF] [BalambGarden] [Probe]   +070: 00 0D 00 00 85 08 00 00 13 4C 02 40 00 00 00 00 
2026-08-13 19:12:39.697 -05:00 [INF] [BalambGarden] [Probe]   +080: 00 00 00 00 81 01 03 00 00 00 00 E0 DA 01 F9 00 
2026-08-13 19:12:39.697 -05:00 [INF] [BalambGarden] [Probe]   +090: 0C 00 00 0F 00 0F 00 00 00 01 FB 21 00 00 00 2E 
2026-08-13 19:12:39.697 -05:00 [INF] [BalambGarden] [Probe]   +0A0: 00 00 00 00 00 00 00 00 00 00 00 00 00 00 00 00 
2026-08-13 19:12:39.697 -05:00 [INF] [BalambGarden] [Probe]   +0B0: 8F ED 9C C1 D8 7C 9F 3F C8 90 A1 3F 00 00 00 00 
2026-08-13 19:12:39.697 -05:00 [INF] [BalambGarden] [Probe]   +0C0: B6 00 C4 3F 00 00 80 3F 00 00 80 3F 00 00 80 3F 
2026-08-13 19:12:39.697 -05:00 [INF] [BalambGarden] [Probe]   +0D0: 00 00 00 3F 00 01 00 00 00 00 00 03 C2 45 00 00 
2026-08-13 19:12:39.697 -05:00 [INF] [BalambGarden] [Probe]   +0E0: 00 00 00 00 00 00 00 00 00 00 00 00 00 00 00 00 
2026-08-13 19:12:39.697 -05:00 [INF] [BalambGarden] [Probe]   +0F0: 00 00 00 00 00 00 00 00 00 00 00 01 01 00 12 00 
2026-08-13 19:12:39.697 -05:00 [INF] [BalambGarden] [Probe]   +100: 00 00 00 00 00 00 00 00 40 82 CE A6 32 02 00 00 
2026-08-13 19:12:39.697 -05:00 [INF] [BalambGarden] [Probe]   +110: 00 00 00 00 00 00 00 03 00 00 00 00 00 00 00 00 
2026-08-13 19:12:39.697 -05:00 [INF] [BalambGarden] [Probe]   +120: 00 00 00 00 EF 13 39 3F 00 00 00 00 00 00 00 00 
2026-08-13 19:12:39.697 -05:00 [INF] [BalambGarden] [Probe]   +130: 00 00 00 00 84 A7 92 3E 00 00 00 00 00 00 00 00 
2026-08-13 19:12:39.697 -05:00 [INF] [BalambGarden] [Probe]   +140: 8F ED 9C C1 D8 7C 9F 3F C8 90 A1 3F 00 00 00 00 
2026-08-13 19:12:39.697 -05:00 [INF] [BalambGarden] [Probe]   +150: 00 00 00 00 02 45 18 5D 00 FF DF 0D 32 02 00 00 
2026-08-13 19:12:39.697 -05:00 [INF] [BalambGarden] [Probe]   +160: 10 01 6B F9 31 02 00 00 00 00 00 00 00 00 00 00 
2026-08-13 19:12:39.697 -05:00 [INF] [BalambGarden] [Probe]   +170: 00 00 00 00 EF 13 39 3F 00 00 00 00 00 00 00 00 
2026-08-13 19:12:39.697 -05:00 [INF] [BalambGarden] [Probe]   +180: 00 00 00 00 84 A7 92 3E 00 00 00 00 00 00 00 00 
2026-08-13 19:12:39.697 -05:00 [INF] [BalambGarden] [Probe]   +190: 10 5E 00 00 00 00 00 00 00 00 00 00 2B 02 1F B6 
2026-08-13 19:12:39.697 -05:00 [INF] [BalambGarden] [Probe]   +1A0: 50 2B 60 7E F6 7F 00 00 81 01 03 00 00 00 23 00 
2026-08-13 19:12:39.697 -05:00 [INF] [BalambGarden] [Probe]   +1B0: 00 01 00 00 11 20 02 03 01 00 00 00 00 00 00 03 
2026-08-13 19:12:39.697 -05:00 [INF] [BalambGarden] [Probe]   +1C0: 01 48 00 00 01 09 00 00 02 47 18 50 00 00 18 51 
2026-08-13 19:12:39.697 -05:00 [INF] [BalambGarden] [Probe]   +1D0: 18 51 18 51 00 00 00 00 17 77 1F B8 1F B9 00 01 
2026-08-13 19:12:39.697 -05:00 [INF] [BalambGarden] [Probe]   +1E0: 01 00 17 00 00 00 45 6C 75 63 69 64 61 74 65 00 
2026-08-13 19:12:39.697 -05:00 [INF] [BalambGarden] [Probe]   +1F0: 00 00 00 36 00 01 00 00 00 00 00 03 C1 71 00 01 
2026-08-13 19:12:39.697 -05:00 [INF] [BalambGarden] [Probe]   +200: 0C 04 00 00 02 48 18 75 00 00 18 75 18 75 18 75 
2026-08-13 19:12:39.697 -05:00 [INF] [BalambGarden] [Probe]   +210: B0 28 60 7E F6 7F 00 00 1F BB 00 01 03 00 07 00 
2026-08-13 19:12:39.697 -05:00 [INF] [BalambGarden] [Probe] bed entity=40024BF9 index=463 pos=<-11.4, 7.7, 9.0> dist=9.64y addr=231A538ED80
2026-08-13 19:12:39.697 -05:00 [INF] [BalambGarden] [Probe]   +000: B0 73 61 7E F6 7F 00 00 00 00 00 03 C1 5F 00 00 
2026-08-13 19:12:39.697 -05:00 [INF] [BalambGarden] [Probe]   +010: 00 00 00 00 00 00 00 00 00 00 00 00 00 00 00 00 
2026-08-13 19:12:39.697 -05:00 [INF] [BalambGarden] [Probe]   +020: 00 00 00 00 00 00 00 00 01 0F 00 01 03 00 07 00 
2026-08-13 19:12:39.697 -05:00 [INF] [BalambGarden] [Probe]   +030: 50 61 72 61 6D 6F 75 72 20 56 61 73 65 00 72 74 
2026-08-13 19:12:39.697 -05:00 [INF] [BalambGarden] [Probe]   +040: 69 74 69 6F 6E 00 00 03 C1 60 00 00 00 00 00 00 
2026-08-13 19:12:39.697 -05:00 [INF] [BalambGarden] [Probe]   +050: 01 E0 02 6B 00 00 02 6B 02 6B 02 6B 02 6B 00 00 
2026-08-13 19:12:39.697 -05:00 [INF] [BalambGarden] [Probe]   +060: 4E 2F 00 AC 01 10 00 01 03 00 07 00 00 00 41 6C 
2026-08-13 19:12:39.697 -05:00 [INF] [BalambGarden] [Probe]   +070: 00 72 74 00 98 08 00 00 F9 4B 02 40 00 00 00 00 
2026-08-13 19:12:39.697 -05:00 [INF] [BalambGarden] [Probe]   +080: 00 00 00 00 C0 01 03 00 00 00 00 E0 CF 01 F9 00 
2026-08-13 19:12:39.697 -05:00 [INF] [BalambGarden] [Probe]   +090: 0C 00 00 0F 00 0F 00 00 00 01 FB 21 00 10 00 01 
2026-08-13 19:12:39.697 -05:00 [INF] [BalambGarden] [Probe]   +0A0: 00 00 00 00 00 00 57 6F 72 72 69 65 64 00 00 00 
2026-08-13 19:12:39.697 -05:00 [INF] [BalambGarden] [Probe]   +0B0: 85 E7 35 C1 26 66 F6 40 8B 84 0F 41 00 00 00 00 
2026-08-13 19:12:39.697 -05:00 [INF] [BalambGarden] [Probe]   +0C0: 3B C5 12 40 00 00 80 3F 00 00 80 3F 00 00 80 3F 
2026-08-13 19:12:39.697 -05:00 [INF] [BalambGarden] [Probe]   +0D0: 00 00 00 3F 4E 37 1F 9A 1F 9B 00 01 03 00 07 00 
2026-08-13 19:12:39.697 -05:00 [INF] [BalambGarden] [Probe]   +0E0: 00 00 00 00 00 00 00 00 00 00 00 00 00 00 00 00 
2026-08-13 19:12:39.697 -05:00 [INF] [BalambGarden] [Probe]   +0F0: 00 00 00 00 00 00 00 00 00 00 00 00 01 85 00 00 
2026-08-13 19:12:39.697 -05:00 [INF] [BalambGarden] [Probe]   +100: 00 00 00 00 00 00 00 00 00 76 CE A6 32 02 00 00 
2026-08-13 19:12:39.697 -05:00 [INF] [BalambGarden] [Probe]   +110: 00 00 00 00 1F 9D 00 01 00 00 00 00 00 00 00 00 
2026-08-13 19:12:39.697 -05:00 [INF] [BalambGarden] [Probe]   +120: 00 00 00 00 1B DE 6B 3F 00 00 00 00 00 00 00 00 
2026-08-13 19:12:39.697 -05:00 [INF] [BalambGarden] [Probe]   +130: 00 00 00 00 B4 77 C5 3E 00 00 00 00 00 00 00 00 
2026-08-13 19:12:39.697 -05:00 [INF] [BalambGarden] [Probe]   +140: 85 E7 35 C1 26 66 F6 40 8B 84 0F 41 00 00 00 00 
2026-08-13 19:12:39.697 -05:00 [INF] [BalambGarden] [Probe]   +150: 00 00 00 00 03 00 07 00 D0 C9 E0 0D 32 02 00 00 
2026-08-13 19:12:39.697 -05:00 [INF] [BalambGarden] [Probe]   +160: D0 37 6B F9 31 02 00 00 00 00 00 00 00 00 00 00 
2026-08-13 19:12:39.697 -05:00 [INF] [BalambGarden] [Probe]   +170: 00 00 00 00 1B DE 6B 3F 00 00 00 00 00 00 00 00 
2026-08-13 19:12:39.697 -05:00 [INF] [BalambGarden] [Probe]   +180: 00 00 00 00 B4 77 C5 3E 00 00 00 00 00 00 00 00 
2026-08-13 19:12:39.697 -05:00 [INF] [BalambGarden] [Probe]   +190: 00 00 07 00 00 00 53 63 6F 66 66 00 00 00 00 32 
2026-08-13 19:12:39.697 -05:00 [INF] [BalambGarden] [Probe]   +1A0: 50 76 61 7E F6 7F 00 00 C0 01 03 00 00 00 C3 00 
2026-08-13 19:12:39.697 -05:00 [INF] [BalambGarden] [Probe]   +1B0: 00 01 00 00 0A 20 00 04 01 00 00 00 00 00 00 00 
2026-08-13 19:12:39.697 -05:00 [INF] [BalambGarden] [Probe]   +1C0: 01 EE 00 B4 01 18 00 01 01 00 10 00 00 00 54 68 
2026-08-13 19:12:39.697 -05:00 [INF] [BalambGarden] [Probe]   +1D0: 80 ED 38 A5 31 02 00 00 00 00 00 00 00 00 00 03 
2026-08-13 19:12:39.697 -05:00 [INF] [BalambGarden] [Probe]   +1E0: C1 EA 00 00 00 18 00 00 00 00 02 E7 00 00 00 00 
2026-08-13 19:12:39.697 -05:00 [INF] [BalambGarden] [Probe]   +1F0: 00 00 00 00 00 00 00 00 00 00 00 95 00 F9 00 01 
2026-08-13 19:12:39.697 -05:00 [INF] [BalambGarden] [Probe]   +200: 01 00 10 00 00 00 53 6E 6F 77 62 61 6C 6C 00 00 
2026-08-13 19:12:39.697 -05:00 [INF] [BalambGarden] [Probe]   +210: B0 28 60 7E F6 7F 00 00 00 00 00 03 C1 EA 00 00 
2026-08-13 19:12:39.697 -05:00 [INF] [BalambGarden] [Probe] bed entity=40024BFA index=456 pos=<-11.4, 8.2, 8.5> dist=9.82y addr=231A538DF10
2026-08-13 19:12:39.697 -05:00 [INF] [BalambGarden] [Probe]   +000: B0 73 61 7E F6 7F 00 00 6F 64 62 79 65 00 00 00 
2026-08-13 19:12:39.697 -05:00 [INF] [BalambGarden] [Probe]   +010: 00 00 00 00 00 00 00 00 00 00 00 00 00 00 00 00 
2026-08-13 19:12:39.697 -05:00 [INF] [BalambGarden] [Probe]   +020: 00 00 00 00 00 00 00 00 00 00 02 97 02 8C 02 A9 
2026-08-13 19:12:39.697 -05:00 [INF] [BalambGarden] [Probe]   +030: 4F 61 73 69 73 20 56 61 73 65 00 27 73 20 43 6F 
2026-08-13 19:12:39.697 -05:00 [INF] [BalambGarden] [Probe]   +040: 6F 6B 66 69 72 65 00 00 00 00 00 32 00 01 00 00 
2026-08-13 19:12:39.697 -05:00 [INF] [BalambGarden] [Probe]   +050: 00 00 00 03 C1 C9 00 00 00 00 00 00 01 A2 02 C3 
2026-08-13 19:12:39.697 -05:00 [INF] [BalambGarden] [Probe]   +060: 00 00 02 94 02 89 02 AA 00 00 00 00 13 94 00 74 
2026-08-13 19:12:39.697 -05:00 [INF] [BalambGarden] [Probe]   +070: 00 D8 00 01 99 08 00 00 FA 4B 02 40 00 00 00 00 
2026-08-13 19:12:39.697 -05:00 [INF] [BalambGarden] [Probe]   +080: 00 00 00 00 DD 00 03 00 00 00 00 E0 C8 01 F9 00 
2026-08-13 19:12:39.697 -05:00 [INF] [BalambGarden] [Probe]   +090: 0C 00 00 0F 00 0F 00 00 00 01 FB 21 00 A8 02 AB 
2026-08-13 19:12:39.697 -05:00 [INF] [BalambGarden] [Probe]   +0A0: 00 00 00 00 03 EA 00 75 00 D9 00 01 01 00 17 00 
2026-08-13 19:12:39.697 -05:00 [INF] [BalambGarden] [Probe]   +0B0: F2 DD 36 C1 9C EF 03 41 36 D8 07 41 00 00 00 00 
2026-08-13 19:12:39.697 -05:00 [INF] [BalambGarden] [Probe]   +0C0: BC D4 67 BF 00 00 80 3F 00 00 80 3F 00 00 80 3F 
2026-08-13 19:12:39.697 -05:00 [INF] [BalambGarden] [Probe]   +0D0: 00 00 00 3F 00 00 00 00 00 00 00 00 00 08 00 76 
2026-08-13 19:12:39.697 -05:00 [INF] [BalambGarden] [Probe]   +0E0: 00 00 00 00 00 00 00 00 00 00 00 00 00 00 00 00 
2026-08-13 19:12:39.697 -05:00 [INF] [BalambGarden] [Probe]   +0F0: 00 00 00 00 00 00 00 00 00 00 00 03 C1 CC 00 00 
2026-08-13 19:12:39.697 -05:00 [INF] [BalambGarden] [Probe]   +100: 00 00 00 00 00 00 00 00 F0 06 4D F5 20 02 00 00 
2026-08-13 19:12:39.697 -05:00 [INF] [BalambGarden] [Probe]   +110: 00 00 00 00 03 E8 00 77 00 00 00 00 00 00 00 00 
2026-08-13 19:12:39.697 -05:00 [INF] [BalambGarden] [Probe]   +120: 00 00 00 00 EA 14 49 3F 00 00 00 00 00 00 00 00 
2026-08-13 19:12:39.697 -05:00 [INF] [BalambGarden] [Probe]   +130: 00 00 00 00 84 AE A2 3E 00 00 00 00 00 00 00 00 
2026-08-13 19:12:39.697 -05:00 [INF] [BalambGarden] [Probe]   +140: F2 DD 36 C1 9C EF 03 41 36 D8 07 41 00 00 00 00 
2026-08-13 19:12:39.697 -05:00 [INF] [BalambGarden] [Probe]   +150: 00 00 00 00 00 DC 00 01 60 D1 E0 0D 32 02 00 00 
2026-08-13 19:12:39.697 -05:00 [INF] [BalambGarden] [Probe]   +160: D0 37 6B F9 31 02 00 00 00 00 00 00 00 00 00 00 
2026-08-13 19:12:39.697 -05:00 [INF] [BalambGarden] [Probe]   +170: 00 00 00 00 EA 14 49 3F 00 00 00 00 00 00 00 00 
2026-08-13 19:12:39.697 -05:00 [INF] [BalambGarden] [Probe]   +180: 00 00 00 00 84 AE A2 3E 00 00 00 00 00 00 00 00 
2026-08-13 19:12:39.697 -05:00 [INF] [BalambGarden] [Probe]   +190: 00 00 17 00 00 00 4C 6F 6F 6B 6F 75 74 00 00 00 
2026-08-13 19:12:39.697 -05:00 [INF] [BalambGarden] [Probe]   +1A0: 50 76 61 7E F6 7F 00 00 DD 00 03 00 00 00 C2 00 
2026-08-13 19:12:39.697 -05:00 [INF] [BalambGarden] [Probe]   +1B0: 00 01 00 00 0A 20 00 01 01 00 00 E9 02 E9 02 E9 
2026-08-13 19:12:39.697 -05:00 [INF] [BalambGarden] [Probe]   +1C0: 01 00 00 00 13 F9 00 7A 00 DE 00 01 01 00 17 00 
2026-08-13 19:12:39.697 -05:00 [INF] [BalambGarden] [Probe]   +1D0: 10 DF 38 A5 31 02 00 00 00 00 00 00 00 01 00 00 
2026-08-13 19:12:39.697 -05:00 [INF] [BalambGarden] [Probe]   +1E0: 00 00 00 03 C1 D0 00 00 00 00 00 00 01 A9 02 CC 
2026-08-13 19:12:39.697 -05:00 [INF] [BalambGarden] [Probe]   +1F0: 00 00 02 9A 02 9A 02 9A 00 00 00 00 13 88 00 7B 
2026-08-13 19:12:39.697 -05:00 [INF] [BalambGarden] [Probe]   +200: 00 DF 00 01 01 00 17 00 00 00 4E 6F 00 00 00 00 
2026-08-13 19:12:39.697 -05:00 [INF] [BalambGarden] [Probe]   +210: B0 28 60 7E F6 7F 00 00 00 00 00 03 C1 D1 00 00 
2026-08-13 19:12:39.697 -05:00 [INF] [BalambGarden] [Probe] bed entity=40024C05 index=471 pos=<-20.0, 2.0, 4.7> dist=9.95y addr=231A538FE00
2026-08-13 19:12:39.697 -05:00 [INF] [BalambGarden] [Probe]   +000: B0 73 61 7E F6 7F 00 00 02 25 12 44 00 00 12 45 
2026-08-13 19:12:39.697 -05:00 [INF] [BalambGarden] [Probe]   +010: 00 00 00 00 00 00 00 00 00 00 00 00 00 00 00 00 
2026-08-13 19:12:39.697 -05:00 [INF] [BalambGarden] [Probe]   +020: 00 00 00 00 00 00 00 00 65 63 74 61 63 6C 65 73 
2026-08-13 19:12:39.697 -05:00 [INF] [BalambGarden] [Probe]   +030: 4D 6F 75 6E 74 65 64 20 46 6C 6F 77 65 72 20 56 
2026-08-13 19:12:39.697 -05:00 [INF] [BalambGarden] [Probe]   +040: 61 73 65 00 61 00 00 00 02 26 12 D2 12 D1 00 00 
2026-08-13 19:12:39.697 -05:00 [INF] [BalambGarden] [Probe]   +050: 00 00 00 00 00 00 00 00 27 23 1F 6C 1F 6D 00 01 
2026-08-13 19:12:39.697 -05:00 [INF] [BalambGarden] [Probe]   +060: 02 17 10 00 00 00 53 6F 6E 67 62 69 72 64 00 00 
2026-08-13 19:12:39.697 -05:00 [INF] [BalambGarden] [Probe]   +070: 00 00 00 3A 7A 08 00 00 05 4C 02 40 00 00 00 00 
2026-08-13 19:12:39.697 -05:00 [INF] [BalambGarden] [Probe]   +080: 00 00 00 00 10 02 03 00 00 00 00 E0 D7 01 F9 00 
2026-08-13 19:12:39.697 -05:00 [INF] [BalambGarden] [Probe]   +090: 0C 00 00 0F 00 0F 00 00 00 01 FB 21 00 18 12 00 
2026-08-13 19:12:39.697 -05:00 [INF] [BalambGarden] [Probe]   +0A0: 00 00 00 00 74 65 72 20 46 6C 6F 61 74 00 00 00 
2026-08-13 19:12:39.697 -05:00 [INF] [BalambGarden] [Probe]   +0B0: 00 00 A0 C1 80 85 01 40 AF 96 95 40 00 00 00 00 
2026-08-13 19:12:39.697 -05:00 [INF] [BalambGarden] [Probe]   +0C0: 12 0F C9 3F 00 00 80 3F 00 00 80 3F 00 00 80 3F 
2026-08-13 19:12:39.697 -05:00 [INF] [BalambGarden] [Probe]   +0D0: 00 00 00 3F 17 74 00 00 00 00 00 01 01 00 14 00 
2026-08-13 19:12:39.697 -05:00 [INF] [BalambGarden] [Probe]   +0E0: 00 00 00 00 00 00 00 00 00 00 00 00 00 00 00 00 
2026-08-13 19:12:39.697 -05:00 [INF] [BalambGarden] [Probe]   +0F0: 00 00 00 00 00 00 00 00 00 00 00 03 C1 68 00 00 
2026-08-13 19:12:39.697 -05:00 [INF] [BalambGarden] [Probe]   +100: 00 00 00 00 00 00 00 00 00 92 CE A6 32 02 00 00 
2026-08-13 19:12:39.697 -05:00 [INF] [BalambGarden] [Probe]   +110: 00 00 00 00 4E 32 1F 6E 00 00 00 00 00 00 00 00 
2026-08-13 19:12:39.697 -05:00 [INF] [BalambGarden] [Probe]   +120: 00 00 00 00 9A 99 99 3E CD CC CC 3D 00 00 00 00 
2026-08-13 19:12:39.697 -05:00 [INF] [BalambGarden] [Probe]   +130: 00 00 00 00 00 00 00 00 CD CC CC 3D 00 00 00 00 
2026-08-13 19:12:39.697 -05:00 [INF] [BalambGarden] [Probe]   +140: 00 00 A0 C1 80 85 01 40 AF 96 95 40 00 00 00 00 
2026-08-13 19:12:39.697 -05:00 [INF] [BalambGarden] [Probe]   +150: 00 00 00 00 1F 71 00 01 00 E9 DF 0D 32 02 00 00 
2026-08-13 19:12:39.697 -05:00 [INF] [BalambGarden] [Probe]   +160: D0 37 6B F9 31 02 00 00 00 00 00 00 00 00 00 00 
2026-08-13 19:12:39.697 -05:00 [INF] [BalambGarden] [Probe]   +170: 00 00 00 00 9A 99 99 3E CD CC CC 3D 00 00 00 00 
2026-08-13 19:12:39.697 -05:00 [INF] [BalambGarden] [Probe]   +180: 00 00 00 00 00 00 00 00 CD CC CC 3D 00 00 00 00 
2026-08-13 19:12:39.697 -05:00 [INF] [BalambGarden] [Probe]   +190: 10 73 00 01 01 00 10 00 00 00 45 61 73 74 65 72 
2026-08-13 19:12:39.697 -05:00 [INF] [BalambGarden] [Probe]   +1A0: 50 76 61 7E F6 7F 00 00 10 02 03 00 00 00 76 00 
2026-08-13 19:12:39.697 -05:00 [INF] [BalambGarden] [Probe]   +1B0: 46 01 00 00 0A 20 00 06 01 00 00 00 02 2C 16 AB 
2026-08-13 19:12:39.697 -05:00 [INF] [BalambGarden] [Probe]   +1C0: 01 B4 00 00 00 00 00 00 00 00 00 00 2A FA 1F 74 
2026-08-13 19:12:39.697 -05:00 [INF] [BalambGarden] [Probe]   +1D0: 00 FE 38 A5 31 02 00 00 00 00 00 00 75 61 74 73 
2026-08-13 19:12:39.697 -05:00 [INF] [BalambGarden] [Probe]   +1E0: 00 00 00 00 00 00 00 36 00 01 00 00 00 00 00 03 
2026-08-13 19:12:39.697 -05:00 [INF] [BalambGarden] [Probe]   +1F0: C2 2D 00 00 01 75 00 00 02 2D 16 A8 16 A7 00 00 
2026-08-13 19:12:39.697 -05:00 [INF] [BalambGarden] [Probe]   +200: 00 00 00 00 00 00 00 00 2A FB 1F 76 1F 77 00 01 
2026-08-13 19:12:39.697 -05:00 [INF] [BalambGarden] [Probe]   +210: B0 28 60 7E F6 7F 00 00 73 68 2D 75 70 73 00 00 
2026-08-13 19:12:39.697 -05:00 [INF] [BalambGarden] [Probe] bed entity=40024BF8 index=461 pos=<-11.5, 8.7, 8.0> dist=9.98y addr=231A538E960
2026-08-13 19:12:39.697 -05:00 [INF] [BalambGarden] [Probe]   +000: B0 28 60 7E F6 7F 00 00 4E 1F 00 00 00 00 00 01 
2026-08-13 19:12:39.697 -05:00 [INF] [BalambGarden] [Probe]   +010: 00 00 00 00 00 00 00 00 00 00 00 00 00 00 00 00 
2026-08-13 19:12:39.697 -05:00 [INF] [BalambGarden] [Probe]   +020: 00 00 00 00 00 00 00 00 C1 F9 00 00 00 00 00 00 
2026-08-13 19:12:39.697 -05:00 [INF] [BalambGarden] [Probe]   +030: 48 61 70 70 79 20 4E 65 77 20 43 68 6F 63 6F 62 
2026-08-13 19:12:39.697 -05:00 [INF] [BalambGarden] [Probe]   +040: 6F 00 00 00 00 00 00 01 02 00 07 00 00 00 56 69 
2026-08-13 19:12:39.697 -05:00 [INF] [BalambGarden] [Probe]   +050: 73 6F 72 00 00 00 00 36 00 01 00 00 00 00 00 03 
2026-08-13 19:12:39.697 -05:00 [INF] [BalambGarden] [Probe]   +060: C2 37 00 00 01 7B 00 00 01 CF 18 60 00 00 00 00 
2026-08-13 19:12:39.697 -05:00 [INF] [BalambGarden] [Probe]   +070: 00 00 00 00 97 08 00 00 F8 4B 02 40 00 00 00 00 
2026-08-13 19:12:39.697 -05:00 [INF] [BalambGarden] [Probe]   +080: 00 00 00 00 E1 01 03 00 00 00 00 E0 CD 01 F9 00 
2026-08-13 19:12:39.697 -05:00 [INF] [BalambGarden] [Probe]   +090: 0C 00 00 0F 00 0F 00 00 00 01 FB 21 00 38 00 00 
2026-08-13 19:12:39.697 -05:00 [INF] [BalambGarden] [Probe]   +0A0: 00 00 00 00 01 D0 18 69 00 00 00 00 00 00 00 00 
2026-08-13 19:12:39.697 -05:00 [INF] [BalambGarden] [Probe]   +0B0: EB 52 37 C1 FD 2E 0B 41 90 71 00 41 00 00 00 00 
2026-08-13 19:12:39.697 -05:00 [INF] [BalambGarden] [Probe]   +0C0: 24 FA 3C BF 00 00 80 3F 00 00 80 3F 00 00 80 3F 
2026-08-13 19:12:39.697 -05:00 [INF] [BalambGarden] [Probe]   +0D0: 00 00 00 3F 00 01 00 00 00 00 00 03 C2 39 00 00 
2026-08-13 19:12:39.697 -05:00 [INF] [BalambGarden] [Probe]   +0E0: 00 00 00 00 00 00 00 00 00 00 00 00 00 00 00 00 
2026-08-13 19:12:39.697 -05:00 [INF] [BalambGarden] [Probe]   +0F0: 00 00 00 00 00 00 00 00 00 00 00 01 02 21 10 00 
2026-08-13 19:12:39.697 -05:00 [INF] [BalambGarden] [Probe]   +100: 00 00 00 00 00 00 00 00 F0 1B 4D F5 20 02 00 00 
2026-08-13 19:12:39.697 -05:00 [INF] [BalambGarden] [Probe]   +110: 00 00 00 00 00 00 00 03 00 00 00 00 00 00 00 00 
2026-08-13 19:12:39.697 -05:00 [INF] [BalambGarden] [Probe]   +120: 00 00 00 00 4E BF 56 3F 00 00 00 00 00 00 00 00 
2026-08-13 19:12:39.697 -05:00 [INF] [BalambGarden] [Probe]   +130: 00 00 00 00 E8 58 B0 3E 00 00 00 00 00 00 00 00 
2026-08-13 19:12:39.697 -05:00 [INF] [BalambGarden] [Probe]   +140: EB 52 37 C1 FD 2E 0B 41 90 71 00 41 00 00 00 00 
2026-08-13 19:12:39.697 -05:00 [INF] [BalambGarden] [Probe]   +150: 00 00 00 00 00 01 00 00 60 C6 E0 0D 32 02 00 00 
2026-08-13 19:12:39.697 -05:00 [INF] [BalambGarden] [Probe]   +160: 10 01 6B F9 31 02 00 00 00 00 00 00 00 00 00 00 
2026-08-13 19:12:39.697 -05:00 [INF] [BalambGarden] [Probe]   +170: 00 00 00 00 4E BF 56 3F 00 00 00 00 00 00 00 00 
2026-08-13 19:12:39.697 -05:00 [INF] [BalambGarden] [Probe]   +180: 00 00 00 00 E8 58 B0 3E 00 00 00 00 00 00 00 00 
2026-08-13 19:12:39.697 -05:00 [INF] [BalambGarden] [Probe]   +190: 60 6C 6F 77 00 00 00 00 00 00 00 3E 00 01 00 00 
2026-08-13 19:12:39.697 -05:00 [INF] [BalambGarden] [Probe]   +1A0: 50 2B 60 7E F6 7F 00 00 E1 01 03 00 02 00 C4 00 
2026-08-13 19:12:39.697 -05:00 [INF] [BalambGarden] [Probe]   +1B0: 00 01 00 00 02 1F 00 05 01 00 00 00 27 2C 1F 98 
2026-08-13 19:12:39.697 -05:00 [INF] [BalambGarden] [Probe]   +1C0: 01 99 00 01 02 24 10 00 00 00 43 68 65 65 72 20 
2026-08-13 19:12:39.697 -05:00 [INF] [BalambGarden] [Probe]   +1D0: 60 E9 38 A5 31 02 00 00 00 00 00 00 00 00 00 3A 
2026-08-13 19:12:39.697 -05:00 [INF] [BalambGarden] [Probe]   +1E0: 00 01 00 00 00 00 00 03 C1 55 00 00 00 00 00 00 
2026-08-13 19:12:39.697 -05:00 [INF] [BalambGarden] [Probe]   +1F0: 01 D5 02 5C 00 00 02 5C 02 5C 02 5C 02 5C 00 00 
2026-08-13 19:12:39.697 -05:00 [INF] [BalambGarden] [Probe]   +200: 4E 21 00 A1 01 05 00 01 03 00 07 00 00 00 53 74 
2026-08-13 19:12:39.697 -05:00 [INF] [BalambGarden] [Probe]   +210: B0 28 60 7E F6 7F 00 00 61 63 65 00 00 00 00 32 
2026-08-13 19:12:39.697 -05:00 [INF] [BalambGarden] [Probe] dumped 17 bed objects (220 bytes each)
2026-08-13 19:12:41.008 -05:00 [INF] [BalambGarden] [Probe] furniture vector: 410 entries, object array count: 600
2026-08-13 19:12:41.008 -05:00 [INF] [BalambGarden] [Probe] furniture idx=0 id=65558 stain=70 pos=<-9.0, 0.0, 8.0> dist=4.9y
2026-08-13 19:12:41.008 -05:00 [INF] [BalambGarden] [Probe] furniture idx=1 id=131626 stain=0 pos=<-0.0, 0.0, 4.8> dist=10.5y
2026-08-13 19:12:41.008 -05:00 [INF] [BalambGarden] [Probe] furniture idx=2 id=66219 stain=0 pos=<17.2, -6.0, 0.2> dist=28.4y
2026-08-13 19:12:41.008 -05:00 [INF] [BalambGarden] [Probe] furniture idx=3 id=65805 stain=0 pos=<-18.2, 7.0, 4.4> dist=10.6y
2026-08-13 19:12:41.008 -05:00 [INF] [BalambGarden] [Probe] furniture idx=4 id=66606 stain=0 pos=<0.0, 9.8, -15.1> dist=23.3y
2026-08-13 19:12:41.008 -05:00 [INF] [BalambGarden] [Probe] furniture idx=5 id=66000 stain=0 pos=<0.0, -7.0, -0.0> dist=12.9y
2026-08-13 19:12:41.008 -05:00 [INF] [BalambGarden] [Probe] furniture idx=6 id=66451 stain=0 pos=<-14.4, 9.8, -6.0> dist=14.1y
2026-08-13 19:12:41.008 -05:00 [INF] [BalambGarden] [Probe] furniture idx=7 id=66550 stain=0 pos=<17.8, -7.0, 8.2> dist=29.4y
2026-08-13 19:12:41.008 -05:00 [INF] [BalambGarden] [Probe] furniture idx=8 id=65843 stain=0 pos=<-18.4, 7.0, 10.6> dist=12.9y
2026-08-13 19:12:41.008 -05:00 [INF] [BalambGarden] [Probe] furniture idx=9 id=66632 stain=0 pos=<-16.0, 7.0, 8.0> dist=10.2y
2026-08-13 19:12:41.008 -05:00 [INF] [BalambGarden] [Probe] furniture idx=10 id=66550 stain=0 pos=<17.8, -7.0, -7.8> dist=31.1y
2026-08-13 19:12:41.008 -05:00 [INF] [BalambGarden] [Probe] furniture idx=11 id=66408 stain=59 pos=<4.8, 7.0, 11.2> dist=18.5y
2026-08-13 19:12:41.008 -05:00 [INF] [BalambGarden] [Probe] furniture idx=12 id=66544 stain=0 pos=<8.3, 3.0, -7.8> dist=21.8y
2026-08-13 19:12:41.008 -05:00 [INF] [BalambGarden] [Probe] furniture idx=13 id=66609 stain=0 pos=<13.9, 0.7, 0.6> dist=24.4y
2026-08-13 19:12:41.008 -05:00 [INF] [BalambGarden] [Probe] furniture idx=14 id=66245 stain=0 pos=<17.8, 3.2, 12.0> dist=29.7y
2026-08-13 19:12:41.008 -05:00 [INF] [BalambGarden] [Probe] furniture idx=15 id=66576 stain=11 pos=<14.0, 0.0, -10.8> dist=28.1y
2026-08-13 19:12:41.008 -05:00 [INF] [BalambGarden] [Probe] furniture idx=16 id=67016 stain=0 pos=<13.8, 0.7, 0.0> dist=24.4y
2026-08-13 19:12:41.008 -05:00 [INF] [BalambGarden] [Probe] furniture idx=17 id=66957 stain=0 pos=<9.0, 0.0, -2.2> dist=20.1y
2026-08-13 19:12:41.008 -05:00 [INF] [BalambGarden] [Probe] furniture idx=18 id=67039 stain=0 pos=<-18.7, 7.0, -5.3> dist=13.9y
2026-08-13 19:12:41.008 -05:00 [INF] [BalambGarden] [Probe] furniture idx=19 id=67244 stain=0 pos=<-18.6, 4.0, -3.2> dist=11.2y
2026-08-13 19:12:41.008 -05:00 [INF] [BalambGarden] [Probe] furniture idx=20 id=66408 stain=59 pos=<-8.0, 0.0, -2.0> dist=5.8y
2026-08-13 19:12:41.008 -05:00 [INF] [BalambGarden] [Probe] furniture idx=21 id=66408 stain=59 pos=<8.0, 0.0, -9.4> dist=22.3y
2026-08-13 19:12:41.008 -05:00 [INF] [BalambGarden] [Probe] furniture idx=22 id=66408 stain=59 pos=<8.0, -0.0, -6.0> dist=20.6y
2026-08-13 19:12:41.008 -05:00 [INF] [BalambGarden] [Probe] furniture idx=23 id=66408 stain=59 pos=<-8.0, -0.0, 9.8> dist=7.0y
2026-08-13 19:12:41.008 -05:00 [INF] [BalambGarden] [Probe] furniture idx=24 id=66408 stain=59 pos=<-8.0, 0.0, 6.0> dist=3.6y
2026-08-13 19:12:41.008 -05:00 [INF] [BalambGarden] [Probe] furniture idx=25 id=66408 stain=59 pos=<-8.0, 0.0, 2.0> dist=2.7y
2026-08-13 19:12:41.008 -05:00 [INF] [BalambGarden] [Probe] furniture idx=26 id=66004 stain=0 pos=<-10.4, -0.0, 11.4> dist=8.1y
2026-08-13 19:12:41.008 -05:00 [INF] [BalambGarden] [Probe] furniture idx=27 id=66476 stain=0 pos=<-11.4, 7.7, 7.5> dist=8.8y
2026-08-13 19:12:41.008 -05:00 [INF] [BalambGarden] [Probe] furniture idx=28 id=131279 stain=0 pos=<12.8, 7.0, 11.2> dist=25.5y
2026-08-13 19:12:41.008 -05:00 [INF] [BalambGarden] [Probe] furniture idx=29 id=65555 stain=0 pos=<-8.8, 0.0, 6.3> dist=3.4y
2026-08-13 19:12:41.008 -05:00 [INF] [BalambGarden] [Probe] furniture idx=30 id=65861 stain=0 pos=<-0.0, 0.0, 4.6> dist=10.4y
2026-08-13 19:12:41.008 -05:00 [INF] [BalambGarden] [Probe] furniture idx=31 id=131373 stain=0 pos=<-0.0, 0.0, 4.0> dist=10.4y
2026-08-13 19:12:41.008 -05:00 [INF] [BalambGarden] [Probe] furniture idx=32 id=65842 stain=70 pos=<-8.9, 0.0, 0.3> dist=3.3y
2026-08-13 19:12:41.008 -05:00 [INF] [BalambGarden] [Probe] furniture idx=33 id=65733 stain=0 pos=<-18.4, 0.0, 9.6> dist=10.2y
2026-08-13 19:12:41.008 -05:00 [INF] [BalambGarden] [Probe] furniture idx=34 id=66239 stain=70 pos=<-19.5, -0.0, 1.8> dist=9.3y
2026-08-13 19:12:41.008 -05:00 [INF] [BalambGarden] [Probe] furniture idx=35 id=65921 stain=0 pos=<-19.6, 1.2, 1.3> dist=9.6y
2026-08-13 19:12:41.008 -05:00 [INF] [BalambGarden] [Probe] furniture idx=36 id=65922 stain=0 pos=<-19.6, 2.2, 2.2> dist=9.5y
2026-08-13 19:12:41.008 -05:00 [INF] [BalambGarden] [Probe] furniture idx=37 id=131564 stain=0 pos=<-19.4, 2.7, 2.8> dist=9.5y
2026-08-13 19:12:41.008 -05:00 [INF] [BalambGarden] [Probe] furniture idx=38 id=65628 stain=0 pos=<-19.5, 1.7, 1.7> dist=9.4y
2026-08-13 19:12:41.008 -05:00 [INF] [BalambGarden] [Probe] furniture idx=39 id=66109 stain=0 pos=<10.0, 0.0, -11.4> dist=25.1y
2026-08-13 19:12:41.008 -05:00 [INF] [BalambGarden] [Probe] furniture idx=40 id=65646 stain=0 pos=<-19.6, 0.7, 0.7> dist=9.6y
2026-08-13 19:12:41.008 -05:00 [INF] [BalambGarden] [Probe] furniture idx=41 id=66549 stain=0 pos=<-14.4, 9.0, -6.0> dist=13.5y
2026-08-13 19:12:41.008 -05:00 [INF] [BalambGarden] [Probe] furniture idx=42 id=65556 stain=0 pos=<10.0, 2.8, -12.0> dist=25.6y
2026-08-13 19:12:41.008 -05:00 [INF] [BalambGarden] [Probe] furniture idx=43 id=65548 stain=0 pos=<20.0, 3.2, -2.0> dist=31.0y
2026-08-13 19:12:41.008 -05:00 [INF] [BalambGarden] [Probe] furniture idx=44 id=65557 stain=0 pos=<17.8, 2.8, -12.0> dist=32.1y
2026-08-13 19:12:41.008 -05:00 [INF] [BalambGarden] [Probe] furniture idx=45 id=65997 stain=0 pos=<20.0, 3.0, -9.8> dist=33.2y
2026-08-13 19:12:41.008 -05:00 [INF] [BalambGarden] [Probe] furniture idx=46 id=66147 stain=0 pos=<20.0, 2.8, 9.8> dist=31.2y
2026-08-13 19:12:41.008 -05:00 [INF] [BalambGarden] [Probe] furniture idx=47 id=65885 stain=0 pos=<20.0, 3.0, 2.0> dist=30.5y
2026-08-13 19:12:41.008 -05:00 [INF] [BalambGarden] [Probe] furniture idx=48 id=66125 stain=0 pos=<8.3, 3.2, 7.4> dist=19.3y
2026-08-13 19:12:41.008 -05:00 [INF] [BalambGarden] [Probe] furniture idx=49 id=66365 stain=0 pos=<-10.0, 5.0, -3.1> dist=8.1y
2026-08-13 19:12:41.008 -05:00 [INF] [BalambGarden] [Probe] furniture idx=50 id=66626 stain=0 pos=<10.1, 8.2, -0.1> dist=22.3y
2026-08-13 19:12:41.008 -05:00 [INF] [BalambGarden] [Probe] furniture idx=51 id=67064 stain=0 pos=<1.7, 0.0, 11.3> dist=14.5y
2026-08-13 19:12:41.008 -05:00 [INF] [BalambGarden] [Probe] furniture idx=52 id=67064 stain=0 pos=<-1.7, 0.0, 11.3> dist=11.8y
2026-08-13 19:12:41.008 -05:00 [INF] [BalambGarden] [Probe] furniture idx=53 id=66004 stain=0 pos=<-14.4, -0.0, 11.4> dist=9.1y
2026-08-13 19:12:41.008 -05:00 [INF] [BalambGarden] [Probe] furniture idx=54 id=66004 stain=0 pos=<-18.4, -0.0, 11.4> dist=11.4y
2026-08-13 19:12:41.008 -05:00 [INF] [BalambGarden] [Probe] furniture idx=55 id=66400 stain=59 pos=<-9.2, 7.0, -10.0> dist=15.0y
2026-08-13 19:12:41.008 -05:00 [INF] [BalambGarden] [Probe] furniture idx=56 id=66408 stain=59 pos=<8.0, -0.0, 10.0> dist=19.6y
2026-08-13 19:12:41.008 -05:00 [INF] [BalambGarden] [Probe] furniture idx=57 id=66408 stain=59 pos=<-9.2, 7.0, -6.0> dist=11.7y
2026-08-13 19:12:41.008 -05:00 [INF] [BalambGarden] [Probe] furniture idx=58 id=66408 stain=59 pos=<8.0, 0.0, 6.0> dist=18.6y
2026-08-13 19:12:41.008 -05:00 [INF] [BalambGarden] [Probe] furniture idx=59 id=66844 stain=0 pos=<9.8, 10.2, -6.0> dist=24.4y
2026-08-13 19:12:41.008 -05:00 [INF] [BalambGarden] [Probe] furniture idx=60 id=65931 stain=0 pos=<17.4, 8.0, 3.5> dist=28.8y
2026-08-13 19:12:41.008 -05:00 [INF] [BalambGarden] [Probe] furniture idx=61 id=65905 stain=0 pos=<19.2, 7.0, 5.4> dist=30.5y
2026-08-13 19:12:41.008 -05:00 [INF] [BalambGarden] [Probe] furniture idx=62 id=66408 stain=59 pos=<0.8, 7.0, 11.2> dist=15.4y
2026-08-13 19:12:41.008 -05:00 [INF] [BalambGarden] [Probe] furniture idx=63 id=66509 stain=61 pos=<-17.4, -0.0, 8.2> dist=8.6y
2026-08-13 19:12:41.008 -05:00 [INF] [BalambGarden] [Probe] furniture idx=64 id=590593 stain=0 pos=<-8.6, 0.0, 9.4> dist=6.4y
2026-08-13 19:12:41.008 -05:00 [INF] [BalambGarden] [Probe] furniture idx=65 id=65994 stain=0 pos=<18.2, 0.0, 0.0> dist=28.7y
2026-08-13 19:12:41.008 -05:00 [INF] [BalambGarden] [Probe] furniture idx=66 id=66299 stain=0 pos=<14.0, 0.0, 10.6> dist=25.4y
2026-08-13 19:12:41.008 -05:00 [INF] [BalambGarden] [Probe] furniture idx=67 id=66507 stain=0 pos=<-3.0, 0.0, -4.4> dist=10.6y
2026-08-13 19:12:41.008 -05:00 [INF] [BalambGarden] [Probe] furniture idx=68 id=66400 stain=59 pos=<8.0, -0.0, 0.2> dist=18.6y
2026-08-13 19:12:41.008 -05:00 [INF] [BalambGarden] [Probe] furniture idx=69 id=66408 stain=59 pos=<8.0, 0.0, 3.0> dist=18.4y
2026-08-13 19:12:41.008 -05:00 [INF] [BalambGarden] [Probe] furniture idx=70 id=66408 stain=59 pos=<8.0, -0.0, -2.6> dist=19.3y
2026-08-13 19:12:41.008 -05:00 [INF] [BalambGarden] [Probe] furniture idx=71 id=1691 stain=0 pos=<10.0, 8.2, 0.0> dist=22.2y
2026-08-13 19:12:41.008 -05:00 [INF] [BalambGarden] [Probe] furniture idx=72 id=66623 stain=0 pos=<-14.2, 7.0, -2.9> dist=10.1y
2026-08-13 19:12:41.008 -05:00 [INF] [BalambGarden] [Probe] furniture idx=73 id=66254 stain=0 pos=<-10.8, 7.0, -9.8> dist=14.9y
2026-08-13 19:12:41.008 -05:00 [INF] [BalambGarden] [Probe] furniture idx=74 id=66089 stain=0 pos=<8.9, -0.0, 6.0> dist=19.4y
2026-08-13 19:12:41.008 -05:00 [INF] [BalambGarden] [Probe] furniture idx=75 id=65904 stain=0 pos=<14.0, 4.2, -9.6> dist=27.9y
2026-08-13 19:12:41.008 -05:00 [INF] [BalambGarden] [Probe] furniture idx=76 id=65855 stain=0 pos=<3.0, 3.0, 12.0> dist=16.2y
2026-08-13 19:12:41.008 -05:00 [INF] [BalambGarden] [Probe] furniture idx=77 id=65855 stain=0 pos=<-3.0, 3.0, 12.0> dist=11.8y
2026-08-13 19:12:41.008 -05:00 [INF] [BalambGarden] [Probe] furniture idx=78 id=65737 stain=0 pos=<-14.0, 0.0, 7.2> dist=5.4y
2026-08-13 19:12:41.008 -05:00 [INF] [BalambGarden] [Probe] furniture idx=79 id=65593 stain=0 pos=<-10.8, 7.0, -6.0> dist=11.6y
2026-08-13 19:12:41.008 -05:00 [INF] [BalambGarden] [Probe] furniture idx=80 id=65593 stain=0 pos=<-10.8, 7.0, -2.0> dist=8.8y
2026-08-13 19:12:41.008 -05:00 [INF] [BalambGarden] [Probe] furniture idx=81 id=65593 stain=0 pos=<-10.8, 7.0, 2.0> dist=7.1y
2026-08-13 19:12:41.008 -05:00 [INF] [BalambGarden] [Probe] furniture idx=82 id=65593 stain=0 pos=<-10.8, 7.0, 6.0> dist=7.5y
2026-08-13 19:12:41.008 -05:00 [INF] [BalambGarden] [Probe] furniture idx=83 id=65593 stain=0 pos=<-10.8, 7.0, 10.0> dist=9.7y
2026-08-13 19:12:41.008 -05:00 [INF] [BalambGarden] [Probe] furniture idx=84 id=66579 stain=0 pos=<-14.0, 4.6, -12.0> dist=16.3y
2026-08-13 19:12:41.008 -05:00 [INF] [BalambGarden] [Probe] furniture idx=85 id=66507 stain=0 pos=<3.0, 0.0, -4.3> dist=15.3y
2026-08-13 19:12:41.008 -05:00 [INF] [BalambGarden] [Probe] furniture idx=86 id=65693 stain=0 pos=<-12.2, 7.0, 3.0> dist=7.2y
2026-08-13 19:12:41.008 -05:00 [INF] [BalambGarden] [Probe] furniture idx=87 id=65693 stain=0 pos=<-12.2, 7.0, 1.4> dist=7.5y
2026-08-13 19:12:41.008 -05:00 [INF] [BalambGarden] [Probe] furniture idx=88 id=65686 stain=0 pos=<-11.6, 7.0, 2.2> dist=7.2y
2026-08-13 19:12:41.008 -05:00 [INF] [BalambGarden] [Probe] furniture idx=89 id=67065 stain=0 pos=<-19.3, 7.0, 7.2> dist=12.0y
2026-08-13 19:12:41.008 -05:00 [INF] [BalambGarden] [Probe] furniture idx=90 id=66578 stain=0 pos=<-14.0, 9.0, -5.2> dist=12.9y
2026-08-13 19:12:41.008 -05:00 [INF] [BalambGarden] [Probe] furniture idx=91 id=66731 stain=59 pos=<-14.2, 7.0, -10.0> dist=15.5y
2026-08-13 19:12:41.008 -05:00 [INF] [BalambGarden] [Probe] furniture idx=92 id=131475 stain=0 pos=<-17.0, 7.0, -7.6> dist=14.5y
2026-08-13 19:12:41.008 -05:00 [INF] [BalambGarden] [Probe] furniture idx=93 id=66239 stain=0 pos=<-11.4, 7.0, 8.0> dist=8.5y
2026-08-13 19:12:41.008 -05:00 [INF] [BalambGarden] [Probe] furniture idx=94 id=65739 stain=0 pos=<-19.2, 7.0, 6.0> dist=11.6y
2026-08-13 19:12:41.008 -05:00 [INF] [BalambGarden] [Probe] furniture idx=95 id=131184 stain=0 pos=<-15.4, 7.0, -10.4> dist=16.2y
2026-08-13 19:12:41.008 -05:00 [INF] [BalambGarden] [Probe] furniture idx=96 id=66400 stain=59 pos=<-16.4, 7.0, -3.8> dist=11.6y
2026-08-13 19:12:41.008 -05:00 [INF] [BalambGarden] [Probe] furniture idx=97 id=65805 stain=0 pos=<-12.2, 7.0, 4.4> dist=7.3y
2026-08-13 19:12:41.008 -05:00 [INF] [BalambGarden] [Probe] furniture idx=98 id=131185 stain=0 pos=<-11.6, 7.0, -0.2> dist=7.9y
2026-08-13 19:12:41.008 -05:00 [INF] [BalambGarden] [Probe] furniture idx=99 id=656131 stain=0 pos=<17.9, 7.0, -5.5> dist=30.4y
2026-08-13 19:12:41.008 -05:00 [INF] [BalambGarden] [Probe] furniture idx=100 id=66408 stain=59 pos=<-3.2, 7.0, 11.2> dist=12.8y
2026-08-13 19:12:41.008 -05:00 [INF] [BalambGarden] [Probe] furniture idx=101 id=66673 stain=0 pos=<-14.4, 9.0, -10.8> dist=17.2y
2026-08-13 19:12:41.008 -05:00 [INF] [BalambGarden] [Probe] furniture idx=102 id=66551 stain=0 pos=<-20.0, 4.0, 2.6> dist=10.5y
2026-08-13 19:12:41.008 -05:00 [INF] [BalambGarden] [Probe] furniture idx=103 id=65913 stain=0 pos=<13.8, 0.0, 0.0> dist=24.4y
2026-08-13 19:12:41.008 -05:00 [INF] [BalambGarden] [Probe] furniture idx=104 id=66739 stain=0 pos=<13.8, 0.7, 1.4> dist=24.3y
2026-08-13 19:12:41.008 -05:00 [INF] [BalambGarden] [Probe] furniture idx=105 id=66894 stain=0 pos=<14.8, 7.0, -8.0> dist=28.4y
2026-08-13 19:12:41.008 -05:00 [INF] [BalambGarden] [Probe] furniture idx=106 id=66610 stain=0 pos=<-13.4, -7.0, -7.4> dist=13.1y
2026-08-13 19:12:41.008 -05:00 [INF] [BalambGarden] [Probe] furniture idx=107 id=66610 stain=0 pos=<-11.2, -7.0, -9.2> dist=14.3y
2026-08-13 19:12:41.008 -05:00 [INF] [BalambGarden] [Probe] furniture idx=108 id=131531 stain=0 pos=<-9.0, 0.0, 10.4> dist=7.3y
2026-08-13 19:12:41.008 -05:00 [INF] [BalambGarden] [Probe] furniture idx=109 id=65638 stain=0 pos=<-11.1, 11.0, -2.0> dist=12.2y
2026-08-13 19:12:41.008 -05:00 [INF] [BalambGarden] [Probe] furniture idx=110 id=65638 stain=0 pos=<-11.0, 11.0, 10.0> dist=12.9y
2026-08-13 19:12:41.008 -05:00 [INF] [BalambGarden] [Probe] furniture idx=111 id=65638 stain=0 pos=<-11.0, 11.0, 2.0> dist=11.1y
2026-08-13 19:12:41.008 -05:00 [INF] [BalambGarden] [Probe] furniture idx=112 id=65638 stain=0 pos=<-11.1, 11.0, -6.0> dist=14.4y
2026-08-13 19:12:41.008 -05:00 [INF] [BalambGarden] [Probe] furniture idx=113 id=67245 stain=0 pos=<-16.4, 5.4, -3.1> dist=10.3y
2026-08-13 19:12:41.008 -05:00 [INF] [BalambGarden] [Probe] furniture idx=114 id=67247 stain=0 pos=<-8.2, 1.3, 10.0> dist=7.2y
2026-08-13 19:12:41.008 -05:00 [INF] [BalambGarden] [Probe] furniture idx=115 id=67246 stain=0 pos=<-18.8, 2.1, -1.6> dist=9.9y
2026-08-13 19:12:41.008 -05:00 [INF] [BalambGarden] [Probe] furniture idx=116 id=67250 stain=0 pos=<-14.4, 5.4, -3.1> dist=9.3y
2026-08-13 19:12:41.008 -05:00 [INF] [BalambGarden] [Probe] furniture idx=117 id=66064 stain=70 pos=<-20.0, 2.0, 7.4> dist=10.7y
2026-08-13 19:12:41.008 -05:00 [INF] [BalambGarden] [Probe] furniture idx=118 id=66064 stain=70 pos=<-20.0, 2.0, 4.7> dist=10.0y
2026-08-13 19:12:41.008 -05:00 [INF] [BalambGarden] [Probe] furniture idx=119 id=66137 stain=0 pos=<-20.0, 4.0, -1.8> dist=11.6y
2026-08-13 19:12:41.008 -05:00 [INF] [BalambGarden] [Probe] furniture idx=120 id=66026 stain=0 pos=<-8.2, 4.0, 6.3> dist=5.4y
2026-08-13 19:12:41.008 -05:00 [INF] [BalambGarden] [Probe] furniture idx=121 id=65972 stain=0 pos=<-8.2, 3.0, 2.1> dist=3.8y
2026-08-13 19:12:41.008 -05:00 [INF] [BalambGarden] [Probe] furniture idx=122 id=66139 stain=0 pos=<-8.2, 3.0, -1.9> dist=6.3y
2026-08-13 19:12:41.008 -05:00 [INF] [BalambGarden] [Probe] furniture idx=123 id=66072 stain=0 pos=<-20.0, 3.4, 1.2> dist=10.4y
2026-08-13 19:12:41.008 -05:00 [INF] [BalambGarden] [Probe] furniture idx=124 id=65675 stain=0 pos=<-16.4, 0.0, -1.2> dist=7.5y
2026-08-13 19:12:41.008 -05:00 [INF] [BalambGarden] [Probe] furniture idx=125 id=65685 stain=0 pos=<-19.4, 7.0, 3.4> dist=11.4y
2026-08-13 19:12:41.008 -05:00 [INF] [BalambGarden] [Probe] furniture idx=126 id=65981 stain=0 pos=<-9.0, 0.0, 5.2> dist=2.4y
2026-08-13 19:12:41.008 -05:00 [INF] [BalambGarden] [Probe] furniture idx=127 id=65981 stain=0 pos=<-9.0, 0.0, 3.0> dist=1.4y
2026-08-13 19:12:41.008 -05:00 [INF] [BalambGarden] [Probe] furniture idx=128 id=65981 stain=0 pos=<-9.0, 0.0, 3.0> dist=1.4y
2026-08-13 19:12:41.008 -05:00 [INF] [BalambGarden] [Probe] furniture idx=129 id=65981 stain=0 pos=<-9.8, 0.0, 4.2> dist=1.1y
2026-08-13 19:12:41.008 -05:00 [INF] [BalambGarden] [Probe] furniture idx=130 id=66610 stain=0 pos=<-15.4, -7.0, -5.2> dist=12.1y
2026-08-13 19:12:41.008 -05:00 [INF] [BalambGarden] [Probe] furniture idx=131 id=65578 stain=0 pos=<-14.8, 7.0, 1.0> dist=8.6y
2026-08-13 19:12:41.008 -05:00 [INF] [BalambGarden] [Probe] furniture idx=132 id=65583 stain=0 pos=<-16.2, 7.0, 8.2> dist=10.4y
2026-08-13 19:12:41.008 -05:00 [INF] [BalambGarden] [Probe] furniture idx=133 id=66611 stain=0 pos=<-15.2, -0.8, -5.4> dist=9.9y
2026-08-13 19:12:41.008 -05:00 [INF] [BalambGarden] [Probe] furniture idx=134 id=66610 stain=0 pos=<-15.4, -7.0, -1.2> dist=9.7y
2026-08-13 19:12:41.008 -05:00 [INF] [BalambGarden] [Probe] furniture idx=135 id=66042 stain=0 pos=<-19.2, 7.0, -5.7> dist=14.4y
2026-08-13 19:12:41.008 -05:00 [INF] [BalambGarden] [Probe] furniture idx=136 id=66610 stain=0 pos=<-15.4, -7.0, 2.8> dist=8.6y
2026-08-13 19:12:41.008 -05:00 [INF] [BalambGarden] [Probe] furniture idx=137 id=66610 stain=0 pos=<10.8, -7.0, -11.4> dist=26.7y
2026-08-13 19:12:41.008 -05:00 [INF] [BalambGarden] [Probe] furniture idx=138 id=66610 stain=0 pos=<6.8, -7.0, -11.4> dist=23.6y
2026-08-13 19:12:41.008 -05:00 [INF] [BalambGarden] [Probe] furniture idx=139 id=66610 stain=0 pos=<2.8, -7.0, -11.4> dist=20.9y
2026-08-13 19:12:41.008 -05:00 [INF] [BalambGarden] [Probe] furniture idx=140 id=66956 stain=0 pos=<-15.0, 3.8, -3.1> dist=8.7y
2026-08-13 19:12:41.008 -05:00 [INF] [BalambGarden] [Probe] furniture idx=141 id=66610 stain=0 pos=<-1.2, -7.0, -11.4> dist=18.6y
2026-08-13 19:12:41.008 -05:00 [INF] [BalambGarden] [Probe] furniture idx=142 id=66610 stain=0 pos=<-15.4, -7.0, 6.8> dist=9.3y
2026-08-13 19:12:41.008 -05:00 [INF] [BalambGarden] [Probe] furniture idx=143 id=66477 stain=0 pos=<-19.5, 0.7, 2.2> dist=9.2y
2026-08-13 19:12:41.008 -05:00 [INF] [BalambGarden] [Probe] furniture idx=144 id=65645 stain=0 pos=<13.9, 0.7, -0.6> dist=24.5y
2026-08-13 19:12:41.008 -05:00 [INF] [BalambGarden] [Probe] furniture idx=145 id=65676 stain=0 pos=<0.0, -7.0, -0.0> dist=12.9y
2026-08-13 19:12:41.008 -05:00 [INF] [BalambGarden] [Probe] furniture idx=146 id=65595 stain=0 pos=<14.2, 0.0, 6.2> dist=24.7y
2026-08-13 19:12:41.008 -05:00 [INF] [BalambGarden] [Probe] furniture idx=147 id=66719 stain=0 pos=<-14.0, 7.0, 11.0> dist=11.1y
2026-08-13 19:12:41.008 -05:00 [INF] [BalambGarden] [Probe] furniture idx=148 id=66808 stain=0 pos=<8.3, 3.2, 5.8> dist=19.1y
2026-08-13 19:12:41.008 -05:00 [INF] [BalambGarden] [Probe] furniture idx=149 id=66321 stain=0 pos=<-7.8, 5.2, 5.0> dist=6.1y
2026-08-13 19:12:41.008 -05:00 [INF] [BalambGarden] [Probe] furniture idx=150 id=66098 stain=0 pos=<10.0, -0.0, 10.2> dist=21.5y
2026-08-13 19:12:41.008 -05:00 [INF] [BalambGarden] [Probe] furniture idx=151 id=65942 stain=0 pos=<13.8, -0.0, -4.6> dist=25.4y
2026-08-13 19:12:41.008 -05:00 [INF] [BalambGarden] [Probe] furniture idx=152 id=65942 stain=0 pos=<13.8, 0.0, 4.4> dist=24.2y
2026-08-13 19:12:41.008 -05:00 [INF] [BalambGarden] [Probe] furniture idx=153 id=65805 stain=0 pos=<10.2, 0.0, -9.8> dist=24.4y
2026-08-13 19:12:41.008 -05:00 [INF] [BalambGarden] [Probe] furniture idx=154 id=65805 stain=0 pos=<18.0, -0.0, -9.8> dist=31.2y
2026-08-13 19:12:41.008 -05:00 [INF] [BalambGarden] [Probe] furniture idx=155 id=66601 stain=0 pos=<-20.0, 2.1, 9.6> dist=11.7y
2026-08-13 19:12:41.008 -05:00 [INF] [BalambGarden] [Probe] furniture idx=156 id=66610 stain=0 pos=<-9.2, -7.0, -11.4> dist=16.3y
2026-08-13 19:12:41.008 -05:00 [INF] [BalambGarden] [Probe] furniture idx=157 id=66611 stain=0 pos=<-15.6, -0.7, -1.7> dist=7.3y
2026-08-13 19:12:41.008 -05:00 [INF] [BalambGarden] [Probe] furniture idx=158 id=66610 stain=0 pos=<-5.2, -7.0, -11.4> dist=17.0y
2026-08-13 19:12:41.008 -05:00 [INF] [BalambGarden] [Probe] furniture idx=159 id=66610 stain=0 pos=<14.2, -7.0, 11.4> dist=26.8y
2026-08-13 19:12:41.008 -05:00 [INF] [BalambGarden] [Probe] furniture idx=160 id=66580 stain=0 pos=<-11.5, 9.7, 7.0> dist=10.5y
2026-08-13 19:12:41.008 -05:00 [INF] [BalambGarden] [Probe] furniture idx=161 id=66206 stain=0 pos=<-9.8, 0.0, -1.6> dist=4.9y
2026-08-13 19:12:41.008 -05:00 [INF] [BalambGarden] [Probe] furniture idx=162 id=66494 stain=0 pos=<-20.0, 4.4, 5.9> dist=10.9y
2026-08-13 19:12:41.008 -05:00 [INF] [BalambGarden] [Probe] furniture idx=163 id=66493 stain=0 pos=<-20.0, 4.2, 4.8> dist=10.7y
2026-08-13 19:12:41.008 -05:00 [INF] [BalambGarden] [Probe] furniture idx=164 id=66493 stain=0 pos=<-20.0, 4.2, 7.1> dist=11.2y
2026-08-13 19:12:41.008 -05:00 [INF] [BalambGarden] [Probe] furniture idx=165 id=66219 stain=0 pos=<18.2, -6.0, -7.4> dist=31.1y
2026-08-13 19:12:41.008 -05:00 [INF] [BalambGarden] [Probe] furniture idx=166 id=66219 stain=0 pos=<18.6, -6.0, 7.4> dist=29.9y
2026-08-13 19:12:41.008 -05:00 [INF] [BalambGarden] [Probe] furniture idx=167 id=66550 stain=0 pos=<17.8, -7.0, 0.2> dist=29.2y
2026-08-13 19:12:41.008 -05:00 [INF] [BalambGarden] [Probe] furniture idx=168 id=66671 stain=0 pos=<19.2, 7.0, -0.0> dist=30.5y
2026-08-13 19:12:41.008 -05:00 [INF] [BalambGarden] [Probe] furniture idx=169 id=1569 stain=0 pos=<14.8, 8.3, 2.0> dist=26.5y
2026-08-13 19:12:41.008 -05:00 [INF] [BalambGarden] [Probe] furniture idx=170 id=66759 stain=0 pos=<-13.8, 11.2, 12.0> dist=14.6y
2026-08-13 19:12:41.008 -05:00 [INF] [BalambGarden] [Probe] furniture idx=171 id=66408 stain=59 pos=<-7.2, 7.0, 11.2> dist=11.0y
2026-08-13 19:12:41.008 -05:00 [INF] [BalambGarden] [Probe] furniture idx=172 id=66808 stain=0 pos=<8.3, 3.2, 9.0> dist=19.7y
2026-08-13 19:12:41.008 -05:00 [INF] [BalambGarden] [Probe] furniture idx=173 id=66408 stain=59 pos=<-9.2, 7.0, -2.0> dist=8.8y
2026-08-13 19:12:41.008 -05:00 [INF] [BalambGarden] [Probe] furniture idx=174 id=66408 stain=59 pos=<-9.2, 7.0, 2.0> dist=7.2y
2026-08-13 19:12:41.008 -05:00 [INF] [BalambGarden] [Probe] furniture idx=175 id=66408 stain=59 pos=<-9.2, 7.0, 6.0> dist=7.6y
2026-08-13 19:12:41.008 -05:00 [INF] [BalambGarden] [Probe] furniture idx=176 id=66408 stain=59 pos=<-9.2, 7.0, 10.0> dist=9.8y
2026-08-13 19:12:41.008 -05:00 [INF] [BalambGarden] [Probe] furniture idx=177 id=66360 stain=0 pos=<-19.4, -7.0, 10.8> dist=13.7y
2026-08-13 19:12:41.008 -05:00 [INF] [BalambGarden] [Probe] furniture idx=178 id=66610 stain=0 pos=<6.2, -7.0, 11.4> dist=19.7y
2026-08-13 19:12:41.008 -05:00 [INF] [BalambGarden] [Probe] furniture idx=179 id=66610 stain=0 pos=<2.2, -7.0, 11.4> dist=16.5y
2026-08-13 19:12:41.008 -05:00 [INF] [BalambGarden] [Probe] furniture idx=180 id=66610 stain=0 pos=<10.2, -7.0, 11.4> dist=23.2y
2026-08-13 19:12:41.008 -05:00 [INF] [BalambGarden] [Probe] furniture idx=181 id=66610 stain=0 pos=<18.2, -7.0, 11.4> dist=30.5y
2026-08-13 19:12:41.008 -05:00 [INF] [BalambGarden] [Probe] furniture idx=182 id=66610 stain=0 pos=<-1.8, -7.0, 11.4> dist=13.7y
2026-08-13 19:12:41.008 -05:00 [INF] [BalambGarden] [Probe] furniture idx=183 id=66610 stain=0 pos=<-5.8, -7.0, 11.4> dist=11.7y
2026-08-13 19:12:41.008 -05:00 [INF] [BalambGarden] [Probe] furniture idx=184 id=66610 stain=0 pos=<-9.8, -7.0, 11.4> dist=10.8y
2026-08-13 19:12:41.008 -05:00 [INF] [BalambGarden] [Probe] furniture idx=185 id=66610 stain=0 pos=<-13.8, -7.0, 11.4> dist=11.3y
2026-08-13 19:12:41.008 -05:00 [INF] [BalambGarden] [Probe] furniture idx=186 id=66610 stain=0 pos=<-17.8, -7.0, 11.4> dist=13.1y
2026-08-13 19:12:41.008 -05:00 [INF] [BalambGarden] [Probe] furniture idx=187 id=66610 stain=0 pos=<18.8, -7.0, -11.4> dist=33.4y
2026-08-13 19:12:41.008 -05:00 [INF] [BalambGarden] [Probe] furniture idx=188 id=66610 stain=0 pos=<14.8, -7.0, -11.4> dist=29.9y
2026-08-13 19:12:41.008 -05:00 [INF] [BalambGarden] [Probe] furniture idx=189 id=66611 stain=0 pos=<-15.6, -0.7, 2.3> dist=5.4y
2026-08-13 19:12:41.008 -05:00 [INF] [BalambGarden] [Probe] furniture idx=190 id=66611 stain=0 pos=<-15.6, -0.7, 6.5> dist=6.2y
2026-08-13 19:12:41.008 -05:00 [INF] [BalambGarden] [Probe] furniture idx=191 id=66611 stain=0 pos=<-18.4, -0.7, 11.6> dist=11.7y
2026-08-13 19:12:41.008 -05:00 [INF] [BalambGarden] [Probe] furniture idx=192 id=66161 stain=0 pos=<8.2, 4.8, 0.1> dist=19.5y
2026-08-13 19:12:41.008 -05:00 [INF] [BalambGarden] [Probe] furniture idx=193 id=66637 stain=0 pos=<-17.8, 7.0, -11.4> dist=17.9y
2026-08-13 19:12:41.008 -05:00 [INF] [BalambGarden] [Probe] furniture idx=194 id=65757 stain=0 pos=<-11.4, 8.2, 8.5> dist=9.8y
2026-08-13 19:12:41.008 -05:00 [INF] [BalambGarden] [Probe] furniture idx=195 id=65984 stain=0 pos=<-11.4, 7.7, 9.0> dist=9.6y
2026-08-13 19:12:41.008 -05:00 [INF] [BalambGarden] [Probe] furniture idx=196 id=131553 stain=0 pos=<-11.5, 8.7, 8.0> dist=10.0y
2026-08-13 19:12:41.008 -05:00 [INF] [BalambGarden] [Probe] furniture idx=197 id=66668 stain=0 pos=<-15.8, 7.0, -11.0> dist=16.8y
2026-08-13 19:12:41.008 -05:00 [INF] [BalambGarden] [Probe] furniture idx=198 id=66408 stain=59 pos=<7.8, 7.0, 11.2> dist=21.0y
2026-08-13 19:12:41.008 -05:00 [INF] [BalambGarden] [Probe] furniture idx=199 id=65912 stain=0 pos=<-5.6, 7.0, -13.6> dist=18.9y
2026-08-13 19:12:41.008 -05:00 [INF] [BalambGarden] [Probe] furniture idx=200 id=67027 stain=0 pos=<10.0, 0.6, 10.2> dist=21.5y
2026-08-13 19:12:41.008 -05:00 [INF] [BalambGarden] [Probe] furniture idx=201 id=66574 stain=0 pos=<0.7, 8.8, 10.9> dist=16.0y
2026-08-13 19:12:41.008 -05:00 [INF] [BalambGarden] [Probe] furniture idx=202 id=65985 stain=70 pos=<-14.4, 8.1, -6.0> dist=13.0y
2026-08-13 19:12:41.008 -05:00 [INF] [BalambGarden] [Probe] furniture idx=203 id=65733 stain=0 pos=<-18.4, 0.0, 6.8> dist=8.8y
2026-08-13 19:12:41.008 -05:00 [INF] [BalambGarden] [Probe] furniture idx=204 id=66619 stain=0 pos=<-18.6, 0.1, -0.4> dist=9.0y
2026-08-13 19:12:41.008 -05:00 [INF] [BalambGarden] [Probe] furniture idx=205 id=65739 stain=0 pos=<-18.8, 0.0, 8.2> dist=9.8y
2026-08-13 19:12:41.008 -05:00 [INF] [BalambGarden] [Probe] furniture idx=206 id=66676 stain=0 pos=<10.8, 10.0, 12.0> dist=25.0y
2026-08-13 19:12:41.008 -05:00 [INF] [BalambGarden] [Probe] furniture idx=207 id=66680 stain=0 pos=<2.6, -7.0, -10.7> dist=20.3y
2026-08-13 19:12:41.008 -05:00 [INF] [BalambGarden] [Probe] furniture idx=208 id=66163 stain=0 pos=<-18.4, 7.0, 10.6> dist=12.9y
2026-08-13 19:12:41.008 -05:00 [INF] [BalambGarden] [Probe] furniture idx=209 id=1129 stain=0 pos=<0.8, -6.2, -1.3> dist=13.5y
2026-08-13 19:12:41.008 -05:00 [INF] [BalambGarden] [Probe] furniture idx=210 id=1129 stain=0 pos=<0.7, -6.2, 1.3> dist=12.9y
2026-08-13 19:12:41.008 -05:00 [INF] [BalambGarden] [Probe] furniture idx=211 id=131343 stain=0 pos=<5.6, 7.0, -13.6> dist=24.2y
2026-08-13 19:12:41.008 -05:00 [INF] [BalambGarden] [Probe] furniture idx=212 id=66622 stain=0 pos=<-19.2, 7.0, -10.2> dist=17.6y
2026-08-13 19:12:41.008 -05:00 [INF] [BalambGarden] [Probe] furniture idx=213 id=66822 stain=0 pos=<0.0, 12.3, -15.1> dist=24.4y
2026-08-13 19:12:41.008 -05:00 [INF] [BalambGarden] [Probe] furniture idx=214 id=65906 stain=0 pos=<-8.8, 0.0, 2.0> dist=2.0y
2026-08-13 19:12:41.008 -05:00 [INF] [BalambGarden] [Probe] furniture idx=215 id=66608 stain=0 pos=<9.0, 0.0, -9.0> dist=22.9y
2026-08-13 19:12:41.008 -05:00 [INF] [BalambGarden] [Probe] furniture idx=216 id=66560 stain=0 pos=<-11.8, 7.0, 10.4> dist=10.1y
2026-08-13 19:12:41.008 -05:00 [INF] [BalambGarden] [Probe] furniture idx=217 id=66383 stain=0 pos=<-19.2, 7.0, -4.6> dist=13.7y
2026-08-13 19:12:41.008 -05:00 [INF] [BalambGarden] [Probe] furniture idx=218 id=131895 stain=0 pos=<19.2, 0.0, -9.2> dist=32.1y
2026-08-13 19:12:41.008 -05:00 [INF] [BalambGarden] [Probe] furniture idx=219 id=66400 stain=59 pos=<-8.0, -0.0, -6.2> dist=9.7y
2026-08-13 19:12:41.008 -05:00 [INF] [BalambGarden] [Probe] furniture idx=220 id=66589 stain=0 pos=<-11.4, 9.2, 7.5> dist=10.2y
2026-08-13 19:12:41.008 -05:00 [INF] [BalambGarden] [Probe] furniture idx=221 id=65808 stain=0 pos=<-14.0, -7.0, 0.2> dist=8.5y
2026-08-13 19:12:41.008 -05:00 [INF] [BalambGarden] [Probe] furniture idx=222 id=66839 stain=0 pos=<12.8, -0.0, -9.6> dist=26.4y
2026-08-13 19:12:41.008 -05:00 [INF] [BalambGarden] [Probe] furniture idx=223 id=66839 stain=0 pos=<16.0, -6.0, -3.8> dist=27.9y
2026-08-13 19:12:41.008 -05:00 [INF] [BalambGarden] [Probe] furniture idx=224 id=66839 stain=0 pos=<16.0, -6.0, 4.2> dist=27.0y
2026-08-13 19:12:41.008 -05:00 [INF] [BalambGarden] [Probe] furniture idx=225 id=66839 stain=0 pos=<-19.0, 7.0, -10.8> dist=17.9y
2026-08-13 19:12:41.008 -05:00 [INF] [BalambGarden] [Probe] furniture idx=226 id=67206 stain=0 pos=<-18.6, 5.4, -3.2> dist=11.8y
2026-08-13 19:12:41.008 -05:00 [INF] [BalambGarden] [Probe] furniture idx=227 id=66587 stain=0 pos=<5.0, 0.0, -7.4> dist=18.7y
2026-08-13 19:12:41.008 -05:00 [INF] [BalambGarden] [Probe] furniture idx=228 id=66408 stain=59 pos=<-8.0, -0.0, -10.2> dist=13.7y
2026-08-13 19:12:41.008 -05:00 [INF] [BalambGarden] [Probe] furniture idx=229 id=66047 stain=0 pos=<-18.2, 7.0, -4.0> dist=12.8y
2026-08-13 19:12:41.008 -05:00 [INF] [BalambGarden] [Probe] furniture idx=230 id=66387 stain=0 pos=<-19.0, 7.0, -5.2> dist=14.0y
2026-08-13 19:12:41.008 -05:00 [INF] [BalambGarden] [Probe] furniture idx=231 id=65730 stain=0 pos=<-18.2, 7.0, -4.2> dist=12.9y
2026-08-13 19:12:41.008 -05:00 [INF] [BalambGarden] [Probe] furniture idx=232 id=66321 stain=0 pos=<-18.5, 11.2, -12.0> dist=20.6y
2026-08-13 19:12:41.008 -05:00 [INF] [BalambGarden] [Probe] furniture idx=233 id=66574 stain=0 pos=<5.2, 8.8, 10.9> dist=19.5y
2026-08-13 19:12:41.008 -05:00 [INF] [BalambGarden] [Probe] furniture idx=234 id=65738 stain=0 pos=<-20.0, 4.2, 9.6> dist=12.3y
2026-08-13 19:12:41.008 -05:00 [INF] [BalambGarden] [Probe] furniture idx=235 id=66620 stain=0 pos=<-17.0, 7.0, 7.6> dist=10.6y
2026-08-13 19:12:41.008 -05:00 [INF] [BalambGarden] [Probe] furniture idx=236 id=66198 stain=0 pos=<-18.8, 7.0, -4.2> dist=13.3y
2026-08-13 19:12:41.008 -05:00 [INF] [BalambGarden] [Probe] furniture idx=237 id=66608 stain=0 pos=<-13.0, 0.0, -2.8> dist=6.6y
2026-08-13 19:12:41.008 -05:00 [INF] [BalambGarden] [Probe] furniture idx=238 id=66642 stain=0 pos=<-16.8, 0.0, -2.6> dist=8.7y
2026-08-13 19:12:41.008 -05:00 [INF] [BalambGarden] [Probe] furniture idx=239 id=66561 stain=0 pos=<-12.0, 7.0, 5.6> dist=7.6y
2026-08-13 19:12:41.008 -05:00 [INF] [BalambGarden] [Probe] furniture idx=240 id=66246 stain=0 pos=<10.0, 3.2, 12.0> dist=22.4y
2026-08-13 19:12:41.008 -05:00 [INF] [BalambGarden] [Probe] furniture idx=241 id=66744 stain=0 pos=<-10.0, 4.6, -12.0> dist=15.9y
2026-08-13 19:12:41.008 -05:00 [INF] [BalambGarden] [Probe] furniture idx=242 id=66903 stain=0 pos=<-12.6, 5.5, -3.1> dist=8.7y
2026-08-13 19:12:41.008 -05:00 [INF] [BalambGarden] [Probe] furniture idx=243 id=66744 stain=0 pos=<-11.1, 11.0, 5.9> dist=11.3y
2026-08-13 19:12:41.008 -05:00 [INF] [BalambGarden] [Probe] furniture idx=244 id=66743 stain=0 pos=<-17.8, 4.6, -12.0> dist=17.6y
2026-08-13 19:12:41.008 -05:00 [INF] [BalambGarden] [Probe] furniture idx=245 id=66754 stain=0 pos=<-20.0, 1.6, -1.2> dist=10.7y
2026-08-13 19:12:41.008 -05:00 [INF] [BalambGarden] [Probe] furniture idx=246 id=66739 stain=0 pos=<13.8, 0.7, -1.4> dist=24.6y
2026-08-13 19:12:41.008 -05:00 [INF] [BalambGarden] [Probe] furniture idx=247 id=66438 stain=0 pos=<-19.4, 0.0, 10.6> dist=11.6y
2026-08-13 19:12:41.008 -05:00 [INF] [BalambGarden] [Probe] furniture idx=248 id=66741 stain=0 pos=<-1.6, -6.2, 0.0> dist=11.2y
2026-08-13 19:12:41.008 -05:00 [INF] [BalambGarden] [Probe] furniture idx=249 id=66809 stain=0 pos=<-20.0, 4.6, -6.0> dist=14.1y
2026-08-13 19:12:41.008 -05:00 [INF] [BalambGarden] [Probe] furniture idx=250 id=66317 stain=0 pos=<-8.3, 5.4, 5.8> dist=6.3y
2026-08-13 19:12:41.008 -05:00 [INF] [BalambGarden] [Probe] furniture idx=251 id=66898 stain=0 pos=<-0.0, 5.0, -13.8> dist=20.6y
2026-08-13 19:12:41.008 -05:00 [INF] [BalambGarden] [Probe] furniture idx=252 id=66844 stain=0 pos=<9.8, 10.2, 6.0> dist=22.8y
2026-08-13 19:12:41.008 -05:00 [INF] [BalambGarden] [Probe] furniture idx=253 id=66886 stain=0 pos=<10.2, 0.0, 9.4> dist=21.5y
2026-08-13 19:12:41.008 -05:00 [INF] [BalambGarden] [Probe] furniture idx=254 id=66886 stain=0 pos=<-13.0, -7.0, 0.2> dist=8.1y
2026-08-13 19:12:41.008 -05:00 [INF] [BalambGarden] [Probe] furniture idx=255 id=66886 stain=0 pos=<17.7, 0.0, 9.7> dist=28.8y
2026-08-13 19:12:41.008 -05:00 [INF] [BalambGarden] [Probe] furniture idx=256 id=66574 stain=0 pos=<-4.0, 8.8, 10.9> dist=13.3y
2026-08-13 19:12:41.008 -05:00 [INF] [BalambGarden] [Probe] furniture idx=257 id=66902 stain=0 pos=<-8.2, 2.6, 5.5> dist=4.0y
2026-08-13 19:12:41.008 -05:00 [INF] [BalambGarden] [Probe] furniture idx=258 id=66287 stain=0 pos=<-14.1, 8.1, -10.0> dist=16.0y
2026-08-13 19:12:41.008 -05:00 [INF] [BalambGarden] [Probe] furniture idx=259 id=66408 stain=59 pos=<-19.2, 7.0, -3.8> dist=13.3y
2026-08-13 19:12:41.008 -05:00 [INF] [BalambGarden] [Probe] furniture idx=260 id=65597 stain=0 pos=<-17.8, 7.0, 0.6> dist=10.6y
2026-08-13 19:12:41.008 -05:00 [INF] [BalambGarden] [Probe] furniture idx=261 id=65940 stain=0 pos=<-18.6, 7.0, -2.0> dist=12.0y
2026-08-13 19:12:41.008 -05:00 [INF] [BalambGarden] [Probe] furniture idx=262 id=66509 stain=61 pos=<19.2, 7.0, 7.6> dist=30.7y
2026-08-13 19:12:41.008 -05:00 [INF] [BalambGarden] [Probe] furniture idx=263 id=66759 stain=0 pos=<-20.0, 11.4, 6.0> dist=15.2y
2026-08-13 19:12:41.008 -05:00 [INF] [BalambGarden] [Probe] furniture idx=264 id=66081 stain=0 pos=<-8.3, 4.0, 4.9> dist=4.8y
2026-08-13 19:12:41.008 -05:00 [INF] [BalambGarden] [Probe] furniture idx=265 id=66441 stain=0 pos=<-8.2, 4.0, 10.3> dist=8.4y
2026-08-13 19:12:41.008 -05:00 [INF] [BalambGarden] [Probe] furniture idx=266 id=66442 stain=0 pos=<-8.2, 5.0, 2.4> dist=5.5y
2026-08-13 19:12:41.008 -05:00 [INF] [BalambGarden] [Probe] furniture idx=267 id=66443 stain=0 pos=<-8.2, 1.2, 5.1> dist=3.1y
2026-08-13 19:12:41.008 -05:00 [INF] [BalambGarden] [Probe] furniture idx=268 id=66486 stain=0 pos=<-8.3, 3.2, 0.2> dist=4.9y
2026-08-13 19:12:41.008 -05:00 [INF] [BalambGarden] [Probe] furniture idx=269 id=66087 stain=0 pos=<-8.3, 5.4, 7.9> dist=7.4y
2026-08-13 19:12:41.008 -05:00 [INF] [BalambGarden] [Probe] furniture idx=270 id=66444 stain=0 pos=<-8.3, 1.3, 7.8> dist=5.2y
2026-08-13 19:12:41.008 -05:00 [INF] [BalambGarden] [Probe] furniture idx=271 id=66422 stain=0 pos=<-8.3, 5.4, 10.0> dist=8.9y
2026-08-13 19:12:41.008 -05:00 [INF] [BalambGarden] [Probe] furniture idx=272 id=66445 stain=0 pos=<-8.3, 4.0, 8.5> dist=6.9y
2026-08-13 19:12:41.008 -05:00 [INF] [BalambGarden] [Probe] furniture idx=273 id=66446 stain=0 pos=<-8.2, 2.6, 9.9> dist=7.4y
2026-08-13 19:12:41.008 -05:00 [INF] [BalambGarden] [Probe] furniture idx=274 id=66423 stain=0 pos=<-8.3, 5.0, -2.2> dist=7.7y
2026-08-13 19:12:41.008 -05:00 [INF] [BalambGarden] [Probe] furniture idx=275 id=66142 stain=0 pos=<-8.3, 4.8, 0.1> dist=6.1y
2026-08-13 19:12:41.008 -05:00 [INF] [BalambGarden] [Probe] furniture idx=276 id=66472 stain=0 pos=<-8.2, 1.2, 2.3> dist=2.6y
2026-08-13 19:12:41.008 -05:00 [INF] [BalambGarden] [Probe] furniture idx=277 id=66587 stain=0 pos=<-5.0, 0.0, -7.6> dist=12.1y
2026-08-13 19:12:41.008 -05:00 [INF] [BalambGarden] [Probe] furniture idx=278 id=66894 stain=0 pos=<14.2, -0.0, -7.6> dist=26.9y
2026-08-13 19:12:41.008 -05:00 [INF] [BalambGarden] [Probe] furniture idx=279 id=66887 stain=0 pos=<12.0, 3.4, -9.6> dist=26.0y
2026-08-13 19:12:41.008 -05:00 [INF] [BalambGarden] [Probe] furniture idx=280 id=66379 stain=0 pos=<-14.0, 0.1, -2.6> dist=6.9y
2026-08-13 19:12:41.008 -05:00 [INF] [BalambGarden] [Probe] furniture idx=281 id=66810 stain=0 pos=<8.3, 2.8, -2.2> dist=19.6y
2026-08-13 19:12:41.008 -05:00 [INF] [BalambGarden] [Probe] furniture idx=282 id=66811 stain=0 pos=<8.3, 2.8, 2.4> dist=18.8y
2026-08-13 19:12:41.008 -05:00 [INF] [BalambGarden] [Probe] furniture idx=283 id=66753 stain=0 pos=<-20.0, 10.2, 2.0> dist=14.1y
2026-08-13 19:12:41.008 -05:00 [INF] [BalambGarden] [Probe] furniture idx=284 id=66887 stain=0 pos=<16.0, 3.4, -9.6> dist=29.5y
2026-08-13 19:12:41.008 -05:00 [INF] [BalambGarden] [Probe] furniture idx=285 id=66718 stain=0 pos=<-20.0, 10.8, -9.8> dist=19.5y
2026-08-13 19:12:41.008 -05:00 [INF] [BalambGarden] [Probe] furniture idx=286 id=66257 stain=68 pos=<15.2, 7.0, 0.2> dist=26.7y
2026-08-13 19:12:41.008 -05:00 [INF] [BalambGarden] [Probe] furniture idx=287 id=66257 stain=68 pos=<17.0, 7.0, -3.1> dist=29.0y
2026-08-13 19:12:41.008 -05:00 [INF] [BalambGarden] [Probe] furniture idx=288 id=66257 stain=68 pos=<17.2, 7.0, 3.5> dist=28.4y
2026-08-13 19:12:41.008 -05:00 [INF] [BalambGarden] [Probe] furniture idx=289 id=66884 stain=0 pos=<15.0, 7.0, 2.4> dist=26.3y
2026-08-13 19:12:41.008 -05:00 [INF] [BalambGarden] [Probe] furniture idx=290 id=66139 stain=0 pos=<-11.1, 9.6, -2.0> dist=11.0y
2026-08-13 19:12:41.008 -05:00 [INF] [BalambGarden] [Probe] furniture idx=291 id=66884 stain=0 pos=<14.9, 7.0, -2.1> dist=26.8y
2026-08-13 19:12:41.008 -05:00 [INF] [BalambGarden] [Probe] furniture idx=292 id=66540 stain=0 pos=<20.0, 11.6, 2.2> dist=32.5y
2026-08-13 19:12:41.008 -05:00 [INF] [BalambGarden] [Probe] furniture idx=293 id=65840 stain=68 pos=<17.4, 7.0, 0.2> dist=28.8y
2026-08-13 19:12:41.008 -05:00 [INF] [BalambGarden] [Probe] furniture idx=294 id=66920 stain=0 pos=<6.0, 2.6, -12.0> dist=22.5y
2026-08-13 19:12:41.008 -05:00 [INF] [BalambGarden] [Probe] furniture idx=295 id=65549 stain=68 pos=<19.2, 7.0, 9.6> dist=31.0y
2026-08-13 19:12:41.008 -05:00 [INF] [BalambGarden] [Probe] furniture idx=296 id=66892 stain=0 pos=<18.8, 7.0, 11.0> dist=31.0y
2026-08-13 19:12:41.008 -05:00 [INF] [BalambGarden] [Probe] furniture idx=297 id=65549 stain=68 pos=<17.4, 7.0, 11.2> dist=29.7y
2026-08-13 19:12:41.008 -05:00 [INF] [BalambGarden] [Probe] furniture idx=298 id=66839 stain=0 pos=<18.6, 8.0, 4.1> dist=30.0y
2026-08-13 19:12:41.008 -05:00 [INF] [BalambGarden] [Probe] furniture idx=299 id=66839 stain=0 pos=<18.4, 8.0, -3.6> dist=30.6y
2026-08-13 19:12:41.008 -05:00 [INF] [BalambGarden] [Probe] furniture idx=300 id=66262 stain=0 pos=<19.2, 7.0, 11.4> dist=31.4y
2026-08-13 19:12:41.008 -05:00 [INF] [BalambGarden] [Probe] furniture idx=301 id=893 stain=0 pos=<16.0, 8.3, 3.3> dist=27.6y
2026-08-13 19:12:41.008 -05:00 [INF] [BalambGarden] [Probe] furniture idx=302 id=65784 stain=68 pos=<20.0, 9.0, -9.8> dist=34.3y
2026-08-13 19:12:41.008 -05:00 [INF] [BalambGarden] [Probe] furniture idx=303 id=65784 stain=68 pos=<20.0, 10.2, -9.8> dist=34.6y
2026-08-13 19:12:41.008 -05:00 [INF] [BalambGarden] [Probe] furniture idx=304 id=65784 stain=68 pos=<20.0, 11.4, -9.8> dist=35.0y
2026-08-13 19:12:41.008 -05:00 [INF] [BalambGarden] [Probe] furniture idx=305 id=65784 stain=68 pos=<17.8, 9.0, -12.0> dist=33.3y
2026-08-13 19:12:41.008 -05:00 [INF] [BalambGarden] [Probe] furniture idx=306 id=65784 stain=68 pos=<17.8, 10.2, -12.0> dist=33.6y
2026-08-13 19:12:41.008 -05:00 [INF] [BalambGarden] [Probe] furniture idx=307 id=65784 stain=68 pos=<17.8, 11.4, -12.0> dist=34.0y
2026-08-13 19:12:41.008 -05:00 [INF] [BalambGarden] [Probe] furniture idx=308 id=66833 stain=0 pos=<13.2, 7.0, 0.0> dist=24.8y
2026-08-13 19:12:41.008 -05:00 [INF] [BalambGarden] [Probe] furniture idx=309 id=66792 stain=0 pos=<20.0, 10.0, -4.6> dist=32.9y
2026-08-13 19:12:41.008 -05:00 [INF] [BalambGarden] [Probe] furniture idx=310 id=66792 stain=0 pos=<20.0, 10.0, 4.6> dist=32.0y
2026-08-13 19:12:41.008 -05:00 [INF] [BalambGarden] [Probe] furniture idx=311 id=65684 stain=0 pos=<14.9, 7.0, -0.7> dist=26.5y
2026-08-13 19:12:41.008 -05:00 [INF] [BalambGarden] [Probe] furniture idx=312 id=65684 stain=0 pos=<14.9, 7.0, 1.1> dist=26.3y
2026-08-13 19:12:41.008 -05:00 [INF] [BalambGarden] [Probe] furniture idx=313 id=65684 stain=0 pos=<17.8, 7.0, -4.0> dist=29.9y
2026-08-13 19:12:41.008 -05:00 [INF] [BalambGarden] [Probe] furniture idx=314 id=65684 stain=0 pos=<16.2, 7.0, -3.1> dist=28.2y
2026-08-13 19:12:41.008 -05:00 [INF] [BalambGarden] [Probe] furniture idx=315 id=65684 stain=0 pos=<16.2, 7.0, 3.4> dist=27.5y
2026-08-13 19:12:41.008 -05:00 [INF] [BalambGarden] [Probe] furniture idx=316 id=65684 stain=0 pos=<17.8, 7.0, 4.3> dist=29.1y
2026-08-13 19:12:41.008 -05:00 [INF] [BalambGarden] [Probe] furniture idx=317 id=66887 stain=0 pos=<20.0, 11.0, 6.0> dist=32.4y
2026-08-13 19:12:41.008 -05:00 [INF] [BalambGarden] [Probe] furniture idx=318 id=66887 stain=0 pos=<20.0, 11.0, -6.0> dist=33.6y
2026-08-13 19:12:41.008 -05:00 [INF] [BalambGarden] [Probe] furniture idx=319 id=66887 stain=0 pos=<14.0, 11.0, 12.0> dist=28.1y
2026-08-13 19:12:41.008 -05:00 [INF] [BalambGarden] [Probe] furniture idx=320 id=66894 stain=0 pos=<14.8, 7.0, 8.0> dist=26.5y
2026-08-13 19:12:41.008 -05:00 [INF] [BalambGarden] [Probe] furniture idx=321 id=66892 stain=0 pos=<19.2, 7.0, -11.2> dist=33.6y
2026-08-13 19:12:41.008 -05:00 [INF] [BalambGarden] [Probe] furniture idx=322 id=66892 stain=0 pos=<10.8, 7.0, 11.2> dist=23.7y
2026-08-13 19:12:41.008 -05:00 [INF] [BalambGarden] [Probe] furniture idx=323 id=66892 stain=0 pos=<10.8, 7.0, -11.4> dist=26.7y
2026-08-13 19:12:41.008 -05:00 [INF] [BalambGarden] [Probe] furniture idx=324 id=66007 stain=0 pos=<17.8, 8.0, -3.4> dist=30.0y
2026-08-13 19:12:41.008 -05:00 [INF] [BalambGarden] [Probe] furniture idx=325 id=66471 stain=0 pos=<17.0, 8.0, -3.0> dist=29.2y
2026-08-13 19:12:41.008 -05:00 [INF] [BalambGarden] [Probe] furniture idx=326 id=66531 stain=0 pos=<14.8, 8.3, 1.4> dist=26.5y
2026-08-13 19:12:41.008 -05:00 [INF] [BalambGarden] [Probe] furniture idx=327 id=66465 stain=0 pos=<15.4, 8.0, -0.2> dist=27.2y
2026-08-13 19:12:41.008 -05:00 [INF] [BalambGarden] [Probe] furniture idx=328 id=132001 stain=0 pos=<15.4, 8.0, 0.4> dist=27.1y
2026-08-13 19:12:41.008 -05:00 [INF] [BalambGarden] [Probe] furniture idx=329 id=66258 stain=68 pos=<17.4, 7.0, -4.8> dist=29.7y
2026-08-13 19:12:41.008 -05:00 [INF] [BalambGarden] [Probe] furniture idx=330 id=66258 stain=68 pos=<16.0, 7.0, -4.0> dist=28.2y
2026-08-13 19:12:41.008 -05:00 [INF] [BalambGarden] [Probe] furniture idx=331 id=66258 stain=68 pos=<14.0, 7.0, -0.6> dist=25.6y
2026-08-13 19:12:41.008 -05:00 [INF] [BalambGarden] [Probe] furniture idx=332 id=66258 stain=68 pos=<14.0, 7.0, 1.2> dist=25.4y
2026-08-13 19:12:41.008 -05:00 [INF] [BalambGarden] [Probe] furniture idx=333 id=66258 stain=68 pos=<15.8, 7.0, 4.2> dist=27.1y
2026-08-13 19:12:41.008 -05:00 [INF] [BalambGarden] [Probe] furniture idx=334 id=66258 stain=68 pos=<17.0, 7.0, 5.0> dist=28.3y
2026-08-13 19:12:41.008 -05:00 [INF] [BalambGarden] [Probe] furniture idx=335 id=65643 stain=0 pos=<17.8, 9.0, -11.6> dist=33.1y
2026-08-13 19:12:41.008 -05:00 [INF] [BalambGarden] [Probe] furniture idx=336 id=65846 stain=0 pos=<19.6, 9.0, -9.8> dist=33.9y
2026-08-13 19:12:41.008 -05:00 [INF] [BalambGarden] [Probe] furniture idx=337 id=67248 stain=0 pos=<-8.2, 2.6, 7.6> dist=5.5y
2026-08-13 19:12:41.008 -05:00 [INF] [BalambGarden] [Probe] furniture idx=338 id=66643 stain=0 pos=<19.6, 10.2, -9.8> dist=34.2y
2026-08-13 19:12:41.008 -05:00 [INF] [BalambGarden] [Probe] furniture idx=339 id=131616 stain=0 pos=<19.6, 11.4, -9.6> dist=34.5y
2026-08-13 19:12:41.008 -05:00 [INF] [BalambGarden] [Probe] furniture idx=340 id=66609 stain=0 pos=<17.8, 11.4, -11.6> dist=33.8y
2026-08-13 19:12:41.008 -05:00 [INF] [BalambGarden] [Probe] furniture idx=341 id=66892 stain=0 pos=<10.0, 8.2, -1.8> dist=22.5y
2026-08-13 19:12:41.008 -05:00 [INF] [BalambGarden] [Probe] furniture idx=342 id=66892 stain=0 pos=<10.0, 8.2, 1.8> dist=22.0y
2026-08-13 19:12:41.008 -05:00 [INF] [BalambGarden] [Probe] furniture idx=343 id=66174 stain=0 pos=<-8.3, 1.4, 0.2> dist=4.0y
2026-08-13 19:12:41.008 -05:00 [INF] [BalambGarden] [Probe] furniture idx=344 id=66703 stain=0 pos=<17.8, 10.2, 12.0> dist=31.2y
2026-08-13 19:12:41.008 -05:00 [INF] [BalambGarden] [Probe] furniture idx=345 id=787807 stain=0 pos=<17.8, 7.0, 1.0> dist=29.1y
2026-08-13 19:12:41.008 -05:00 [INF] [BalambGarden] [Probe] furniture idx=346 id=853341 stain=0 pos=<14.4, 7.0, -9.6> dist=28.8y
2026-08-13 19:12:41.008 -05:00 [INF] [BalambGarden] [Probe] furniture idx=347 id=853340 stain=0 pos=<-10.5, -0.0, 10.2> dist=6.9y
2026-08-13 19:12:41.008 -05:00 [INF] [BalambGarden] [Probe] furniture idx=348 id=66787 stain=0 pos=<-20.0, 11.0, -0.8> dist=15.2y
2026-08-13 19:12:41.008 -05:00 [INF] [BalambGarden] [Probe] furniture idx=349 id=66776 stain=0 pos=<-13.8, 12.1, -4.4> dist=14.7y
2026-08-13 19:12:41.008 -05:00 [INF] [BalambGarden] [Probe] furniture idx=350 id=66757 stain=91 pos=<19.0, 0.0, -6.0> dist=30.8y
2026-08-13 19:12:41.008 -05:00 [INF] [BalambGarden] [Probe] furniture idx=351 id=66757 stain=91 pos=<9.0, 0.0, -6.0> dist=21.5y
2026-08-13 19:12:41.008 -05:00 [INF] [BalambGarden] [Probe] furniture idx=352 id=66731 stain=59 pos=<-14.2, 7.0, -6.0> dist=12.2y
2026-08-13 19:12:41.008 -05:00 [INF] [BalambGarden] [Probe] furniture idx=353 id=66759 stain=0 pos=<-20.0, 11.2, -6.0> dist=17.4y
2026-08-13 19:12:41.008 -05:00 [INF] [BalambGarden] [Probe] furniture idx=354 id=65596 stain=0 pos=<-18.0, 11.6, -4.1> dist=15.7y
2026-08-13 19:12:41.008 -05:00 [INF] [BalambGarden] [Probe] furniture idx=355 id=131186 stain=0 pos=<-19.2, 7.0, -2.8> dist=12.8y
2026-08-13 19:12:41.008 -05:00 [INF] [BalambGarden] [Probe] furniture idx=356 id=65629 stain=0 pos=<-14.1, 8.1, -6.8> dist=13.5y
2026-08-13 19:12:41.008 -05:00 [INF] [BalambGarden] [Probe] furniture idx=357 id=66023 stain=0 pos=<-18.0, 7.0, -4.1> dist=12.7y
2026-08-13 19:12:41.008 -05:00 [INF] [BalambGarden] [Probe] furniture idx=358 id=65928 stain=0 pos=<-14.2, 9.9, -9.2> dist=16.4y
2026-08-13 19:12:41.008 -05:00 [INF] [BalambGarden] [Probe] furniture idx=359 id=65923 stain=0 pos=<-19.2, 7.0, -5.8> dist=14.5y
2026-08-13 19:12:41.008 -05:00 [INF] [BalambGarden] [Probe] furniture idx=360 id=66324 stain=0 pos=<-14.4, 8.1, -9.2> dist=15.4y
2026-08-13 19:12:41.008 -05:00 [INF] [BalambGarden] [Probe] furniture idx=361 id=66499 stain=0 pos=<13.8, 7.0, -11.2> dist=29.0y
2026-08-13 19:12:41.008 -05:00 [INF] [BalambGarden] [Probe] furniture idx=362 id=66408 stain=59 pos=<-17.8, 0.0, -3.4> dist=10.0y
2026-08-13 19:12:41.008 -05:00 [INF] [BalambGarden] [Probe] furniture idx=363 id=66408 stain=59 pos=<-13.9, 0.0, -3.4> dist=7.5y
2026-08-13 19:12:41.008 -05:00 [INF] [BalambGarden] [Probe] furniture idx=364 id=66400 stain=59 pos=<-10.0, 0.0, -3.4> dist=6.6y
2026-08-13 19:12:41.008 -05:00 [INF] [BalambGarden] [Probe] furniture idx=365 id=67038 stain=0 pos=<-9.1, 0.0, 8.6> dist=5.4y
2026-08-13 19:12:41.008 -05:00 [INF] [BalambGarden] [Probe] furniture idx=366 id=66954 stain=0 pos=<-16.6, 4.0, -3.1> dist=9.8y
2026-08-13 19:12:41.008 -05:00 [INF] [BalambGarden] [Probe] furniture idx=367 id=66914 stain=0 pos=<-14.2, 7.0, -3.8> dist=10.7y
2026-08-13 19:12:41.008 -05:00 [INF] [BalambGarden] [Probe] furniture idx=368 id=66870 stain=0 pos=<-13.0, 9.4, -12.0> dist=18.1y
2026-08-13 19:12:41.008 -05:00 [INF] [BalambGarden] [Probe] furniture idx=369 id=66919 stain=0 pos=<14.0, 9.8, -12.0> dist=30.4y
2026-08-13 19:12:41.008 -05:00 [INF] [BalambGarden] [Probe] furniture idx=370 id=1220 stain=0 pos=<14.8, 8.3, 0.8> dist=26.6y
2026-08-13 19:12:41.008 -05:00 [INF] [BalambGarden] [Probe] furniture idx=371 id=66629 stain=0 pos=<-18.8, 7.0, 4.4> dist=11.0y
2026-08-13 19:12:41.008 -05:00 [INF] [BalambGarden] [Probe] furniture idx=372 id=66629 stain=0 pos=<-17.6, 7.0, 4.4> dist=10.1y
2026-08-13 19:12:41.008 -05:00 [INF] [BalambGarden] [Probe] furniture idx=373 id=66629 stain=0 pos=<-11.8, 7.0, 4.4> dist=7.2y
2026-08-13 19:12:41.008 -05:00 [INF] [BalambGarden] [Probe] furniture idx=374 id=66629 stain=0 pos=<-12.8, 7.0, 4.4> dist=7.5y
2026-08-13 19:12:41.008 -05:00 [INF] [BalambGarden] [Probe] furniture idx=375 id=66775 stain=0 pos=<-14.0, 3.2, -12.0> dist=16.0y
2026-08-13 19:12:41.008 -05:00 [INF] [BalambGarden] [Probe] furniture idx=376 id=66360 stain=0 pos=<-17.6, 0.0, 10.4> dist=10.2y
2026-08-13 19:12:41.008 -05:00 [INF] [BalambGarden] [Probe] furniture idx=377 id=66360 stain=0 pos=<-18.0, 0.0, 5.8> dist=8.1y
2026-08-13 19:12:41.008 -05:00 [INF] [BalambGarden] [Probe] furniture idx=378 id=66751 stain=0 pos=<-20.0, 2.8, -1.7> dist=11.2y
2026-08-13 19:12:41.008 -05:00 [INF] [BalambGarden] [Probe] furniture idx=379 id=66407 stain=0 pos=<20.0, 9.8, 9.8> dist=32.6y
2026-08-13 19:12:41.008 -05:00 [INF] [BalambGarden] [Probe] furniture idx=380 id=67102 stain=0 pos=<-13.0, 4.1, -3.1> dist=8.1y
2026-08-13 19:12:41.008 -05:00 [INF] [BalambGarden] [Probe] furniture idx=381 id=66923 stain=0 pos=<-8.3, 3.6, -3.0> dist=7.5y
2026-08-13 19:12:41.008 -05:00 [INF] [BalambGarden] [Probe] furniture idx=382 id=66991 stain=0 pos=<-12.6, 7.0, 2.2> dist=7.4y
2026-08-13 19:12:41.008 -05:00 [INF] [BalambGarden] [Probe] furniture idx=383 id=66942 stain=71 pos=<-19.0, 0.0, -1.8> dist=10.0y
2026-08-13 19:12:41.008 -05:00 [INF] [BalambGarden] [Probe] furniture idx=384 id=66751 stain=0 pos=<-20.0, 3.0, 9.6> dist=11.9y
2026-08-13 19:12:41.008 -05:00 [INF] [BalambGarden] [Probe] furniture idx=385 id=66787 stain=0 pos=<-20.0, 10.9, -2.2> dist=15.5y
2026-08-13 19:12:41.008 -05:00 [INF] [BalambGarden] [Probe] furniture idx=386 id=66984 stain=0 pos=<-13.2, 11.2, -12.0> dist=19.1y
2026-08-13 19:12:41.008 -05:00 [INF] [BalambGarden] [Probe] furniture idx=387 id=66787 stain=0 pos=<-20.0, 11.0, 1.0> dist=14.8y
2026-08-13 19:12:41.008 -05:00 [INF] [BalambGarden] [Probe] furniture idx=388 id=67103 stain=0 pos=<-8.3, 1.0, -1.8> dist=5.6y
2026-08-13 19:12:41.008 -05:00 [INF] [BalambGarden] [Probe] furniture idx=389 id=67164 stain=0 pos=<-8.2, 3.2, -9.4> dist=13.2y
2026-08-13 19:12:41.008 -05:00 [INF] [BalambGarden] [Probe] furniture idx=390 id=67040 stain=0 pos=<-8.8, 0.0, 9.9> dist=6.8y
2026-08-13 19:12:41.008 -05:00 [INF] [BalambGarden] [Probe] furniture idx=391 id=67106 stain=0 pos=<15.4, 8.0, -1.2> dist=27.3y
2026-08-13 19:12:41.008 -05:00 [INF] [BalambGarden] [Probe] furniture idx=392 id=66787 stain=0 pos=<-20.0, 11.1, 2.5> dist=14.7y
2026-08-13 19:12:41.008 -05:00 [INF] [BalambGarden] [Probe] furniture idx=393 id=66955 stain=0 pos=<-7.8, 4.8, 2.5> dist=5.6y
2026-08-13 19:12:41.008 -05:00 [INF] [BalambGarden] [Probe] furniture idx=394 id=66955 stain=0 pos=<-17.3, 11.1, -12.0> dist=20.1y
2026-08-13 19:12:41.008 -05:00 [INF] [BalambGarden] [Probe] furniture idx=395 id=67208 stain=0 pos=<15.4, 8.0, -1.6> dist=27.4y
2026-08-13 19:12:41.008 -05:00 [INF] [BalambGarden] [Probe] furniture idx=396 id=67230 stain=0 pos=<-0.0, 3.5, -9.9> dist=17.1y
2026-08-13 19:12:41.008 -05:00 [INF] [BalambGarden] [Probe] furniture idx=397 id=66955 stain=0 pos=<-20.0, 4.1, -9.5> dist=16.5y
2026-08-13 19:12:41.008 -05:00 [INF] [BalambGarden] [Probe] furniture idx=398 id=67026 stain=0 pos=<18.5, -0.0, 10.3> dist=29.7y
2026-08-13 19:12:41.008 -05:00 [INF] [BalambGarden] [Probe] furniture idx=399 id=67210 stain=0 pos=<15.4, 8.0, -1.4> dist=27.4y
2026-08-13 19:12:41.008 -05:00 [INF] [BalambGarden] [Probe] furniture idx=400 id=67256 stain=0 pos=<0.1, 0.1, 9.6> dist=12.2y
2026-08-13 19:12:41.008 -05:00 [INF] [BalambGarden] [Probe] furniture idx=401 id=66913 stain=0 pos=<-17.9, 7.0, -2.8> dist=12.0y
2026-08-13 19:12:41.008 -05:00 [INF] [BalambGarden] [Probe] furniture idx=402 id=66873 stain=0 pos=<-18.4, 7.0, -2.3> dist=12.0y
2026-08-13 19:12:41.008 -05:00 [INF] [BalambGarden] [Probe] furniture idx=403 id=66162 stain=0 pos=<-13.0, 7.0, 3.4> dist=7.5y
2026-08-13 19:12:41.008 -05:00 [INF] [BalambGarden] [Probe] furniture idx=404 id=66807 stain=0 pos=<18.9, 0.0, -3.1> dist=30.0y
2026-08-13 19:12:41.008 -05:00 [INF] [BalambGarden] [Probe] furniture idx=405 id=67268 stain=0 pos=<-13.0, 2.8, -3.1> dist=7.5y
2026-08-13 19:12:41.008 -05:00 [INF] [BalambGarden] [Probe] furniture idx=406 id=67266 stain=0 pos=<-13.1, 1.5, -3.1> dist=7.1y
2026-08-13 19:12:41.008 -05:00 [INF] [BalambGarden] [Probe] furniture idx=407 id=67267 stain=0 pos=<-19.1, 0.1, 0.1> dist=9.3y
2026-08-13 19:12:41.008 -05:00 [INF] [BalambGarden] [Probe] furniture idx=408 id=67303 stain=0 pos=<17.2, 10.2, -11.6> dist=32.9y
2026-08-13 19:12:41.008 -05:00 [INF] [BalambGarden] [Probe] furniture idx=409 id=67304 stain=0 pos=<18.4, 10.2, -11.6> dist=33.9y
2026-08-13 19:12:41.008 -05:00 [INF] [BalambGarden] [Probe] furniture within 45y: 410
2026-08-13 19:12:41.008 -05:00 [INF] [BalambGarden] [Probe] datamap key=2 bytes: 02 00 03 00 00 00 06 00 03 00 00 00 55 00 03 00 00 00 00 00 00 00 00 00 00 00 00 00 00 7F 00 00 00 00 00 01 00 00 00 00 00 44 00 00 00 00 00 00 
2026-08-13 19:12:41.009 -05:00 [INF] [BalambGarden] [Probe] key=2 decoded (3/8 occupied):
2026-08-13 19:12:41.009 -05:00 [INF] [BalambGarden] [Probe] datamap key=117 bytes: 6B 00 04 01 00 00 00 00 00 00 00 00 00 00 00 00 00 00 00 00 00 00 00 00 00 00 00 00 00 7F 00 00 00 00 00 01 00 00 00 00 00 44 00 00 00 00 00 00 
2026-08-13 19:12:41.009 -05:00 [INF] [BalambGarden] [Probe] key=117 decoded (1/8 occupied):
2026-08-13 19:12:41.009 -05:00 [INF] [BalambGarden] [Probe] datamap key=118 bytes: 6B 00 04 01 00 00 00 00 00 00 00 00 00 00 00 00 00 00 00 00 00 00 00 00 00 00 00 00 00 7F 00 00 00 00 00 01 00 00 00 00 00 44 00 00 00 00 00 00 
2026-08-13 19:12:41.009 -05:00 [INF] [BalambGarden] [Probe] key=118 decoded (1/8 occupied):
2026-08-13 19:12:41.009 -05:00 [INF] [BalambGarden] [Probe] datamap key=126 bytes: 66 00 14 00 02 00 00 00 00 00 00 00 00 00 00 00 00 00 00 00 00 00 00 00 00 00 00 00 00 7F 00 00 00 00 00 01 00 00 00 00 00 44 00 00 00 00 00 00 
2026-08-13 19:12:41.009 -05:00 [INF] [BalambGarden] [Probe] key=126 decoded (1/8 occupied):
2026-08-13 19:12:41.009 -05:00 [INF] [BalambGarden] [Probe] datamap key=127 bytes: 66 00 14 00 02 00 00 00 00 00 00 00 00 00 00 00 00 00 00 00 00 00 00 00 00 00 00 00 00 7F 00 00 00 00 00 01 00 00 00 00 00 44 00 00 00 00 00 00 
2026-08-13 19:12:41.009 -05:00 [INF] [BalambGarden] [Probe] key=127 decoded (1/8 occupied):
2026-08-13 19:12:41.009 -05:00 [INF] [BalambGarden] [Probe] datamap key=128 bytes: 64 00 14 00 02 00 00 00 00 00 00 00 00 00 00 00 00 00 00 00 00 00 00 00 00 00 00 00 00 7F 00 00 00 00 00 01 00 00 00 00 00 44 00 00 00 00 00 00 
2026-08-13 19:12:41.009 -05:00 [INF] [BalambGarden] [Probe] key=128 decoded (1/8 occupied):
2026-08-13 19:12:41.009 -05:00 [INF] [BalambGarden] [Probe] datamap key=129 bytes: 67 00 01 00 00 00 00 00 00 00 00 00 00 00 00 00 00 00 00 00 00 00 00 00 00 00 00 00 00 7F 00 00 00 00 00 01 00 00 00 00 00 44 00 00 00 00 00 00 
2026-08-13 19:12:41.009 -05:00 [INF] [BalambGarden] [Probe] key=129 decoded (1/8 occupied):
2026-08-13 19:12:41.009 -05:00 [INF] [BalambGarden] [Probe] datamap key=162 bytes: 55 01 00 00 00 00 00 00 00 00 00 00 00 00 00 00 00 00 00 00 00 00 00 00 00 00 00 00 00 7F 00 00 00 00 00 01 00 00 00 00 00 44 00 00 00 00 00 00 
2026-08-13 19:12:41.009 -05:00 [INF] [BalambGarden] [Probe] key=162 decoded (1/8 occupied):
2026-08-13 19:12:41.009 -05:00 [INF] [BalambGarden] [Probe] datamap key=163 bytes: C1 00 00 00 00 00 00 00 00 00 00 00 00 00 00 00 00 00 00 00 00 00 00 00 00 00 00 00 00 7F 00 00 00 00 00 01 00 00 00 00 00 44 00 00 00 00 00 00 
2026-08-13 19:12:41.009 -05:00 [INF] [BalambGarden] [Probe] key=163 decoded (1/8 occupied):
2026-08-13 19:12:41.009 -05:00 [INF] [BalambGarden] [Probe] datamap key=164 bytes: 6D 01 00 00 00 00 00 00 00 00 00 00 00 00 00 00 00 00 00 00 00 00 00 00 00 00 00 00 00 7F 00 00 00 00 00 01 00 00 00 00 00 44 00 00 00 00 00 00 
2026-08-13 19:12:41.009 -05:00 [INF] [BalambGarden] [Probe] key=164 decoded (1/8 occupied):
2026-08-13 19:12:41.009 -05:00 [INF] [BalambGarden] [Probe] datamap key=165 bytes: 02 00 03 00 00 00 03 00 03 00 00 00 5C 01 01 00 00 00 5C 01 01 00 00 00 5C 01 01 00 00 7F 00 00 00 00 00 01 00 00 00 00 00 44 00 00 00 00 00 00 
2026-08-13 19:12:41.009 -05:00 [INF] [BalambGarden] [Probe] key=165 decoded (5/8 occupied):
2026-08-13 19:12:41.009 -05:00 [INF] [BalambGarden] [Probe] datamap key=166 bytes: 02 00 03 00 00 00 03 00 03 00 00 00 5C 01 01 00 00 00 5C 01 01 00 00 00 5C 01 01 00 00 7F 00 00 00 00 00 01 00 00 00 00 00 44 00 00 00 00 00 00 
2026-08-13 19:12:41.009 -05:00 [INF] [BalambGarden] [Probe] key=166 decoded (5/8 occupied):
2026-08-13 19:12:41.009 -05:00 [INF] [BalambGarden] [Probe] datamap key=194 bytes: 6B 00 04 08 00 00 00 00 00 00 00 00 00 00 00 00 00 00 00 00 00 00 00 00 00 00 00 00 00 7F 00 00 00 00 00 01 00 00 00 00 00 44 00 00 00 00 00 00 
2026-08-13 19:12:41.009 -05:00 [INF] [BalambGarden] [Probe] key=194 decoded (1/8 occupied):
2026-08-13 19:12:41.009 -05:00 [INF] [BalambGarden] [Probe] datamap key=195 bytes: 6C 00 04 08 00 00 00 00 00 00 00 00 00 00 00 00 00 00 00 00 00 00 00 00 00 00 00 00 00 7F 00 00 00 00 00 01 00 00 00 00 00 44 00 00 00 00 00 00 
2026-08-13 19:12:41.009 -05:00 [INF] [BalambGarden] [Probe] key=195 decoded (1/8 occupied):
2026-08-13 19:12:41.009 -05:00 [INF] [BalambGarden] [Probe] datamap entries logged: 14
